Checking git_branch...
chapter01-kinetic-energy-nonneg
Checking git_head...
0ef799fb352a6a7825b1097fa63f3f50ee5a9304
Checking git_status...
 M AGENTS.md
 M ASSUMPTIONS.md
 M FORMALIZATION_MAP.md
 M FORMALIZATION_PLAN.md
 M MolecularDynamicsFormalization.lean
 M STATUS.md
 M Scratch.lean
 M docs/NOTATION_INVENTORY.csv
 M docs/WHOLE_BOOK_ROADMAP.zh-CN.md
 M docs/audits/2026-10-01-initial/CLAIM_LEDGER.csv
 M docs/handoff/CURRENT_STATE.zh-CN.md
 M docs/handoff/PROGRESS_OVERVIEW.zh-CN.md
 M docs/handoff/RESUME_PROMPT.zh-CN.md
 M docs/handoff/WORK_LOG.zh-CN.md
 M docs/tasks/T3_implementation/continuation-20261003/CONTINUATION_STATUS.json
 M docs/tasks/T3_implementation/continuation-20261003/MATHCOPILOT_STATUS.json
 M scripts/CheckAxioms.lean
?? MolecularDynamics/Chapter06/BrownianGibbsBounds.lean
?? docs/CHAPTER01_TASK_OVERVIEW.zh-CN.md
?? docs/CORE_SCOPE.zh-CN.md
?? docs/handoff/T2_HEARTBEAT_STATUS.json
?? docs/handoff/THREAD_HANDOFF_20261005.json
?? docs/reviews/2026-10-02-T1-T2/
?? docs/reviews/2026-10-03-T2-T5-proofs/SENT_REQUEST.png
?? docs/reviews/2026-10-04-T2-T5-local/
?? docs/reviews/2026-10-06-BrownianGibbsBounds/
?? docs/tasks/LOCAL_LONG_RUN_20261004/
?? docs/tasks/T1_mathcopilot_return_git/
?? docs/tasks/T2_API_CHECK.zh-CN.md
?? docs/tasks/T2_INPUTS_AND_ACCEPTANCE.zh-CN.md
?? docs/tasks/T2_MATHCOPILOT_PROMPT.zh-CN.md
?? docs/tasks/T2_SPEC.zh-CN.md
?? docs/tasks/T2_START_PROMPT.zh-CN.md
?? docs/tasks/T2_mathcopilot_statement_return/
?? docs/tasks/T3_API_CHECK.zh-CN.md
?? docs/tasks/T3_INPUTS_AND_ACCEPTANCE.zh-CN.md
?? docs/tasks/T3_MATHCOPILOT_PROMPT.zh-CN.md
?? docs/tasks/T3_SPEC.zh-CN.md
?? docs/tasks/T3_implementation/continuation-20261003/MATHCOPILOT_STOPPED_TASK_CONTEXT.txt
?? docs/tasks/T4_continuation_20261003/
?? docs/tasks/T5_API_CHECK.zh-CN.md
?? docs/tasks/T5_INPUTS_AND_ACCEPTANCE.zh-CN.md
?? docs/tasks/T5_MATHCOPILOT_PROMPT.zh-CN.md
?? docs/tasks/T5_SPEC.zh-CN.md
?? docs/verification/2026-10-03-T2-L0/
?? docs/verification/2026-10-03-T4-fifth-batch/REMOTE_CI_RESULT.json
?? docs/verification/2026-10-05-BrownianDirichlet/ApiProbe.lean
?? docs/verification/2026-10-05-CanonicalIntegrationByParts/ApiProbe.lean
?? docs/verification/2026-10-05-CanonicalTemperature/ApiProbe.lean
?? docs/verification/2026-10-05-LangevinCompletedHistory/ApiProbe.lean
?? docs/verification/2026-10-05-LangevinCompletedMarkov/ApiProbe.lean
?? docs/verification/2026-10-05-LangevinFiltration/ApiProbe.lean
?? docs/verification/2026-10-05-StationaryDensityFlow/HaarApiProbe.lean
?? docs/verification/2026-10-06-BrownianClosedOperator/ApiProbe.lean
?? docs/verification/2026-10-06-BrownianGibbsBounds/
?? docs/verification/2026-10-06-BrownianHilbertCore/ApiProbe.lean
?? docs/verification/2026-10-06-BrownianSmoothDomain/ApiProbe.lean
?? docs/verification/2026-10-06-BrownianTorusGibbs/ApiProbe.lean
Checking lake_version...
Lake version 5.0.0-src+293d5d0 (Lean version 4.34.0)
Checking lean_version...
Lean (version 4.34.0, x86_64-w64-windows-gnu, commit 293d5d0c0c3f3dded4688b3ccd6a33939ac5102b, Release)
Checking mathlib_revision...
5ed2965256430c3649e86755f9576b54eca72435
Checking mathlib_status...
Checking lake_build...
ℹ [8988/9069] Replayed MolecularDynamics.Chapter06.LangevinCausalFlow
info: MolecularDynamics/Chapter06/LangevinCausalFlow.lean:179:2: Try this:
  [apply] abel_nf
ℹ [9052/9069] Replayed MolecularDynamics.Chapter01.TorusDensity
info: MolecularDynamics/Chapter01/TorusDensity.lean:25:21: Try this:
  [apply] abel_nf
info: MolecularDynamics/Chapter01/TorusDensity.lean:68:21: Try this:
  [apply] abel_nf
✔ [9067/9069] Built MolecularDynamics.Chapter06.BrownianGibbsBounds (10s)
✔ [9068/9069] Built MolecularDynamicsFormalization (16s)
Build completed successfully (9069 jobs).
Checking scratch...
MolecularDynamics.Position (n : ℕ) : Type
MolecularDynamics.SeparableEnergy.hamiltonian {n : ℕ} (energy : MolecularDynamics.SeparableEnergy n) :
  MolecularDynamics.Hamiltonian n
MolecularDynamics.massHamiltonian {n : ℕ} (m : MolecularDynamics.CoordinateMasses n)
  (U : MolecularDynamics.PotentialEnergy n) : MolecularDynamics.Hamiltonian n
MolecularDynamics.hamiltonianVectorField {n : ℕ} (m : MolecularDynamics.CoordinateMasses n)
  (U : MolecularDynamics.PotentialEnergy n) (z : MolecularDynamics.PhaseSpace n) : MolecularDynamics.PhaseSpace n
MolecularDynamics.mechanical_energy_const_on_Ioo {n : ℕ} (m : MolecularDynamics.CoordinateMasses n)
  (F : MolecularDynamics.Force n) (U : MolecularDynamics.PotentialEnergy n) (Q : Set (MolecularDynamics.Position n))
  (a b : ℝ) (γ : ℝ → MolecularDynamics.PhaseSpace n) (hm : ∀ (i : Fin n), 0 < m i)
  (hγ : MolecularDynamics.IsMechanicalSolutionOn m F Q (Set.Ioo a b) γ) (hU : ∀ q ∈ Q, DifferentiableAt ℝ U q)
  (hF : ∀ q ∈ Q, F q = -gradient U q) (s t : ℝ) (hs : s ∈ Set.Ioo a b) (ht : t ∈ Set.Ioo a b) :
  MolecularDynamics.massHamiltonian m U (γ s) = MolecularDynamics.massHamiltonian m U (γ t)
MolecularDynamics.exists_localMechanicalIVP_open_of_force_contDiffAt {n : ℕ} (m : MolecularDynamics.CoordinateMasses n)
  (F : MolecularDynamics.Force n) (Q : Set (MolecularDynamics.Position n)) (hQ : IsOpen Q) (t₀ : ℝ)
  (z₀ : MolecularDynamics.PhaseSpace n) (hz₀ : z₀.1 ∈ Q) (hF : ContDiffAt ℝ 1 F z₀.1) :
  ∃ ε γ, MolecularDynamics.IsLocalMechanicalIVP m F Q t₀ z₀ ε γ
MolecularDynamics.mechanicalSolution_eventually_unique_of_contDiffAt {n : ℕ} (m : MolecularDynamics.CoordinateMasses n)
  (F : MolecularDynamics.Force n) (Q : Set (MolecularDynamics.Position n)) (I : Set ℝ) (t₀ : ℝ)
  (γ η : ℝ → MolecularDynamics.PhaseSpace n) (z₀ : MolecularDynamics.PhaseSpace n) (hI : IsOpen I) (ht₀ : t₀ ∈ I)
  (hγ : MolecularDynamics.IsMechanicalSolutionOn m F Q I γ) (hη : MolecularDynamics.IsMechanicalSolutionOn m F Q I η)
  (hinitγ : γ t₀ = z₀) (hinitη : η t₀ = z₀) (hfield : ContDiffAt ℝ 1 (MolecularDynamics.mechanicalVectorField m F) z₀) :
  γ =ᶠ[nhds t₀] η
MolecularDynamics.totalMomentumCoordinate_const_on_Ioo {N d : ℕ} (m : MolecularDynamics.CoordinateMasses (N * d))
  (F : MolecularDynamics.Force (N * d)) (Q : Set (MolecularDynamics.Position (N * d))) (a b : ℝ)
  (γ : ℝ → MolecularDynamics.PhaseSpace (N * d)) (hγ : MolecularDynamics.IsMechanicalSolutionOn m F Q (Set.Ioo a b) γ)
  (hFsum : ∀ q ∈ Q, ∀ (c : Fin d), ∑ i, (F q).ofLp ((MolecularDynamics.particleCoordinateEquiv N d) (i, c)) = 0)
  (c : Fin d) (s t : ℝ) (hs : s ∈ Set.Ioo a b) (ht : t ∈ Set.Ioo a b) :
  MolecularDynamics.totalMomentumCoordinate (γ s).2 c = MolecularDynamics.totalMomentumCoordinate (γ t).2 c
MolecularDynamics.uniformPairPotentialEnergy {N : ℕ} (φ : ℝ → ℝ) (x : Fin N → ℝ) : ℝ
MolecularDynamics.uniformPairPotentialEnergy_translate {N : ℕ} (φ : ℝ → ℝ) (x : Fin N → ℝ) (c : ℝ) :
  (MolecularDynamics.uniformPairPotentialEnergy φ fun i => x i + c) = MolecularDynamics.uniformPairPotentialEnergy φ x
MolecularDynamics.uniformPairPotentialEnergy_two (φ : ℝ → ℝ) (x : Fin 2 → ℝ) :
  MolecularDynamics.uniformPairPotentialEnergy φ x = φ ‖x 0 - x 1‖
MolecularDynamics.nearestNeighborPotentialEnergy {N : ℕ} (φ : ℝ → ℝ) (x : Fin (N + 1) → ℝ) : ℝ
MolecularDynamics.nearestNeighborPotentialEnergy_translate {N : ℕ} (φ : ℝ → ℝ) (x : Fin (N + 1) → ℝ) (c : ℝ) :
  (MolecularDynamics.nearestNeighborPotentialEnergy φ fun i => x i + c) =
    MolecularDynamics.nearestNeighborPotentialEnergy φ x
MolecularDynamics.nearestNeighborPotentialEnergy_two (φ : ℝ → ℝ) (x : Fin 2 → ℝ) :
  MolecularDynamics.nearestNeighborPotentialEnergy φ x = φ ‖x 1 - x 0‖
MolecularDynamics.periodicNearestNeighborPotentialEnergy {N : ℕ} [NeZero N] (φ : ℝ → ℝ) (x : ZMod N → ℝ) : ℝ
MolecularDynamics.periodicNearestNeighborPotentialEnergy_translate {N : ℕ} [NeZero N] (φ : ℝ → ℝ) (x : ZMod N → ℝ)
  (c : ℝ) :
  (MolecularDynamics.periodicNearestNeighborPotentialEnergy φ fun i => x i + c) =
    MolecularDynamics.periodicNearestNeighborPotentialEnergy φ x
MolecularDynamics.walledNearestNeighborPotentialEnergy {N : ℕ} (φ φc : ℝ → ℝ) (L : ℝ) (x : Fin (N + 1) → ℝ) : ℝ
MolecularDynamics.boxPeriodicNearestNeighborPotentialEnergy {N : ℕ} (φ : ℝ → ℝ) (L : ℝ) (x : Fin (N + 1) → ℝ) : ℝ
MolecularDynamics.boxPeriodicNearestNeighborPotentialEnergy_translate {N : ℕ} (φ : ℝ → ℝ) (L : ℝ) (x : Fin (N + 1) → ℝ)
  (c : ℝ) :
  (MolecularDynamics.boxPeriodicNearestNeighborPotentialEnergy φ L fun i => x i + c) =
    MolecularDynamics.boxPeriodicNearestNeighborPotentialEnergy φ L x
MolecularDynamics.gradientLinearizationRemainder {n : ℕ} (U : MolecularDynamics.PotentialEnergy n)
  (q₀ h : MolecularDynamics.Position n) : MolecularDynamics.Momentum n
MolecularDynamics.gradientLinearizationRemainder_isLittleO {n : ℕ} (U : MolecularDynamics.PotentialEnergy n)
  (q₀ : MolecularDynamics.Position n) (hU : ContDiffAt ℝ 2 U q₀) (heq : gradient U q₀ = 0) :
  MolecularDynamics.gradientLinearizationRemainder U q₀ =o[nhds 0] fun h => h
MolecularDynamics.gradientLinearization_expansion {n : ℕ} (U : MolecularDynamics.PotentialEnergy n)
  (q₀ h : MolecularDynamics.Position n) :
  gradient U (q₀ + h) = (fderiv ℝ (gradient U) q₀) h + MolecularDynamics.gradientLinearizationRemainder U q₀ h
MolecularDynamics.potentialHessian_quadratic_nonneg_of_posDef {n : ℕ} (U : MolecularDynamics.PotentialEnergy n)
  (q₀ : MolecularDynamics.Position n)
  (hpos : ∀ (v : MolecularDynamics.Position n), v ≠ 0 → 0 < inner ℝ v ((fderiv ℝ (gradient U) q₀) v))
  (v : MolecularDynamics.Position n) : 0 ≤ inner ℝ v ((fderiv ℝ (gradient U) q₀) v)
MolecularDynamics.linearizedHamiltonianQuadratic_nonneg_of_positive_hessian {n : ℕ}
  (m : MolecularDynamics.CoordinateMasses n) (U : MolecularDynamics.PotentialEnergy n)
  (q₀ : MolecularDynamics.Position n) (hm : ∀ (i : Fin n), 0 < m i)
  (hpos : ∀ (v : MolecularDynamics.Position n), v ≠ 0 → 0 < inner ℝ v ((fderiv ℝ (gradient U) q₀) v))
  (δq : MolecularDynamics.Position n) (δp : MolecularDynamics.Momentum n) :
  0 ≤ MolecularDynamics.linearizedHamiltonianQuadratic m U q₀ δq δp
MolecularDynamics.realNormalMode.{u_1} {E : Type u_1} [NormedAddCommGroup E] [NormedSpace ℝ E] (Ω α β : ℝ) (u v : E)
  (t : ℝ) : E
MolecularDynamics.realNormalMode_eq_linearExponentialFlow.{u_1} {E : Type u_1} [NormedAddCommGroup E] [NormedSpace ℝ E]
  [CompleteSpace E] (A : E →L[ℝ] E) (Ω α β : ℝ) (u v : E) (hu : A u = -Ω • v) (hv : A v = Ω • u) (t : ℝ) :
  MolecularDynamics.realNormalMode Ω α β u v t = MolecularDynamics.linearExponentialFlow A t (α • v + β • u)
MolecularDynamics.mechanicalNormalMode_pair {n : ℕ} (m : MolecularDynamics.CoordinateMasses n)
  (K : MolecularDynamics.Position n →L[ℝ] MolecularDynamics.Momentum n) (Ω : ℝ) (q : MolecularDynamics.Position n)
  (hm : ∀ (i : Fin n), 0 < m i) (hq : K q = Ω ^ 2 • (MolecularDynamics.massOperator m) q) :
  (MolecularDynamics.mechanicalLinearization m (-K)) (q, 0) = -Ω • (0, Ω • (MolecularDynamics.massOperator m) q) ∧
    (MolecularDynamics.mechanicalLinearization m (-K)) (0, Ω • (MolecularDynamics.massOperator m) q) = Ω • (q, 0)
MolecularDynamics.hasDerivAt_mechanicalNormalMode {n : ℕ} (m : MolecularDynamics.CoordinateMasses n)
  (K : MolecularDynamics.Position n →L[ℝ] MolecularDynamics.Momentum n) (Ω α β : ℝ) (q : MolecularDynamics.Position n)
  (hm : ∀ (i : Fin n), 0 < m i) (hq : K q = Ω ^ 2 • (MolecularDynamics.massOperator m) q) (t : ℝ) :
  HasDerivAt (MolecularDynamics.realNormalMode Ω α β (q, 0) (0, Ω • (MolecularDynamics.massOperator m) q))
    ((MolecularDynamics.mechanicalLinearization m (-K))
      (MolecularDynamics.realNormalMode Ω α β (q, 0) (0, Ω • (MolecularDynamics.massOperator m) q) t))
    t
MolecularDynamics.IsConstantVariationalSolution.{u_1} {E : Type u_1} [NormedAddCommGroup E] [NormedSpace ℝ E]
  (A : E →L[ℝ] E) (W : ℝ → E) (w₀ : E) : Prop
MolecularDynamics.linearExponentialFlow_isConstantVariationalSolution.{u_1} {E : Type u_1} [NormedAddCommGroup E]
  [NormedSpace ℝ E] [CompleteSpace E] (A : E →L[ℝ] E) (w₀ : E) :
  MolecularDynamics.IsConstantVariationalSolution A (fun t => MolecularDynamics.linearExponentialFlow A t w₀) w₀
MolecularDynamics.constantVariationalSolution_unique.{u_1} {E : Type u_1} [NormedAddCommGroup E] [NormedSpace ℝ E]
  [CompleteSpace E] (A : E →L[ℝ] E) (W : ℝ → E) (w₀ : E) (hW : MolecularDynamics.IsConstantVariationalSolution A W w₀) :
  W = fun t => MolecularDynamics.linearExponentialFlow A t w₀
MolecularDynamics.matrixExponential_zero {m : ℕ} : NormedSpace.exp 0 = 1
MolecularDynamics.matrixExponential_add_of_commute {m : ℕ} (A B : Matrix (Fin m) (Fin m) ℝ) (h : Commute A B) :
  NormedSpace.exp (A + B) = NormedSpace.exp A * NormedSpace.exp B
MolecularDynamics.matrixExponential_neg {m : ℕ} (A : Matrix (Fin m) (Fin m) ℝ) :
  NormedSpace.exp (-A) = (NormedSpace.exp A)⁻¹
MolecularDynamics.matrixExponentialFlow_realEigenmode {m : ℕ} (A : Matrix (Fin m) (Fin m) ℝ) (ω : ℝ)
  (v : MolecularDynamics.Position m) (hA : WithLp.toLp 2 (A.mulVec v.ofLp) = ω • v) (t : ℝ) :
  MolecularDynamics.matrixExponentialFlow A t v = Real.exp (ω * t) • v
MolecularDynamics.matrixExponentialFlow_diagonal {m : ℕ} (d : Fin m → ℝ) (t : ℝ) (z : MolecularDynamics.Position m) :
  MolecularDynamics.matrixExponentialFlow (Matrix.diagonal d) t z = WithLp.toLp 2 fun i => Real.exp (t * d i) * z.ofLp i
MolecularDynamics.matrixExponential_conjugate {m : ℕ} (X D : Matrix (Fin m) (Fin m) ℝ) (hX : IsUnit X) :
  NormedSpace.exp (X * D * X⁻¹) = X * NormedSpace.exp D * X⁻¹
MolecularDynamics.upperTriangularMatrix (α : ℝ) : Matrix (Fin 2) (Fin 2) ℝ
MolecularDynamics.upperTriangularFlow (α t : ℝ) (z : MolecularDynamics.Position 2) : MolecularDynamics.Position 2
MolecularDynamics.hasDerivAt_positionPair (f g : ℝ → ℝ) (f' g' t : ℝ) (hf : HasDerivAt f f' t)
  (hg : HasDerivAt g g' t) : HasDerivAt (fun u => !₂[f u, g u]) !₂[f', g'] t
MolecularDynamics.hasDerivAt_upperTriangularFlow (α : ℝ) (z : MolecularDynamics.Position 2) (t : ℝ) :
  HasDerivAt (fun u => MolecularDynamics.upperTriangularFlow α u z)
    (WithLp.toLp 2
      ((MolecularDynamics.upperTriangularMatrix α).mulVec (MolecularDynamics.upperTriangularFlow α t z).ofLp))
    t
MolecularDynamics.matrixExponentialFlow_upperTriangular (α t : ℝ) (z : MolecularDynamics.Position 2) :
  MolecularDynamics.matrixExponentialFlow (MolecularDynamics.upperTriangularMatrix α) t z =
    MolecularDynamics.upperTriangularFlow α t z
MolecularDynamics.twoBodyCenterOfMass (q₁ q₂ : MolecularDynamics.Position 2) : MolecularDynamics.Position 2
MolecularDynamics.twoBodySeparation (q₁ q₂ : MolecularDynamics.Position 2) : MolecularDynamics.Position 2
MolecularDynamics.twoBodyCenterVelocity (v₁ v₂ : MolecularDynamics.Velocity 2) : MolecularDynamics.Velocity 2
MolecularDynamics.twoBodyRelativeVelocity (v₁ v₂ : MolecularDynamics.Velocity 2) : MolecularDynamics.Velocity 2
MolecularDynamics.twoBody_reconstruct_first (q₁ q₂ : MolecularDynamics.Position 2) :
  MolecularDynamics.twoBodyCenterOfMass q₁ q₂ - (1 / 2) • MolecularDynamics.twoBodySeparation q₁ q₂ = q₁
MolecularDynamics.twoBody_reconstruct_second (q₁ q₂ : MolecularDynamics.Position 2) :
  MolecularDynamics.twoBodyCenterOfMass q₁ q₂ + (1 / 2) • MolecularDynamics.twoBodySeparation q₁ q₂ = q₂
MolecularDynamics.twoBody_center_roundtrip (qcm δ : MolecularDynamics.Position 2) :
  MolecularDynamics.twoBodyCenterOfMass (qcm - (1 / 2) • δ) (qcm + (1 / 2) • δ) = qcm
MolecularDynamics.twoBody_separation_roundtrip (qcm δ : MolecularDynamics.Position 2) :
  MolecularDynamics.twoBodySeparation (qcm - (1 / 2) • δ) (qcm + (1 / 2) • δ) = δ
MolecularDynamics.twoBody_equalMass_kinetic_decomposition (m : ℝ) (v₁ v₂ : MolecularDynamics.Velocity 2) :
  m * ‖v₁‖ ^ 2 / 2 + m * ‖v₂‖ ^ 2 / 2 =
    m * ‖MolecularDynamics.twoBodyCenterVelocity v₁ v₂‖ ^ 2 +
      m / 4 * ‖MolecularDynamics.twoBodyRelativeVelocity v₁ v₂‖ ^ 2
MolecularDynamics.twoBodyRadialLagrangian (m : ℝ) (φ : ℝ → ℝ) (q₁ q₂ : MolecularDynamics.Position 2)
  (v₁ v₂ : MolecularDynamics.Velocity 2) : ℝ
MolecularDynamics.twoBody_equalMass_lagrangian_center_relative (m : ℝ) (φ : ℝ → ℝ)
  (q₁ q₂ : MolecularDynamics.Position 2) (v₁ v₂ : MolecularDynamics.Velocity 2) :
  MolecularDynamics.twoBodyRadialLagrangian m φ q₁ q₂ v₁ v₂ =
    m * ‖MolecularDynamics.twoBodyCenterVelocity v₁ v₂‖ ^ 2 +
        m / 4 * ‖MolecularDynamics.twoBodyRelativeVelocity v₁ v₂‖ ^ 2 -
      φ ‖MolecularDynamics.twoBodySeparation q₁ q₂‖
MolecularDynamics.strictPotentialMin_mechanicalEquilibrium {n : ℕ} (m : MolecularDynamics.CoordinateMasses n)
  (F : MolecularDynamics.Force n) (U : MolecularDynamics.PotentialEnergy n) (Q : Set (MolecularDynamics.Position n))
  (q₀ : MolecularDynamics.Position n) (hQ : IsOpen Q) (hstrict : MolecularDynamics.IsStrictPotentialMinOn U Q q₀)
  (_hU : DifferentiableAt ℝ U q₀) (hF : F q₀ = -gradient U q₀) : MolecularDynamics.IsMechanicalEquilibrium m F (q₀, 0)
MolecularDynamics.momentum_norm_sq_le {n : ℕ} (m : MolecularDynamics.CoordinateMasses n)
  (p : MolecularDynamics.Momentum n) (M : ℝ) (hm : ∀ (i : Fin n), 0 < m i) (hM : ∀ (i : Fin n), m i ≤ M) :
  ‖p‖ ^ 2 ≤ 2 * M * MolecularDynamics.momentumKineticEnergy m p
MolecularDynamics.isCompact_phaseEnergySublevel {n : ℕ} (m : MolecularDynamics.CoordinateMasses n)
  (U : MolecularDynamics.PotentialEnergy n) (K : Set (MolecularDynamics.Position n)) (E : ℝ)
  (hm : ∀ (i : Fin n), 0 < m i) (hK : IsCompact K) (hU : ContinuousOn U K) :
  IsCompact {z | z.1 ∈ K ∧ MolecularDynamics.massHamiltonian m U z ≤ E}
MolecularDynamics.mechanicalSolution_phase_dist_lt {n : ℕ} (m : MolecularDynamics.CoordinateMasses n)
  (F : MolecularDynamics.Force n) (U : MolecularDynamics.PotentialEnergy n) (Q : Set (MolecularDynamics.Position n))
  (a b t₀ : ℝ) (γ : ℝ → MolecularDynamics.PhaseSpace n) (q₀ : MolecularDynamics.Position n) (M r δ : ℝ)
  (hm : ∀ (i : Fin n), 0 < m i) (hMpos : 0 < M) (hM : ∀ (i : Fin n), m i ≤ M) (hr : 0 < r)
  (hγ : MolecularDynamics.IsMechanicalSolutionOn m F Q (Set.Ioo a b) γ) (hU : ∀ q ∈ Q, DifferentiableAt ℝ U q)
  (hF : ∀ q ∈ Q, F q = -gradient U q) (ht₀ : t₀ ∈ Set.Ioo a b) (hstart : (γ t₀).1 ∈ Metric.ball q₀ r)
  (hbelow : MolecularDynamics.massHamiltonian m U (γ t₀) < U q₀ + δ)
  (hbarrier : MolecularDynamics.HasSpherePotentialBarrier U q₀ r δ) (hmin : ∀ q ∈ Metric.ball q₀ r, U q₀ ≤ U q)
  (hbudget : MolecularDynamics.massHamiltonian m U (γ t₀) < U q₀ + r ^ 2 / (2 * M)) (t : ℝ) (ht : t ∈ Set.Ioo a b)
  (htime : t₀ ≤ t) : dist (γ t) (q₀, 0) < r
MolecularDynamics.mechanicalSolution_has_rightEndpointLimit_of_compact {n : ℕ}
  {m : MolecularDynamics.CoordinateMasses n} {F : MolecularDynamics.Force n} {Q : Set (MolecularDynamics.Position n)}
  {a b : ℝ} {γ : ℝ → MolecularDynamics.PhaseSpace n} {K : Set (MolecularDynamics.PhaseSpace n)} (hab : a < b)
  (hγ : MolecularDynamics.IsMechanicalSolutionOn m F Q (Set.Ioo a b) γ) (hK : IsCompact K)
  (hmem : Set.MapsTo γ (Set.Ioo a b) K) (hfield : ContinuousOn (MolecularDynamics.mechanicalVectorField m F) K) :
  ∃ z ∈ K, Filter.Tendsto γ (nhdsWithin b (Set.Iio b)) (nhds z)
MolecularDynamics.mechanicalSolution_unique_on_preconnected_of_contDiffAt {n : ℕ}
  {m : MolecularDynamics.CoordinateMasses n} {F : MolecularDynamics.Force n} {Q : Set (MolecularDynamics.Position n)}
  {I : Set ℝ} {γ η : ℝ → MolecularDynamics.PhaseSpace n} {t₀ : ℝ} (hI : IsOpen I) (hconn : IsPreconnected I)
  (ht₀ : t₀ ∈ I) (hγ : MolecularDynamics.IsMechanicalSolutionOn m F Q I γ)
  (hη : MolecularDynamics.IsMechanicalSolutionOn m F Q I η)
  (hfield : ∀ t ∈ I, ContDiffAt ℝ 1 (MolecularDynamics.mechanicalVectorField m F) (γ t)) (hinit : γ t₀ = η t₀) :
  Set.EqOn γ η I
MolecularDynamics.mechanicalSolution_glue_on_Ioo {n : ℕ} {m : MolecularDynamics.CoordinateMasses n}
  {F : MolecularDynamics.Force n} {Q : Set (MolecularDynamics.Position n)} {a b c d : ℝ}
  {γ η : ℝ → MolecularDynamics.PhaseSpace n} (hcb : c < b)
  (hγ : MolecularDynamics.IsMechanicalSolutionOn m F Q (Set.Ioo a b) γ)
  (hη : MolecularDynamics.IsMechanicalSolutionOn m F Q (Set.Ioo c d) η) (heq : Set.EqOn γ η (Set.Ioo c b)) :
  ∃ ζ, MolecularDynamics.IsMechanicalSolutionOn m F Q (Set.Ioo a d) ζ ∧ Set.EqOn ζ γ (Set.Ioo a b)
'MolecularDynamics.exists_rightEndpointLimit_of_lipschitzOnWith' depends on axioms: [propext,
 Classical.choice,
 Quot.sound]
'MolecularDynamics.exists_rightEndpointLimit_mem_of_lipschitzOnWith' depends on axioms: [propext,
 Classical.choice,
 Quot.sound]
'MolecularDynamics.mechanicalSolution_lipschitzOnWith_of_field_bound' depends on axioms: [propext,
 Classical.choice,
 Quot.sound]
'MolecularDynamics.mechanicalSolution_has_rightEndpointLimit_of_field_bound' depends on axioms: [propext,
 Classical.choice,
 Quot.sound]
'MolecularDynamics.mechanicalSolution_has_rightEndpointLimit_of_compact' depends on axioms: [propext,
 Classical.choice,
 Quot.sound]
'MolecularDynamics.mechanicalSolution_unique_on_preconnected_of_contDiffAt' depends on axioms: [propext,
 Classical.choice,
 Quot.sound]
'MolecularDynamics.mechanicalSolution_glue_on_Ioo' depends on axioms: [propext, Classical.choice, Quot.sound]
MolecularDynamics.mechanicalSolution_extend_of_compact {n : ℕ} {m : MolecularDynamics.CoordinateMasses n}
  {F : MolecularDynamics.Force n} {Q : Set (MolecularDynamics.Position n)} {a b : ℝ}
  {γ : ℝ → MolecularDynamics.PhaseSpace n} {K : Set (MolecularDynamics.PhaseSpace n)} (hab : a < b) (hQ : IsOpen Q)
  (hγ : MolecularDynamics.IsMechanicalSolutionOn m F Q (Set.Ioo a b) γ) (hK : IsCompact K)
  (hmem : Set.MapsTo γ (Set.Ioo a b) K) (hKQ : ∀ z ∈ K, z.1 ∈ Q) (hF : ∀ z ∈ K, ContDiffAt ℝ 1 F z.1) :
  ∃ δ > 0, ∃ ζ, MolecularDynamics.IsMechanicalSolutionOn m F Q (Set.Ioo a (b + δ)) ζ ∧ Set.EqOn ζ γ (Set.Ioo a b)
'MolecularDynamics.hasDerivWithinAt_rightEndpoint_of_continuousOn' depends on axioms: [propext,
 Classical.choice,
 Quot.sound]
'MolecularDynamics.exists_localODE_matching_rightEndpoint' depends on axioms: [propext, Classical.choice, Quot.sound]
'MolecularDynamics.mechanicalSolution_extend_of_rightEndpointLimit' depends on axioms: [propext,
 Classical.choice,
 Quot.sound]
'MolecularDynamics.mechanicalSolution_extend_of_force_contDiffAt' depends on axioms: [propext,
 Classical.choice,
 Quot.sound]
'MolecularDynamics.mechanicalSolution_extend_of_compact' depends on axioms: [propext, Classical.choice, Quot.sound]
'MolecularDynamics.momentumKineticEnergy_eq_inner' depends on axioms: [propext, Classical.choice, Quot.sound]
'MolecularDynamics.massHamiltonian_massOperator' depends on axioms: [propext, Classical.choice, Quot.sound]
'MolecularDynamics.massHamiltonian_particle' depends on axioms: [propext, Classical.choice, Quot.sound]
'MolecularDynamics.hasGradientAt_momentumKineticEnergy' depends on axioms: [propext, Classical.choice, Quot.sound]
'MolecularDynamics.hasGradientAt_position_slice' depends on axioms: [propext, Classical.choice, Quot.sound]
'MolecularDynamics.hamiltonianVectorField_eq' depends on axioms: [propext, Classical.choice, Quot.sound]
'MolecularDynamics.massHamiltonian_velocityOperator' depends on axioms: [propext, Classical.choice, Quot.sound]
'MolecularDynamics.mechanical_energy_hasDerivAt_zero' depends on axioms: [propext, Classical.choice, Quot.sound]
'MolecularDynamics.mechanical_energy_const_on_Ioo' depends on axioms: [propext, Classical.choice, Quot.sound]
'MolecularDynamics.exists_localMechanicalIVP_open_of_force_contDiffAt' depends on axioms: [propext,
 Classical.choice,
 Quot.sound]
'MolecularDynamics.mechanicalSolution_unique_on_Ioo' depends on axioms: [propext, Classical.choice, Quot.sound]
'MolecularDynamics.mechanicalSolution_eventually_unique_of_contDiffAt' depends on axioms: [propext,
 Classical.choice,
 Quot.sound]
'MolecularDynamics.totalMomentumCoordinate_const_on_Ioo' depends on axioms: [propext, Classical.choice, Quot.sound]
'MolecularDynamics.strictPotentialMin_mechanicalEquilibrium' depends on axioms: [propext, Classical.choice, Quot.sound]
'MolecularDynamics.momentum_norm_sq_le' depends on axioms: [propext, Classical.choice, Quot.sound]
'MolecularDynamics.momentum_norm_le_of_energy' depends on axioms: [propext, Classical.choice, Quot.sound]
'MolecularDynamics.isCompact_phaseEnergySublevel' depends on axioms: [propext, Classical.choice, Quot.sound]
'MolecularDynamics.mechanicalSolution_below_barrier_stays_in_ball' depends on axioms: [propext,
 Classical.choice,
 Quot.sound]
'MolecularDynamics.mechanicalSolution_phase_dist_lt' depends on axioms: [propext, Classical.choice, Quot.sound]
'MolecularDynamics.exists_glued_function_of_compatible' depends on axioms: [propext, Classical.choice, Quot.sound]
'MolecularDynamics.exists_mechanicalSolutionOn_iUnion' depends on axioms: [propext, Classical.choice, Quot.sound]
'MolecularDynamics.exists_globalMechanicalSolution_of_local_compact_confinement' depends on axioms: [propext,
 Classical.choice,
 Quot.sound]
'MolecularDynamics.exists_globalMechanicalIVP_of_energy_barrier' depends on axioms: [propext,
 Classical.choice,
 Quot.sound]
'MolecularDynamics.gradient_contDiffAt_of_potential_contDiffAt_two' depends on axioms: [propext,
 Classical.choice,
 Quot.sound]
'MolecularDynamics.strictPotentialMin_exists_future_bound' depends on axioms: [propext, Classical.choice, Quot.sound]
'MolecularDynamics.strictPotentialMin_futureStable' depends on axioms: [propext, Classical.choice, Quot.sound]
'MolecularDynamics.strictPotentialMin_futureStable_of_potential_contDiffAt_two' depends on axioms: [propext,
 Classical.choice,
 Quot.sound]
'MolecularDynamics.product_dist_le_phaseEuclideanDistance' depends on axioms: [propext, Classical.choice, Quot.sound]
'MolecularDynamics.phaseEuclideanDistance_le_two_mul_dist' depends on axioms: [propext, Classical.choice, Quot.sound]
'MolecularDynamics.IsFutureMechanicalStable.euclidean' depends on axioms: [propext, Classical.choice, Quot.sound]
'MolecularDynamics.strictPotentialMin_futureStableEuclidean_of_potential_contDiffAt_two' depends on axioms: [propext,
 Classical.choice,
 Quot.sound]
'MolecularDynamics.strictPotentialMin_futureStableEuclidean_of_smooth' depends on axioms: [propext,
 Classical.choice,
 Quot.sound]
MolecularDynamics.strictPotentialMin_futureStableEuclidean_of_smooth {n : ℕ} (m : MolecularDynamics.CoordinateMasses n)
  (U : MolecularDynamics.PotentialEnergy n) (Q : Set (MolecularDynamics.Position n)) (q₀ : MolecularDynamics.Position n)
  (hm : ∀ (i : Fin n), 0 < m i) (hQ : IsOpen Q) (hU : ∀ q ∈ Q, ContDiffAt ℝ (↑⊤) U q)
  (hstrict : MolecularDynamics.IsStrictPotentialMinOn U Q q₀) :
  MolecularDynamics.IsMechanicalEquilibrium m (fun q => -gradient U q) (q₀, 0) ∧
    MolecularDynamics.IsFutureMechanicalStableEuclidean m (fun q => -gradient U q) Q (q₀, 0)
'MolecularDynamics.nBodyKineticEnergy_eq_inner' depends on axioms: [propext, Classical.choice, Quot.sound]
'MolecularDynamics.hasGradientAt_nBodyKineticEnergy' depends on axioms: [propext, Classical.choice, Quot.sound]
'MolecularDynamics.hasGradientAt_massLagrangian_velocity' depends on axioms: [propext, Classical.choice, Quot.sound]
'MolecularDynamics.hasGradientAt_massLagrangian_position' depends on axioms: [propext, Classical.choice, Quot.sound]
'MolecularDynamics.mechanicalSolution_eulerLagrange' depends on axioms: [propext, Classical.choice, Quot.sound]
'MolecularDynamics.eulerLagrange_to_mechanicalSolution' depends on axioms: [propext, Classical.choice, Quot.sound]
'MolecularDynamics.massLagrangian_coordinateChange' depends on axioms: [propext, Classical.choice, Quot.sound]
'MolecularDynamics.hasDerivAt_coordinateChange' depends on axioms: [propext, Classical.choice, Quot.sound]
'MolecularDynamics.generalizedMassMatrix_posDef' depends on axioms: [propext, Classical.choice, Quot.sound]
'MolecularDynamics.generalizedMassMatrix_isUnit' depends on axioms: [propext, Classical.choice, Quot.sound]
'MolecularDynamics.massHamiltonian_legendre_gap' depends on axioms: [propext, Classical.choice, Quot.sound]
'MolecularDynamics.legendre_objective_le_massHamiltonian' depends on axioms: [propext, Classical.choice, Quot.sound]
'MolecularDynamics.legendre_objective_attains_massHamiltonian' depends on axioms: [propext,
 Classical.choice,
 Quot.sound]
'MolecularDynamics.nBodyKineticEnergy_eq_zero_iff' depends on axioms: [propext, Classical.choice, Quot.sound]
'MolecularDynamics.legendre_objective_eq_massHamiltonian_iff' depends on axioms: [propext, Classical.choice, Quot.sound]
'MolecularDynamics.massHamiltonian_eq_legendre_sup' depends on axioms: [propext, Classical.choice, Quot.sound]
'MolecularDynamics.mechanicalSolution_translate_on_Ioi' depends on axioms: [propext, Classical.choice, Quot.sound]
'MolecularDynamics.futureMechanicalFlow_add' depends on axioms: [propext, Classical.choice, Quot.sound]
'MolecularDynamics.futureMechanicalFlow_commute' depends on axioms: [propext, Classical.choice, Quot.sound]
'MolecularDynamics.futureMechanicalFlow_energy' depends on axioms: [propext, Classical.choice, Quot.sound]
'MolecularDynamics.futureMechanicalFlow_injOn' depends on axioms: [propext, Classical.choice, Quot.sound]
'MolecularDynamics.exists_futureMechanicalFlow_of_energy_barrier' depends on axioms: [propext,
 Classical.choice,
 Quot.sound]
'MolecularDynamics.massHamiltonian_momentumReflection' depends on axioms: [propext, Classical.choice, Quot.sound]
'MolecularDynamics.mechanicalSolution_time_reverse_on_Iio' depends on axioms: [propext, Classical.choice, Quot.sound]
'MolecularDynamics.exists_globalMechanicalIVP_of_energy_barrier_two_sided' depends on axioms: [propext,
 Classical.choice,
 Quot.sound]
'MolecularDynamics.mechanicalSolution_translate_on_univ' depends on axioms: [propext, Classical.choice, Quot.sound]
'MolecularDynamics.mechanicalSolution_energy_on_univ' depends on axioms: [propext, Classical.choice, Quot.sound]
'MolecularDynamics.globalMechanicalFlow_add' depends on axioms: [propext, Classical.choice, Quot.sound]
'MolecularDynamics.globalMechanicalFlow_inverse' depends on axioms: [propext, Classical.choice, Quot.sound]
'MolecularDynamics.globalMechanicalFlow_commute' depends on axioms: [propext, Classical.choice, Quot.sound]
'MolecularDynamics.globalMechanicalFlow_bijOn' depends on axioms: [propext, Classical.choice, Quot.sound]
'MolecularDynamics.globalMechanicalFlow_energy' depends on axioms: [propext, Classical.choice, Quot.sound]
'MolecularDynamics.exists_globalMechanicalFlow_of_energy_barrier' depends on axioms: [propext,
 Classical.choice,
 Quot.sound]
'MolecularDynamics.harmonicFlow_isMechanicalSolution' depends on axioms: [propext, Classical.choice, Quot.sound]
'MolecularDynamics.harmonicFlow_isGlobalFlow' depends on axioms: [propext, Classical.choice, Quot.sound]
'MolecularDynamics.harmonicFlow_continuous' depends on axioms: [propext, Classical.choice, Quot.sound]
'MolecularDynamics.harmonicFlow_add' depends on axioms: [propext, Classical.choice, Quot.sound]
'MolecularDynamics.harmonicFlow_inverse' depends on axioms: [propext, Classical.choice, Quot.sound]
'MolecularDynamics.harmonicContinuousFlow' depends on axioms: [propext, Classical.choice, Quot.sound]
'MolecularDynamics.hasGradientAt_harmonicPotential' depends on axioms: [propext, Classical.choice, Quot.sound]
'MolecularDynamics.harmonicFlow_energy' depends on axioms: [propext, Classical.choice, Quot.sound]
'MolecularDynamics.freeParticleFlow_isMechanicalSolution' depends on axioms: [propext, Classical.choice, Quot.sound]
'MolecularDynamics.freeParticleFlow_isGlobalFlow' depends on axioms: [propext, Classical.choice, Quot.sound]
'MolecularDynamics.freeParticleFlow_continuous' depends on axioms: [propext, Classical.choice, Quot.sound]
'MolecularDynamics.freeParticleFlow_add' depends on axioms: [propext, Classical.choice, Quot.sound]
'MolecularDynamics.freeParticleContinuousFlow' depends on axioms: [propext, Classical.choice, Quot.sound]
'MolecularDynamics.freeParticleFlow_energy' depends on axioms: [propext, Classical.choice, Quot.sound]
'MolecularDynamics.hasDerivAt_linearExponentialFlow' depends on axioms: [propext, Classical.choice, Quot.sound]
'MolecularDynamics.linearExponentialFlow_add' depends on axioms: [propext, Classical.choice, Quot.sound]
'MolecularDynamics.linearExponentialFlow_continuous' depends on axioms: [propext, Classical.choice, Quot.sound]
'MolecularDynamics.linearContinuousFlow' depends on axioms: [propext, Classical.choice, Quot.sound]
'MolecularDynamics.linearExponentialFlow_inverse' depends on axioms: [propext, Classical.choice, Quot.sound]
'MolecularDynamics.hasDerivAt_linearExponentialFlow_initial_time' depends on axioms: [propext,
 Classical.choice,
 Quot.sound]
'MolecularDynamics.linearExponentialFlow_unique' depends on axioms: [propext, Classical.choice, Quot.sound]
'MolecularDynamics.linearExponentialOperator_series' depends on axioms: [propext, Classical.choice, Quot.sound]
'MolecularDynamics.matrixExponentialFlow_eq' depends on axioms: [propext, Classical.choice, Quot.sound]
'MolecularDynamics.hasDerivAt_matrixExponentialFlow' depends on axioms: [propext, Classical.choice, Quot.sound]
'MolecularDynamics.hasDerivAt_matrixExponentialFlow_initial_time' depends on axioms: [propext,
 Classical.choice,
 Quot.sound]
'MolecularDynamics.matrixExponentialFlow_unique' depends on axioms: [propext, Classical.choice, Quot.sound]
'MolecularDynamics.matrixContinuousFlow' depends on axioms: [propext, Classical.choice, Quot.sound]
'MolecularDynamics.matrixExponential_series' depends on axioms: [propext, Classical.choice, Quot.sound]
'MolecularDynamics.hasDerivAt_realEigenmode' depends on axioms: [propext, Classical.choice, Quot.sound]
'MolecularDynamics.linearExponentialFlow_realEigenmode' depends on axioms: [propext, Classical.choice, Quot.sound]
'MolecularDynamics.linearExponentialFlow_realSpectral_sum' depends on axioms: [propext, Classical.choice, Quot.sound]
'MolecularDynamics.linearExponentialFlow_realEigenbasis' depends on axioms: [propext, Classical.choice, Quot.sound]
'MolecularDynamics.hasDerivAt_complexEigenmode' depends on axioms: [propext, Classical.choice, Quot.sound]
'MolecularDynamics.complexExponentialFlow_eigenmode' depends on axioms: [propext, Classical.choice, Quot.sound]
'MolecularDynamics.complexExponentialFlow_spectral_sum' depends on axioms: [propext, Classical.choice, Quot.sound]
'MolecularDynamics.complexExponentialFlow_eigenbasis' depends on axioms: [propext, Classical.choice, Quot.sound]
'MolecularDynamics.hasDerivAt_complexExponentialFlow' depends on axioms: [propext, Classical.choice, Quot.sound]
'MolecularDynamics.complexContinuousFlow' depends on axioms: [propext, Classical.choice, Quot.sound]
'MolecularDynamics.complexEigenbasis_coefficients_unique' depends on axioms: [propext, Classical.choice, Quot.sound]
'MolecularDynamics.linearExponentialFlow_intertwine' depends on axioms: [propext, Classical.choice, Quot.sound]
'MolecularDynamics.linearExponentialFlow_fixed_clm' depends on axioms: [propext, Classical.choice, Quot.sound]
'MolecularDynamics.realMatrix_conjugation_commute' depends on axioms: [propext, Classical.choice, Quot.sound]
'MolecularDynamics.realMatrix_complexFlow_isReal' depends on axioms: [propext, Classical.choice, Quot.sound]
'MolecularDynamics.realMatrix_complexSpectral_sum_isReal' depends on axioms: [propext, Classical.choice, Quot.sound]
'MolecularDynamics.basisColumnMatrix_mulVec' depends on axioms: [propext, Classical.choice, Quot.sound]
'MolecularDynamics.basisColumnMatrix_mulVec_repr' depends on axioms: [propext, Classical.choice, Quot.sound]
'MolecularDynamics.basisColumnMatrix_isUnit' depends on axioms: [propext, Classical.choice, Quot.sound]
'MolecularDynamics.basisColumnMatrix_inverse_coefficients' depends on axioms: [propext, Classical.choice, Quot.sound]
'MolecularDynamics.firstIntegral_hasDerivAt_zero' depends on axioms: [propext, Classical.choice, Quot.sound]
'MolecularDynamics.firstIntegral_const_on_Ioo' depends on axioms: [propext, Classical.choice, Quot.sound]
'MolecularDynamics.firstIntegral_differential_necessary' depends on axioms: [propext, Classical.choice, Quot.sound]
'MolecularDynamics.isFirstIntegralOn_iff_differential' depends on axioms: [propext, Classical.choice, Quot.sound]
'MolecularDynamics.firstIntegral_gradient_criterion' depends on axioms: [propext, Classical.choice, Quot.sound]
'MolecularDynamics.planarAngularMomentum_hasDerivAt_zero' depends on axioms: [propext, Classical.choice, Quot.sound]
'MolecularDynamics.planarAngularMomentum_const_on_Ioo' depends on axioms: [propext, Classical.choice, Quot.sound]
'MolecularDynamics.centralForce_planarAngularMomentum_const' depends on axioms: [propext, Classical.choice, Quot.sound]
'MolecularDynamics.polarKinetic_identity' depends on axioms: [propext, Classical.choice, Quot.sound]
'MolecularDynamics.polarAngularMomentum_identity' depends on axioms: [propext, Classical.choice, Quot.sound]
'MolecularDynamics.keplerPolarLagrangian_identity' depends on axioms: [propext, Classical.choice, Quot.sound]
'MolecularDynamics.polarCoordinates_hasDerivAt_components' depends on axioms: [propext, Classical.choice, Quot.sound]
'MolecularDynamics.polarJacobian_det' depends on axioms: [propext, Classical.choice, Quot.sound]
'MolecularDynamics.polarJacobian_isUnit_iff' depends on axioms: [propext, Classical.choice, Quot.sound]
'MolecularDynamics.hasGradientAt_keplerPotential' depends on axioms: [propext, Classical.choice, Quot.sound]
'MolecularDynamics.keplerForce_eq_neg_gradient' depends on axioms: [propext, Classical.choice, Quot.sound]
'MolecularDynamics.keplerForce_contDiffAt' depends on axioms: [propext, Classical.choice, Quot.sound]
'MolecularDynamics.exists_kepler_localIVP' depends on axioms: [propext, Classical.choice, Quot.sound]
'MolecularDynamics.kepler_energy_const_on_Ioo' depends on axioms: [propext, Classical.choice, Quot.sound]
'MolecularDynamics.kepler_planarAngularMomentum_const_on_Ioo' depends on axioms: [propext, Classical.choice, Quot.sound]
'MolecularDynamics.hasStrictFDerivAt_polarCoordinateMap' depends on axioms: [propext, Classical.choice, Quot.sound]
'MolecularDynamics.exists_polarDerivativeEquiv' depends on axioms: [propext, Classical.choice, Quot.sound]
'MolecularDynamics.fderiv_polarCoordinateMap' depends on axioms: [propext, Classical.choice, Quot.sound]
'MolecularDynamics.exists_polarLocalChart_strictInverse' depends on axioms: [propext, Classical.choice, Quot.sound]
'MolecularDynamics.exists_polarLocalChart' depends on axioms: [propext, Classical.choice, Quot.sound]
'MolecularDynamics.keplerPolar_partial_v' depends on axioms: [propext, Classical.choice, Quot.sound]
'MolecularDynamics.keplerPolar_partial_ω' depends on axioms: [propext, Classical.choice, Quot.sound]
'MolecularDynamics.keplerPolar_partial_r' depends on axioms: [propext, Classical.choice, Quot.sound]
'MolecularDynamics.keplerPolar_partial_θ' depends on axioms: [propext, Classical.choice, Quot.sound]
'MolecularDynamics.keplerPolar_eulerLagrange_iff' depends on axioms: [propext, Classical.choice, Quot.sound]
'MolecularDynamics.keplerPolar_angular_const' depends on axioms: [propext, Classical.choice, Quot.sound]
'MolecularDynamics.keplerPolar_radial_reduction' depends on axioms: [propext, Classical.choice, Quot.sound]
'MolecularDynamics.keplerRadialEnergy_formula' depends on axioms: [propext, Classical.choice, Quot.sound]
'MolecularDynamics.keplerRadialEnergy_hasDerivAt_zero' depends on axioms: [propext, Classical.choice, Quot.sound]
'MolecularDynamics.keplerPolar_radialEnergy_const' depends on axioms: [propext, Classical.choice, Quot.sound]
'MolecularDynamics.keplerPolar_angle_integral' depends on axioms: [propext, Classical.choice, Quot.sound]
'MolecularDynamics.keplerPolar_radialEnergy_const_initialAngular' depends on axioms: [propext,
 Classical.choice,
 Quot.sound]
'MolecularDynamics.keplerPolar_energy_radial_identity' depends on axioms: [propext, Classical.choice, Quot.sound]
'MolecularDynamics.norm_polarCartesianPosition' depends on axioms: [propext, Classical.choice, Quot.sound]
'MolecularDynamics.polarCartesianState_angular' depends on axioms: [propext, Classical.choice, Quot.sound]
'MolecularDynamics.polarCartesianState_energy' depends on axioms: [propext, Classical.choice, Quot.sound]
'MolecularDynamics.hasDerivAt_planarPair' depends on axioms: [propext, Classical.choice, Quot.sound]
'MolecularDynamics.keplerPolar_angularVelocity_hasDerivAt' depends on axioms: [propext, Classical.choice, Quot.sound]
'MolecularDynamics.polarCartesianState_momentum_hasDerivAt' depends on axioms: [propext, Classical.choice, Quot.sound]
'MolecularDynamics.keplerPolarEL_to_cartesianMechanical' depends on axioms: [propext, Classical.choice, Quot.sound]
'MolecularDynamics.polarCartesianState_force' depends on axioms: [propext, Classical.choice, Quot.sound]
'MolecularDynamics.polarCartesianState_radialVelocity' depends on axioms: [propext, Classical.choice, Quot.sound]
'MolecularDynamics.cartesianMechanical_to_keplerPolarEL' depends on axioms: [propext, Classical.choice, Quot.sound]
'MolecularDynamics.keplerPolarEL_iff_cartesianMechanical' depends on axioms: [propext, Classical.choice, Quot.sound]
'MolecularDynamics.keplerReconstructedAngle_initial' depends on axioms: [propext, Classical.choice, Quot.sound]
'MolecularDynamics.keplerReconstructedAngle_hasDerivAt' depends on axioms: [propext, Classical.choice, Quot.sound]
'MolecularDynamics.keplerRadial_reconstruction_isEulerLagrange' depends on axioms: [propext,
 Classical.choice,
 Quot.sound]
'MolecularDynamics.keplerRadial_reconstruction_isMechanical' depends on axioms: [propext, Classical.choice, Quot.sound]
'MolecularDynamics.keplerRadialForce_contDiffAt' depends on axioms: [propext, Classical.choice, Quot.sound]
'MolecularDynamics.exists_keplerRadial_localIVP' depends on axioms: [propext, Classical.choice, Quot.sound]
'MolecularDynamics.exists_keplerRadial_reconstructed_localIVP' depends on axioms: [propext,
 Classical.choice,
 Quot.sound]
'MolecularDynamics.exists_polarCartesian_initialRepresentation' depends on axioms: [propext,
 Classical.choice,
 Quot.sound]
'MolecularDynamics.exists_kepler_localIVP_radialReconstruction' depends on axioms: [propext,
 Classical.choice,
 Quot.sound]
'MolecularDynamics.separableTimePrimitive_initial' depends on axioms: [propext, Classical.choice, Quot.sound]
'MolecularDynamics.separableTimePrimitive_hasStrictDerivAt' depends on axioms: [propext, Classical.choice, Quot.sound]
'MolecularDynamics.separableTimePrimitive_localInverse' depends on axioms: [propext, Classical.choice, Quot.sound]
'MolecularDynamics.separableTimePrimitive_along_solution' depends on axioms: [propext, Classical.choice, Quot.sound]
'MolecularDynamics.separableTimePrimitive_inverse_along_solution' depends on axioms: [propext,
 Classical.choice,
 Quot.sound]
'MolecularDynamics.keplerRadial_energy_speedSquare' depends on axioms: [propext, Classical.choice, Quot.sound]
'MolecularDynamics.keplerRadialBranchSpeed_eq_velocity' depends on axioms: [propext, Classical.choice, Quot.sound]
'MolecularDynamics.keplerRadialSpeedSquare_continuousAt' depends on axioms: [propext, Classical.choice, Quot.sound]
'MolecularDynamics.keplerRadialEnergy_const_on_Ioo' depends on axioms: [propext, Classical.choice, Quot.sound]
'MolecularDynamics.keplerRadial_signedQuadrature_inverse_on_branch' depends on axioms: [propext,
 Classical.choice,
 Quot.sound]
'MolecularDynamics.exists_keplerRadial_nonturning_window' depends on axioms: [propext, Classical.choice, Quot.sound]
'MolecularDynamics.keplerRadial_nonturning_signedQuadrature' depends on axioms: [propext, Classical.choice, Quot.sound]
'MolecularDynamics.keplerRadial_nonturning_quadrature' depends on axioms: [propext, Classical.choice, Quot.sound]
'MolecularDynamics.harmonicAction_time_formula' depends on axioms: [propext, Classical.choice, Quot.sound]
'MolecularDynamics.harmonicAction_harmonicFlow' depends on axioms: [propext, Classical.choice, Quot.sound]
'MolecularDynamics.harmonicActionAmplitude_pos' depends on axioms: [propext, Classical.choice, Quot.sound]
'MolecularDynamics.harmonicActionVelocity_formula' depends on axioms: [propext, Classical.choice, Quot.sound]
'MolecularDynamics.harmonicAction_energy' depends on axioms: [propext, Classical.choice, Quot.sound]
'MolecularDynamics.harmonicActionAmplitude_hasDerivAt' depends on axioms: [propext, Classical.choice, Quot.sound]
'MolecularDynamics.harmonicAction_hasDerivAt_components' depends on axioms: [propext, Classical.choice, Quot.sound]
'MolecularDynamics.harmonicAction_derivative_coefficients_iff' depends on axioms: [propext,
 Classical.choice,
 Quot.sound]
'MolecularDynamics.harmonicAction_ode_iff' depends on axioms: [propext, Classical.choice, Quot.sound]
'MolecularDynamics.harmonicAction_explicit_solution' depends on axioms: [propext, Classical.choice, Quot.sound]
'MolecularDynamics.exists_harmonicAction_representation' depends on axioms: [propext, Classical.choice, Quot.sound]
'MolecularDynamics.harmonicActionAmplitude_hasStrictDerivAt' depends on axioms: [propext, Classical.choice, Quot.sound]
'MolecularDynamics.harmonicActionJacobian_det' depends on axioms: [propext, Classical.choice, Quot.sound]
'MolecularDynamics.hasStrictFDerivAt_harmonicActionMap' depends on axioms: [propext, Classical.choice, Quot.sound]
'MolecularDynamics.fderiv_harmonicActionMap' depends on axioms: [propext, Classical.choice, Quot.sound]
'MolecularDynamics.exists_harmonicActionLocalChart' depends on axioms: [propext, Classical.choice, Quot.sound]
'MolecularDynamics.harmonicTorusPhase_rotation_coordinates' depends on axioms: [propext, Classical.choice, Quot.sound]
'MolecularDynamics.harmonicTorusPhase_rotation_isMechanical' depends on axioms: [propext, Classical.choice, Quot.sound]
'MolecularDynamics.harmonicTorusRotation_continuous' depends on axioms: [propext, Classical.choice, Quot.sound]
'MolecularDynamics.harmonicTorusRotation_add' depends on axioms: [propext, Classical.choice, Quot.sound]
'MolecularDynamics.harmonicTorusRotation_periodic_iff' depends on axioms: [propext, Classical.choice, Quot.sound]
'MolecularDynamics.harmonicTorusRotation_periodic_iff_integer' depends on axioms: [propext,
 Classical.choice,
 Quot.sound]
'MolecularDynamics.harmonicTorusRotation_integerFrequencies_periodic' depends on axioms: [propext,
 Classical.choice,
 Quot.sound]
'MolecularDynamics.harmonicTorusPhase_continuous' depends on axioms: [propext, Classical.choice, Quot.sound]
'MolecularDynamics.harmonicTorusPhase_realAngles' depends on axioms: [propext, Classical.choice, Quot.sound]
'MolecularDynamics.harmonicTorusPhase_energy' depends on axioms: [propext, Classical.choice, Quot.sound]
'MolecularDynamics.harmonicTorusPhase_image_fixedEnergy' depends on axioms: [propext, Classical.choice, Quot.sound]
'MolecularDynamics.harmonicTorusPhase_injective' depends on axioms: [propext, Classical.choice, Quot.sound]
'MolecularDynamics.harmonicTorusPhase_isClosedEmbedding' depends on axioms: [propext, Classical.choice, Quot.sound]
'MolecularDynamics.exists_harmonicTorusPhase_homeomorph' depends on axioms: [propext, Classical.choice, Quot.sound]
'MolecularDynamics.harmonicTorusThreeResonance_rotation' depends on axioms: [propext, Classical.choice, Quot.sound]
'MolecularDynamics.harmonicTorusRotation_three_resonant_not_dense' depends on axioms: [propext,
 Classical.choice,
 Quot.sound]
'MolecularDynamics.harmonicTorusRotation_two_dense_zero' depends on axioms: [propext, Classical.choice, Quot.sound]
'MolecularDynamics.harmonicTorusRotation_two_dense' depends on axioms: [propext, Classical.choice, Quot.sound]
'MolecularDynamics.harmonicTorusPhase_two_dense_fixedEnergy' depends on axioms: [propext, Classical.choice, Quot.sound]
'MolecularDynamics.harmonicTorusRotation_two_positivePeriod_iff_rational' depends on axioms: [propext,
 Classical.choice,
 Quot.sound]
'MolecularDynamics.harmonicTorusRotation_two_irrational_no_positivePeriod' depends on axioms: [propext,
 Classical.choice,
 Quot.sound]
'MolecularDynamics.harmonicTorusPhase_periodic_of_rotation_periodic' depends on axioms: [propext,
 Classical.choice,
 Quot.sound]
'MolecularDynamics.harmonicTorusPhase_periodic_iff_rotation_periodic' depends on axioms: [propext,
 Classical.choice,
 Quot.sound]
'MolecularDynamics.harmonicTorusPhase_two_positivePeriod_iff_rational' depends on axioms: [propext,
 Classical.choice,
 Quot.sound]
'MolecularDynamics.harmonicTorusPhase_two_irrational_no_positivePeriod' depends on axioms: [propext,
 Classical.choice,
 Quot.sound]
'MolecularDynamics.planarScalarPartial_isInvertible' depends on axioms: [propext, Classical.choice, Quot.sound]
'MolecularDynamics.exists_planarFirstIntegral_localGraph' depends on axioms: [propext, Classical.choice, Quot.sound]
'MolecularDynamics.planarFirstIntegral_localGraph_reduction' depends on axioms: [propext, Classical.choice, Quot.sound]
'MolecularDynamics.exists_planarFirstIntegral_C1Graph' depends on axioms: [propext, Classical.choice, Quot.sound]
'MolecularDynamics.exists_planarFirstIntegral_quadratureWindow' depends on axioms: [propext,
 Classical.choice,
 Quot.sound]
'MolecularDynamics.planarFirstIntegral_nonturning_quadrature' depends on axioms: [propext, Classical.choice, Quot.sound]
'MolecularDynamics.scalarPotentialEnergy_contDiff' depends on axioms: [propext, Classical.choice, Quot.sound]
'MolecularDynamics.scalarPotentialVectorField_contDiff' depends on axioms: [propext, Classical.choice, Quot.sound]
'MolecularDynamics.scalarPotentialEnergy_hasDerivAt_zero' depends on axioms: [propext, Classical.choice, Quot.sound]
'MolecularDynamics.scalarPotentialEnergy_isFirstIntegral' depends on axioms: [propext, Classical.choice, Quot.sound]
'MolecularDynamics.scalarPotentialEnergy_velocityPartial' depends on axioms: [propext, Classical.choice, Quot.sound]
'MolecularDynamics.scalarPotential_nonturning_quadrature' depends on axioms: [propext, Classical.choice, Quot.sound]
'MolecularDynamics.scalarPotentialSwappedEnergy_contDiff' depends on axioms: [propext, Classical.choice, Quot.sound]
'MolecularDynamics.scalarPotentialSwappedField_contDiff' depends on axioms: [propext, Classical.choice, Quot.sound]
'MolecularDynamics.scalarPotentialSwappedEnergy_isFirstIntegral' depends on axioms: [propext,
 Classical.choice,
 Quot.sound]
'MolecularDynamics.scalarPotentialSwappedEnergy_positionPartial' depends on axioms: [propext,
 Classical.choice,
 Quot.sound]
'MolecularDynamics.scalarPotential_regularTurning_quadrature' depends on axioms: [propext, Classical.choice, Quot.sound]
'MolecularDynamics.scalarPotential_equilibrium_constant' depends on axioms: [propext, Classical.choice, Quot.sound]
'MolecularDynamics.scalarPotential_equilibrium_locally_unique' depends on axioms: [propext,
 Classical.choice,
 Quot.sound]
'MolecularDynamics.scalarPotential_equilibrium_on_Ioo' depends on axioms: [propext, Classical.choice, Quot.sound]
'MolecularDynamics.scalarPotential_localDescription' depends on axioms: [propext, Classical.choice, Quot.sound]
'MolecularDynamics.scalarPotential_exists_localIVP' depends on axioms: [propext, Classical.choice, Quot.sound]
'MolecularDynamics.scalarPotential_exists_localIVP_integrable' depends on axioms: [propext,
 Classical.choice,
 Quot.sound]
'MolecularDynamics.equilibrium_constant_ode_iff' depends on axioms: [propext, Classical.choice, Quot.sound]
'MolecularDynamics.equilibriumLinearizationRemainder_isLittleO' depends on axioms: [propext,
 Classical.choice,
 Quot.sound]
'MolecularDynamics.equilibriumLinearizationRemainder_of_C1' depends on axioms: [propext, Classical.choice, Quot.sound]
'MolecularDynamics.actual_perturbation_ode' depends on axioms: [propext, Classical.choice, Quot.sound]
'MolecularDynamics.equilibrium_linearized_IVP' depends on axioms: [propext, Classical.choice, Quot.sound]
'MolecularDynamics.mechanicalLinearization_apply' depends on axioms: [propext, Classical.choice, Quot.sound]
'MolecularDynamics.hasFDerivAt_mechanicalVectorField' depends on axioms: [propext, Classical.choice, Quot.sound]
'MolecularDynamics.conservative_mechanical_linearization' depends on axioms: [propext, Classical.choice, Quot.sound]
'MolecularDynamics.exists_C1_localContinuousSolutionFamily' depends on axioms: [propext, Classical.choice, Quot.sound]
'MolecularDynamics.exists_localContinuousMechanicalFamily' depends on axioms: [propext, Classical.choice, Quot.sound]
'MolecularDynamics.exists_localContinuousMechanicalFamily_open' depends on axioms: [propext,
 Classical.choice,
 Quot.sound]
'MolecularDynamics.potential_hessian_symmetric' depends on axioms: [propext, Classical.choice, Quot.sound]
'MolecularDynamics.potential_hessian_symmetric_apply' depends on axioms: [propext, Classical.choice, Quot.sound]
'MolecularDynamics.conservative_linearization_hessian_data' depends on axioms: [propext, Classical.choice, Quot.sound]
'MolecularDynamics.linearizedHamiltonianQuadratic' depends on axioms: [propext, Classical.choice, Quot.sound]
'MolecularDynamics.linearizedHamiltonianQuadratic_eq_textbook_form' depends on axioms: [propext,
 Classical.choice,
 Quot.sound]
'MolecularDynamics.linearizedHamiltonianQuadratic_nonneg' depends on axioms: [propext, Classical.choice, Quot.sound]
'MolecularDynamics.linearizedHamiltonianQuadratic_nonneg_of_hessian' depends on axioms: [propext,
 Classical.choice,
 Quot.sound]
MolecularDynamics.eulerStep.{u_1} {E : Type u_1} [NormedAddCommGroup E] [NormedSpace ℝ E] (f : E → E) (h : ℝ) (x : E) :
  E
MolecularDynamics.eulerIterate.{u_1} {E : Type u_1} [NormedAddCommGroup E] [NormedSpace ℝ E] (f : E → E) (h : ℝ)
  (x₀ : E) (n : ℕ) : E
MolecularDynamics.eulerIterate_zero.{u_1} {E : Type u_1} [NormedAddCommGroup E] [NormedSpace ℝ E] (f : E → E) (h : ℝ)
  (x₀ : E) : MolecularDynamics.eulerIterate f h x₀ 0 = x₀
MolecularDynamics.eulerIterate_succ.{u_1} {E : Type u_1} [NormedAddCommGroup E] [NormedSpace ℝ E] (f : E → E) (h : ℝ)
  (x₀ : E) (n : ℕ) :
  MolecularDynamics.eulerIterate f h x₀ (n + 1) =
    MolecularDynamics.eulerStep f h (MolecularDynamics.eulerIterate f h x₀ n)
MolecularDynamics.eulerIterate_zero_step.{u_1} {E : Type u_1} [NormedAddCommGroup E] [NormedSpace ℝ E] (f : E → E)
  (x₀ : E) (n : ℕ) : MolecularDynamics.eulerIterate f 0 x₀ n = x₀
MolecularDynamics.eulerMaxError.{u_1} {E : Type u_1} [NormedAddCommGroup E] [NormedSpace ℝ E] (f : E → E) (h : ℝ)
  (γ : ℝ → E) (ν : ℕ) : ℝ
MolecularDynamics.eulerMaxError_le.{u_1} {E : Type u_1} [NormedAddCommGroup E] [NormedSpace ℝ E] (f : E → E) (h : ℝ)
  (γ : ℝ → E) (ν : ℕ) (B : ℝ) (hb : ∀ n ≤ ν, ‖MolecularDynamics.eulerIterate f h (γ 0) n - γ (↑n * h)‖ ≤ B) :
  MolecularDynamics.eulerMaxError f h γ ν ≤ B
MolecularDynamics.eulerStep_norm_sub_le.{u_1} {E : Type u_1} [NormedAddCommGroup E] [NormedSpace ℝ E] (f : E → E)
  {h L : ℝ} (hh : 0 ≤ h) (x y : E) (hf : ‖f x - f y‖ ≤ L * ‖x - y‖) :
  ‖MolecularDynamics.eulerStep f h x - MolecularDynamics.eulerStep f h y‖ ≤ (1 + h * L) * ‖x - y‖
MolecularDynamics.euler_localDefect_of_derivative_bound.{u_1} {E : Type u_1} [NormedAddCommGroup E] [NormedSpace ℝ E]
  (f : E → E) (γ : ℝ → E) {s t A : ℝ} (hst : s ≤ t)
  (hγ : ∀ u ∈ Set.Icc s t, HasDerivWithinAt γ (f (γ u)) (Set.Icc s t) u)
  (hf : ∀ u ∈ Set.Icc s t, ‖f (γ u) - f (γ s)‖ ≤ A * (t - s)) :
  ‖γ t - MolecularDynamics.eulerStep f (t - s) (γ s)‖ ≤ A * (t - s) ^ 2
MolecularDynamics.exists_euler_trajectory_bounds.{u_1} {E : Type u_1} [NormedAddCommGroup E] [NormedSpace ℝ E]
  [ProperSpace E] (D : Set E) (hD : IsOpen D) (f : E → E) (hf : ContDiffOn ℝ 1 f D) (γ : ℝ → E) (τ : ℝ)
  (hγD : Set.MapsTo γ (Set.Icc 0 τ) D) (hγ : ∀ t ∈ Set.Icc 0 τ, HasDerivWithinAt γ (f (γ t)) (Set.Icc 0 τ) t) :
  ∃ r L A,
    0 < r ∧
      0 < L ∧
        0 < A ∧
          (∀ t ∈ Set.Icc 0 τ, ∀ (x : E), ‖x - γ t‖ ≤ r → x ∈ D ∧ ‖f x - f (γ t)‖ ≤ L * ‖x - γ t‖) ∧
            ∀ (s t : ℝ), 0 ≤ s → s ≤ t → t ≤ τ → ‖γ t - MolecularDynamics.eulerStep f (t - s) (γ s)‖ ≤ A * (t - s) ^ 2
MolecularDynamics.euler_convergence_on_open.{u_1} {E : Type u_1} [NormedAddCommGroup E] [NormedSpace ℝ E]
  [ProperSpace E] (D : Set E) (hD : IsOpen D) (f : E → E) (hf : ContDiffOn ℝ 1 f D) (γ : ℝ → E) {τ : ℝ} (hτ : 0 < τ)
  (hγD : Set.MapsTo γ (Set.Icc 0 τ) D) (hγ : ∀ t ∈ Set.Icc 0 τ, HasDerivWithinAt γ (f (γ t)) (Set.Icc 0 τ) t) :
  ∃ C,
    0 < C ∧
      ∃ ν₀,
        0 < ν₀ ∧
          ∀ ν ≥ ν₀,
            ∀ n ≤ ν,
              MolecularDynamics.eulerIterate f (τ / ↑ν) (γ 0) n ∈ D ∧
                ‖MolecularDynamics.eulerIterate f (τ / ↑ν) (γ 0) n - γ (↑n * (τ / ↑ν))‖ ≤ C * (τ / ↑ν)
MolecularDynamics.theorem_2_1_euler {m : ℕ} (D : Set (MolecularDynamics.Position m))
  (_hDbounded : Bornology.IsBounded D) (hD : IsOpen D) (f : MolecularDynamics.Position m → MolecularDynamics.Position m)
  (hf : ContDiffOn ℝ 1 f D) (γ : ℝ → MolecularDynamics.Position m) {τ : ℝ} (hτ : 0 ≤ τ)
  (hγD : Set.MapsTo γ (Set.Icc 0 τ) D) (hγ : ∀ t ∈ Set.Icc 0 τ, HasDerivWithinAt γ (f (γ t)) (Set.Icc 0 τ) t) :
  ∃ C,
    0 < C ∧
      ∃ ν₀,
        0 < ν₀ ∧
          ∀ ν ≥ ν₀,
            (∀ n ≤ ν, MolecularDynamics.eulerIterate f (τ / ↑ν) (γ 0) n ∈ D) ∧
              MolecularDynamics.eulerMaxError f (τ / ↑ν) γ ν ≤ C * (τ / ↑ν)
MolecularDynamics.oneStepIterate.{u_1} {E : Type u_1} (G : ℝ → E → E) (h : ℝ) (z₀ : E) (n : ℕ) : E
MolecularDynamics.oneStepIterate_zero.{u_1} {E : Type u_1} (G : ℝ → E → E) (h : ℝ) (z₀ : E) :
  MolecularDynamics.oneStepIterate G h z₀ 0 = z₀
MolecularDynamics.oneStepIterate_succ.{u_1} {E : Type u_1} (G : ℝ → E → E) (h : ℝ) (z₀ : E) (n : ℕ) :
  MolecularDynamics.oneStepIterate G h z₀ (n + 1) = G h (MolecularDynamics.oneStepIterate G h z₀ n)
MolecularDynamics.oneStepMaxError.{u_1} {E : Type u_1} [NormedAddCommGroup E] (G : ℝ → E → E) (h : ℝ) (γ : ℝ → E)
  (ν : ℕ) : ℝ
MolecularDynamics.oneStepMaxError_nonneg.{u_1} {E : Type u_1} [NormedAddCommGroup E] (G : ℝ → E → E) (h : ℝ) (γ : ℝ → E)
  (ν : ℕ) : 0 ≤ MolecularDynamics.oneStepMaxError G h γ ν
MolecularDynamics.oneStepMaxError_le.{u_1} {E : Type u_1} [NormedAddCommGroup E] (G : ℝ → E → E) (h : ℝ) (γ : ℝ → E)
  (ν : ℕ) (B : ℝ) (hb : ∀ n ≤ ν, ‖MolecularDynamics.oneStepIterate G h (γ 0) n - γ (↑n * h)‖ ≤ B) :
  MolecularDynamics.oneStepMaxError G h γ ν ≤ B
MolecularDynamics.oneStep_error_recursion.{u_1} {E : Type u_1} [NormedAddCommGroup E] (G : ℝ → E → E) (γ : ℝ → E)
  (D : Set E) (h L K p : ℝ) (ν : ℕ) (hnum : ∀ n ≤ ν, MolecularDynamics.oneStepIterate G h (γ 0) n ∈ D)
  (hexact : ∀ n ≤ ν, γ (↑n * h) ∈ D) (hstable : ∀ u ∈ D, ∀ w ∈ D, ‖G h u - G h w‖ ≤ (1 + h * L) * ‖u - w‖)
  (hconsistent : ∀ n < ν, ‖G h (γ (↑n * h)) - γ (↑(n + 1) * h)‖ ≤ K * h ^ (p + 1)) (n : ℕ) (hn : n < ν) :
  ‖MolecularDynamics.oneStepIterate G h (γ 0) (n + 1) - γ (↑(n + 1) * h)‖ ≤
    (1 + h * L) * ‖MolecularDynamics.oneStepIterate G h (γ 0) n - γ (↑n * h)‖ + K * h ^ (p + 1)
MolecularDynamics.oneStep_error_bound.{u_1} {E : Type u_1} [NormedAddCommGroup E] (G : ℝ → E → E) (γ : ℝ → E)
  (D : Set E) {h L K p : ℝ} (ν : ℕ) (hh : 0 < h) (hL : 0 < L) (hK : 0 ≤ K)
  (hnum : ∀ n ≤ ν, MolecularDynamics.oneStepIterate G h (γ 0) n ∈ D) (hexact : ∀ n ≤ ν, γ (↑n * h) ∈ D)
  (hstable : ∀ u ∈ D, ∀ w ∈ D, ‖G h u - G h w‖ ≤ (1 + h * L) * ‖u - w‖)
  (hconsistent : ∀ n < ν, ‖G h (γ (↑n * h)) - γ (↑(n + 1) * h)‖ ≤ K * h ^ (p + 1)) (n : ℕ) :
  n ≤ ν → ‖MolecularDynamics.oneStepIterate G h (γ 0) n - γ (↑n * h)‖ ≤ K / L * Real.exp (L * (↑n * h)) * h ^ p
MolecularDynamics.oneStepMaxError_order_bound.{u_1} {E : Type u_1} [NormedAddCommGroup E] (G : ℝ → E → E) (γ : ℝ → E)
  (D : Set E) {h L K p τ : ℝ} (ν : ℕ) (hh : 0 < h) (hL : 0 < L) (hK : 0 ≤ K) (horizon : ↑ν * h ≤ τ)
  (hnum : ∀ n ≤ ν, MolecularDynamics.oneStepIterate G h (γ 0) n ∈ D) (hexact : ∀ n ≤ ν, γ (↑n * h) ∈ D)
  (hstable : ∀ u ∈ D, ∀ w ∈ D, ‖G h u - G h w‖ ≤ (1 + h * L) * ‖u - w‖)
  (hconsistent : ∀ n < ν, ‖G h (γ (↑n * h)) - γ (↑(n + 1) * h)‖ ≤ K * h ^ (p + 1)) :
  MolecularDynamics.oneStepMaxError G h γ ν ≤ K / L * Real.exp (L * τ) * h ^ p
MolecularDynamics.oneStep_converges_of_consistency_stability.{u_1} {E : Type u_1} [NormedAddCommGroup E] (G : ℝ → E → E)
  (γ : ℝ → E) (D : Set E) {τ δ L K p : ℝ} (hτ : 0 < τ) (hδ : 0 < δ) (hL : 0 < L) (hK : 0 ≤ K) (hp : 0 < p)
  (hexact : Set.MapsTo γ (Set.Icc 0 τ) D)
  (hnum : ∀ (ν : ℕ), 0 < ν → τ / ↑ν ≤ δ → ∀ n ≤ ν, MolecularDynamics.oneStepIterate G (τ / ↑ν) (γ 0) n ∈ D)
  (hstable : ∀ h ∈ Set.Ioc 0 δ, ∀ u ∈ D, ∀ w ∈ D, ‖G h u - G h w‖ ≤ (1 + h * L) * ‖u - w‖)
  (hconsistent : ∀ h ∈ Set.Ioo 0 δ, ∀ t ∈ Set.Icc 0 τ, t + h ≤ τ → ‖G h (γ t) - γ (t + h)‖ ≤ K * h ^ (p + 1)) :
  Filter.Tendsto (fun ν => MolecularDynamics.oneStepMaxError G (τ / ↑ν) γ ν) Filter.atTop (nhds 0)
MolecularDynamics.SymplecticCoordinates (Nc : ℕ) : Type
MolecularDynamics.SymplecticCoordinateMatrix (Nc : ℕ) : Type
MolecularDynamics.textbookJ (Nc : ℕ) : MolecularDynamics.SymplecticCoordinateMatrix Nc
MolecularDynamics.textbookJ_eq_neg_mathlibJ (Nc : ℕ) : MolecularDynamics.textbookJ Nc = -Matrix.J (Fin Nc) ℝ
MolecularDynamics.textbookJ_transpose (Nc : ℕ) :
  Matrix.transpose (MolecularDynamics.textbookJ Nc) = -MolecularDynamics.textbookJ Nc
MolecularDynamics.textbookJ_squared (Nc : ℕ) : MolecularDynamics.textbookJ Nc * MolecularDynamics.textbookJ Nc = -1
MolecularDynamics.textbookDq {Nc : ℕ} (i : Fin Nc) : MolecularDynamics.SymplecticCoordinates Nc →ₗ[ℝ] ℝ
MolecularDynamics.textbookDp {Nc : ℕ} (i : Fin Nc) : MolecularDynamics.SymplecticCoordinates Nc →ₗ[ℝ] ℝ
MolecularDynamics.textbookDq_apply {Nc : ℕ} (i : Fin Nc) (u : MolecularDynamics.SymplecticCoordinates Nc) :
  (MolecularDynamics.textbookDq i) u = u (Sum.inl i)
MolecularDynamics.textbookDp_apply {Nc : ℕ} (i : Fin Nc) (u : MolecularDynamics.SymplecticCoordinates Nc) :
  (MolecularDynamics.textbookDp i) u = u (Sum.inr i)
MolecularDynamics.textbookWedgeOneForms {Nc : ℕ} (α β : MolecularDynamics.SymplecticCoordinates Nc →ₗ[ℝ] ℝ) :
  LinearMap.BilinForm ℝ (MolecularDynamics.SymplecticCoordinates Nc)
MolecularDynamics.textbookWedgeOneForms_apply {Nc : ℕ} (α β : MolecularDynamics.SymplecticCoordinates Nc →ₗ[ℝ] ℝ)
  (u v : MolecularDynamics.SymplecticCoordinates Nc) :
  ((MolecularDynamics.textbookWedgeOneForms α β) u) v = α u * β v - α v * β u
MolecularDynamics.textbookSymplecticForm (Nc : ℕ) : LinearMap.BilinForm ℝ (MolecularDynamics.SymplecticCoordinates Nc)
MolecularDynamics.textbookSymplecticForm_coordinates (Nc : ℕ) (u v : MolecularDynamics.SymplecticCoordinates Nc) :
  ((MolecularDynamics.textbookSymplecticForm Nc) u) v =
    ∑ i, (u (Sum.inl i) * v (Sum.inr i) - u (Sum.inr i) * v (Sum.inl i))
MolecularDynamics.textbookSymplecticForm_eq_sum_wedges (Nc : ℕ) :
  MolecularDynamics.textbookSymplecticForm Nc =
    ∑ i, MolecularDynamics.textbookWedgeOneForms (MolecularDynamics.textbookDq i) (MolecularDynamics.textbookDp i)
MolecularDynamics.textbookSymplecticForm_self (Nc : ℕ) (u : MolecularDynamics.SymplecticCoordinates Nc) :
  ((MolecularDynamics.textbookSymplecticForm Nc) u) u = 0
MolecularDynamics.textbookSymplecticForm_skew (Nc : ℕ) (u v : MolecularDynamics.SymplecticCoordinates Nc) :
  ((MolecularDynamics.textbookSymplecticForm Nc) v) u = -((MolecularDynamics.textbookSymplecticForm Nc) u) v
MolecularDynamics.textbookSymplecticPullback {Nc : ℕ} (A : MolecularDynamics.SymplecticCoordinateMatrix Nc) :
  LinearMap.BilinForm ℝ (MolecularDynamics.SymplecticCoordinates Nc)
MolecularDynamics.textbookSymplecticPullback_apply {Nc : ℕ} (A : MolecularDynamics.SymplecticCoordinateMatrix Nc)
  (u v : MolecularDynamics.SymplecticCoordinates Nc) :
  ((MolecularDynamics.textbookSymplecticPullback A) u) v =
    ((MolecularDynamics.textbookSymplecticForm Nc) (Matrix.mulVec A u)) (Matrix.mulVec A v)
MolecularDynamics.textbookSymplecticPullback_matrix {Nc : ℕ} (A : MolecularDynamics.SymplecticCoordinateMatrix Nc) :
  MolecularDynamics.textbookSymplecticPullback A =
    Matrix.toBilin' (Matrix.transpose A * MolecularDynamics.textbookJ Nc * A)
MolecularDynamics.IsTextbookSymplectic {Nc : ℕ} (A : MolecularDynamics.SymplecticCoordinateMatrix Nc) : Prop
MolecularDynamics.isTextbookSymplectic_iff_pullback {Nc : ℕ} (A : MolecularDynamics.SymplecticCoordinateMatrix Nc) :
  MolecularDynamics.IsTextbookSymplectic A ↔
    MolecularDynamics.textbookSymplecticPullback A = MolecularDynamics.textbookSymplecticForm Nc
MolecularDynamics.isTextbookSymplectic_iff_preserves_form {Nc : ℕ}
  (A : MolecularDynamics.SymplecticCoordinateMatrix Nc) :
  MolecularDynamics.IsTextbookSymplectic A ↔
    ∀ (u v : MolecularDynamics.SymplecticCoordinates Nc),
      ((MolecularDynamics.textbookSymplecticForm Nc) (Matrix.mulVec A u)) (Matrix.mulVec A v) =
        ((MolecularDynamics.textbookSymplecticForm Nc) u) v
MolecularDynamics.isTextbookSymplectic_iff_mathlib {Nc : ℕ} (A : MolecularDynamics.SymplecticCoordinateMatrix Nc) :
  MolecularDynamics.IsTextbookSymplectic A ↔ A ∈ Matrix.symplecticGroup (Fin Nc) ℝ
MolecularDynamics.isTextbookSymplectic_one (Nc : ℕ) : MolecularDynamics.IsTextbookSymplectic 1
MolecularDynamics.IsTextbookSymplectic.mul {Nc : ℕ} {A B : MolecularDynamics.SymplecticCoordinateMatrix Nc}
  (hA : MolecularDynamics.IsTextbookSymplectic A) (hB : MolecularDynamics.IsTextbookSymplectic B) :
  MolecularDynamics.IsTextbookSymplectic (A * B)
MolecularDynamics.IsTextbookSymplectic.det_eq_one {Nc : ℕ} {A : MolecularDynamics.SymplecticCoordinateMatrix Nc}
  (hA : MolecularDynamics.IsTextbookSymplectic A) : Matrix.det A = 1
MolecularDynamics.IsTextbookSymplectic.det_square {Nc : ℕ} {A : MolecularDynamics.SymplecticCoordinateMatrix Nc}
  (hA : MolecularDynamics.IsTextbookSymplectic A) : Matrix.det A ^ 2 = 1
MolecularDynamics.IsTextbookSymplectic.abs_det {Nc : ℕ} {A : MolecularDynamics.SymplecticCoordinateMatrix Nc}
  (hA : MolecularDynamics.IsTextbookSymplectic A) : |Matrix.det A| = 1
MolecularDynamics.IsTextbookSymplectic.inv {Nc : ℕ} {A : MolecularDynamics.SymplecticCoordinateMatrix Nc}
  (hA : MolecularDynamics.IsTextbookSymplectic A) : MolecularDynamics.IsTextbookSymplectic A⁻¹
MolecularDynamics.IsTextbookSymplectic.inv_formula {Nc : ℕ} {A : MolecularDynamics.SymplecticCoordinateMatrix Nc}
  (hA : MolecularDynamics.IsTextbookSymplectic A) :
  A⁻¹ = -MolecularDynamics.textbookJ Nc * Matrix.transpose A * MolecularDynamics.textbookJ Nc
MolecularDynamics.textbookJacobian {Nc : ℕ}
  (Φ : MolecularDynamics.SymplecticCoordinates Nc → MolecularDynamics.SymplecticCoordinates Nc)
  (z : MolecularDynamics.SymplecticCoordinates Nc) : MolecularDynamics.SymplecticCoordinateMatrix Nc
MolecularDynamics.textbookJacobian_entry {Nc : ℕ}
  (Φ : MolecularDynamics.SymplecticCoordinates Nc → MolecularDynamics.SymplecticCoordinates Nc)
  (z : MolecularDynamics.SymplecticCoordinates Nc) (i j : Fin Nc ⊕ Fin Nc) :
  MolecularDynamics.textbookJacobian Φ z i j = (fderiv ℝ Φ z) (Pi.single j 1) i
MolecularDynamics.textbookJacobian_mulVec {Nc : ℕ}
  (Φ : MolecularDynamics.SymplecticCoordinates Nc → MolecularDynamics.SymplecticCoordinates Nc)
  (z u : MolecularDynamics.SymplecticCoordinates Nc) :
  Matrix.mulVec (MolecularDynamics.textbookJacobian Φ z) u = (fderiv ℝ Φ z) u
MolecularDynamics.textbookJacobian_id (Nc : ℕ) (z : MolecularDynamics.SymplecticCoordinates Nc) :
  MolecularDynamics.textbookJacobian id z = 1
MolecularDynamics.textbookJacobian_comp {Nc : ℕ}
  (Φ Ψ : MolecularDynamics.SymplecticCoordinates Nc → MolecularDynamics.SymplecticCoordinates Nc)
  (hΦ : Differentiable ℝ Φ) (hΨ : Differentiable ℝ Ψ) (z : MolecularDynamics.SymplecticCoordinates Nc) :
  MolecularDynamics.textbookJacobian (Φ ∘ Ψ) z =
    MolecularDynamics.textbookJacobian Φ (Ψ z) * MolecularDynamics.textbookJacobian Ψ z
MolecularDynamics.IsTextbookSymplecticMap {Nc : ℕ}
  (Φ : MolecularDynamics.SymplecticCoordinates Nc → MolecularDynamics.SymplecticCoordinates Nc) : Prop
MolecularDynamics.isTextbookSymplecticMap_iff_preserves_form {Nc : ℕ}
  (Φ : MolecularDynamics.SymplecticCoordinates Nc → MolecularDynamics.SymplecticCoordinates Nc) :
  MolecularDynamics.IsTextbookSymplecticMap Φ ↔
    ContDiff ℝ 1 Φ ∧
      ∀ (z u v : MolecularDynamics.SymplecticCoordinates Nc),
        ((MolecularDynamics.textbookSymplecticForm Nc) ((fderiv ℝ Φ z) u)) ((fderiv ℝ Φ z) v) =
          ((MolecularDynamics.textbookSymplecticForm Nc) u) v
MolecularDynamics.isTextbookSymplecticMap_id (Nc : ℕ) : MolecularDynamics.IsTextbookSymplecticMap id
MolecularDynamics.IsTextbookSymplecticMap.comp {Nc : ℕ}
  {Φ Ψ : MolecularDynamics.SymplecticCoordinates Nc → MolecularDynamics.SymplecticCoordinates Nc}
  (hΦ : MolecularDynamics.IsTextbookSymplecticMap Φ) (hΨ : MolecularDynamics.IsTextbookSymplecticMap Ψ) :
  MolecularDynamics.IsTextbookSymplecticMap (Φ ∘ Ψ)
MolecularDynamics.IsTextbookSymplecticMap.jacobian_det_eq_one {Nc : ℕ}
  {Φ : MolecularDynamics.SymplecticCoordinates Nc → MolecularDynamics.SymplecticCoordinates Nc}
  (hΦ : MolecularDynamics.IsTextbookSymplecticMap Φ) (z : MolecularDynamics.SymplecticCoordinates Nc) :
  Matrix.det (MolecularDynamics.textbookJacobian Φ z) = 1
MolecularDynamics.textbookJacobian_equiv_symm {Nc : ℕ} (e : Equiv.Perm (MolecularDynamics.SymplecticCoordinates Nc))
  (he : Differentiable ℝ ⇑e) (hinv : Differentiable ℝ ⇑(Equiv.symm e))
  (z : MolecularDynamics.SymplecticCoordinates Nc) :
  MolecularDynamics.textbookJacobian (⇑(Equiv.symm e)) z =
    (MolecularDynamics.textbookJacobian (⇑e) ((Equiv.symm e) z))⁻¹
MolecularDynamics.IsTextbookSymplecticEquiv {Nc : ℕ} (e : Equiv.Perm (MolecularDynamics.SymplecticCoordinates Nc)) :
  Prop
MolecularDynamics.isTextbookSymplecticEquiv_refl (Nc : ℕ) :
  MolecularDynamics.IsTextbookSymplecticEquiv (Equiv.refl (MolecularDynamics.SymplecticCoordinates Nc))
MolecularDynamics.IsTextbookSymplecticEquiv.mul {Nc : ℕ} {e f : Equiv.Perm (MolecularDynamics.SymplecticCoordinates Nc)}
  (he : MolecularDynamics.IsTextbookSymplecticEquiv e) (hf : MolecularDynamics.IsTextbookSymplecticEquiv f) :
  MolecularDynamics.IsTextbookSymplecticEquiv (e * f)
MolecularDynamics.IsTextbookSymplecticEquiv.symm {Nc : ℕ} {e : Equiv.Perm (MolecularDynamics.SymplecticCoordinates Nc)}
  (he : MolecularDynamics.IsTextbookSymplecticEquiv e) : MolecularDynamics.IsTextbookSymplecticEquiv (Equiv.symm e)
MolecularDynamics.textbookSymplecticDiffeomorphismGroup (Nc : ℕ) :
  Subgroup (Equiv.Perm (MolecularDynamics.SymplecticCoordinates Nc))
MolecularDynamics.textbookSymplecticDiffeomorphismGroup_mem_iff {Nc : ℕ}
  (e : Equiv.Perm (MolecularDynamics.SymplecticCoordinates Nc)) :
  e ∈ MolecularDynamics.textbookSymplecticDiffeomorphismGroup Nc ↔ MolecularDynamics.IsTextbookSymplecticEquiv e
MolecularDynamics.TextbookSymplecticDiffeomorphism (Nc : ℕ) :
  Subgroup (Equiv.Perm (MolecularDynamics.SymplecticCoordinates Nc))
MolecularDynamics.textbookSymplecticDiffeomorphism_mul_apply {Nc : ℕ}
  (e f : ↥(MolecularDynamics.TextbookSymplecticDiffeomorphism Nc)) (z : MolecularDynamics.SymplecticCoordinates Nc) :
  ↑(e * f) z = ↑e (↑f z)
(MolecularDynamics.TextbookSymplecticDiffeomorphism 2).toGroup
MolecularDynamics.textbookHamiltonianHessian {Nc : ℕ} (H : MolecularDynamics.SymplecticCoordinates Nc → ℝ)
  (z : MolecularDynamics.SymplecticCoordinates Nc) : MolecularDynamics.SymplecticCoordinateMatrix Nc
MolecularDynamics.textbookHamiltonianHessian_isSymm {Nc : ℕ} (H : MolecularDynamics.SymplecticCoordinates Nc → ℝ)
  (z : MolecularDynamics.SymplecticCoordinates Nc) (hH : ContDiffAt ℝ 2 H z) :
  Matrix.IsSymm (MolecularDynamics.textbookHamiltonianHessian H z)
MolecularDynamics.hamiltonian_variational_matrix_cancellation {Nc : ℕ}
  (S W : MolecularDynamics.SymplecticCoordinateMatrix Nc) (hS : Matrix.IsSymm S) :
  (MolecularDynamics.textbookJ Nc * S * W).transpose * MolecularDynamics.textbookJ Nc * W +
      Matrix.transpose W * MolecularDynamics.textbookJ Nc * (MolecularDynamics.textbookJ Nc * S * W) =
    0
MolecularDynamics.hasDerivWithinAt_hamiltonian_variational_form {Nc : ℕ}
  (S W : ℝ → MolecularDynamics.SymplecticCoordinateMatrix Nc) (s : Set ℝ) (t : ℝ) (hS : Matrix.IsSymm (S t))
  (hW : HasDerivWithinAt W (MolecularDynamics.textbookJ Nc * S t * W t) s t) :
  HasDerivWithinAt (fun u => Matrix.transpose (W u) * MolecularDynamics.textbookJ Nc * W u) 0 s t
MolecularDynamics.hamiltonian_variational_form_constant {Nc : ℕ}
  (S W : ℝ → MolecularDynamics.SymplecticCoordinateMatrix Nc) (τ : ℝ) (hS : ∀ t ∈ Set.Icc 0 τ, Matrix.IsSymm (S t))
  (hW : ∀ t ∈ Set.Icc 0 τ, HasDerivWithinAt W (MolecularDynamics.textbookJ Nc * S t * W t) (Set.Icc 0 τ) t) (t : ℝ) :
  t ∈ Set.Icc 0 τ →
    Matrix.transpose (W t) * MolecularDynamics.textbookJ Nc * W t =
      Matrix.transpose (W 0) * MolecularDynamics.textbookJ Nc * W 0
MolecularDynamics.hamiltonian_variational_isSymplectic {Nc : ℕ}
  (S W : ℝ → MolecularDynamics.SymplecticCoordinateMatrix Nc) (τ : ℝ) (hS : ∀ t ∈ Set.Icc 0 τ, Matrix.IsSymm (S t))
  (hW : ∀ t ∈ Set.Icc 0 τ, HasDerivWithinAt W (MolecularDynamics.textbookJ Nc * S t * W t) (Set.Icc 0 τ) t)
  (hinit : W 0 = 1) (t : ℝ) : t ∈ Set.Icc 0 τ → MolecularDynamics.IsTextbookSymplectic (W t)
MolecularDynamics.hamiltonian_hessian_variational_isSymplectic {Nc : ℕ}
  (H : MolecularDynamics.SymplecticCoordinates Nc → ℝ) (z : ℝ → MolecularDynamics.SymplecticCoordinates Nc)
  (W : ℝ → MolecularDynamics.SymplecticCoordinateMatrix Nc) (τ : ℝ) (hH : ∀ t ∈ Set.Icc 0 τ, ContDiffAt ℝ 2 H (z t))
  (hW :
    ∀ t ∈ Set.Icc 0 τ,
      HasDerivWithinAt W (MolecularDynamics.textbookJ Nc * MolecularDynamics.textbookHamiltonianHessian H (z t) * W t)
        (Set.Icc 0 τ) t)
  (hinit : W 0 = 1) (t : ℝ) : t ∈ Set.Icc 0 τ → MolecularDynamics.IsTextbookSymplectic (W t)
MolecularDynamics.hamiltonian_flow_isSymplectic_of_variational_equation {Nc : ℕ}
  (H : MolecularDynamics.SymplecticCoordinates Nc → ℝ)
  (F : ℝ → MolecularDynamics.SymplecticCoordinates Nc → MolecularDynamics.SymplecticCoordinates Nc) (τ : ℝ)
  (hF : ∀ t ∈ Set.Icc 0 τ, ContDiff ℝ 1 (F t))
  (hH : ∀ t ∈ Set.Icc 0 τ, ∀ (z : MolecularDynamics.SymplecticCoordinates Nc), ContDiffAt ℝ 2 H (F t z))
  (hvar :
    ∀ (z : MolecularDynamics.SymplecticCoordinates Nc),
      ∀ t ∈ Set.Icc 0 τ,
        HasDerivWithinAt (fun u => MolecularDynamics.textbookJacobian (F u) z)
          (MolecularDynamics.textbookJ Nc * MolecularDynamics.textbookHamiltonianHessian H (F t z) *
            MolecularDynamics.textbookJacobian (F t) z)
          (Set.Icc 0 τ) t)
  (hinit : F 0 = id) (t : ℝ) : t ∈ Set.Icc 0 τ → MolecularDynamics.IsTextbookSymplecticMap (F t)
MolecularDynamics.textbookPositionProjection (Nc : ℕ) : MolecularDynamics.SymplecticCoordinates Nc →L[ℝ] Fin Nc → ℝ
MolecularDynamics.textbookPotentialForce {Nc : ℕ} (U : (Fin Nc → ℝ) → ℝ) (q : Fin Nc → ℝ) : Fin Nc → ℝ
MolecularDynamics.contDiff_textbookPotentialForce {Nc : ℕ} (U : (Fin Nc → ℝ) → ℝ) (hU : ContDiff ℝ 2 U) :
  ContDiff ℝ 1 (MolecularDynamics.textbookPotentialForce U)
MolecularDynamics.textbookPotentialForce_matrix_isSymm {Nc : ℕ} (U : (Fin Nc → ℝ) → ℝ) (q : Fin Nc → ℝ)
  (hU : ContDiff ℝ 2 U) : (LinearMap.toMatrix' ↑(fderiv ℝ (MolecularDynamics.textbookPotentialForce U) q)).IsSymm
MolecularDynamics.textbookMomentumKick {Nc : ℕ} (F : (Fin Nc → ℝ) → Fin Nc → ℝ) (h : ℝ)
  (z : MolecularDynamics.SymplecticCoordinates Nc) : MolecularDynamics.SymplecticCoordinates Nc
MolecularDynamics.textbookPositionDrift {Nc : ℕ} (m : Fin Nc → ℝ) (h : ℝ)
  (z : MolecularDynamics.SymplecticCoordinates Nc) : MolecularDynamics.SymplecticCoordinates Nc
MolecularDynamics.textbookJacobian_momentumKick {Nc : ℕ} (F : (Fin Nc → ℝ) → Fin Nc → ℝ) (h : ℝ)
  (z : MolecularDynamics.SymplecticCoordinates Nc) (hF : ContDiff ℝ 1 F) :
  MolecularDynamics.textbookJacobian (MolecularDynamics.textbookMomentumKick F h) z =
    Matrix.fromBlocks 1 0 (h • LinearMap.toMatrix' ↑(fderiv ℝ F ((MolecularDynamics.textbookPositionProjection Nc) z)))
      1
MolecularDynamics.contDiff_textbookMomentumKick {Nc : ℕ} (F : (Fin Nc → ℝ) → Fin Nc → ℝ) (h : ℝ) (hF : ContDiff ℝ 1 F) :
  ContDiff ℝ 1 (MolecularDynamics.textbookMomentumKick F h)
MolecularDynamics.textbookJacobian_positionDrift {Nc : ℕ} (m : Fin Nc → ℝ) (h : ℝ)
  (z : MolecularDynamics.SymplecticCoordinates Nc) :
  MolecularDynamics.textbookJacobian (MolecularDynamics.textbookPositionDrift m h) z =
    Matrix.fromBlocks 1 (Matrix.diagonal fun i => h * (m i)⁻¹) 0 1
MolecularDynamics.textbookPositionDrift_isSymplectic {Nc : ℕ} (m : Fin Nc → ℝ) (h : ℝ) :
  MolecularDynamics.IsTextbookSymplecticMap (MolecularDynamics.textbookPositionDrift m h)
MolecularDynamics.textbookPotentialKick_isSymplectic {Nc : ℕ} (U : (Fin Nc → ℝ) → ℝ) (h : ℝ) (hU : ContDiff ℝ 2 U) :
  MolecularDynamics.IsTextbookSymplecticMap
    (MolecularDynamics.textbookMomentumKick (MolecularDynamics.textbookPotentialForce U) h)
MolecularDynamics.textbookSymplecticEuler {Nc : ℕ} (m : Fin Nc → ℝ) (U : (Fin Nc → ℝ) → ℝ) (h : ℝ) :
  MolecularDynamics.SymplecticCoordinates Nc → MolecularDynamics.SymplecticCoordinates Nc
MolecularDynamics.textbookSymplecticEuler_position {Nc : ℕ} (m : Fin Nc → ℝ) (U : (Fin Nc → ℝ) → ℝ) (h : ℝ)
  (z : MolecularDynamics.SymplecticCoordinates Nc) (i : Fin Nc) :
  MolecularDynamics.textbookSymplecticEuler m U h z (Sum.inl i) =
    z (Sum.inl i) +
      h * (m i)⁻¹ *
        (z (Sum.inr i) +
          h * MolecularDynamics.textbookPotentialForce U ((MolecularDynamics.textbookPositionProjection Nc) z) i)
MolecularDynamics.textbookSymplecticEuler_momentum {Nc : ℕ} (m : Fin Nc → ℝ) (U : (Fin Nc → ℝ) → ℝ) (h : ℝ)
  (z : MolecularDynamics.SymplecticCoordinates Nc) (i : Fin Nc) :
  MolecularDynamics.textbookSymplecticEuler m U h z (Sum.inr i) =
    z (Sum.inr i) +
      h * MolecularDynamics.textbookPotentialForce U ((MolecularDynamics.textbookPositionProjection Nc) z) i
MolecularDynamics.textbookSymplecticEuler_isSymplectic {Nc : ℕ} (m : Fin Nc → ℝ) (U : (Fin Nc → ℝ) → ℝ) (h : ℝ)
  (hU : ContDiff ℝ 2 U) : MolecularDynamics.IsTextbookSymplecticMap (MolecularDynamics.textbookSymplecticEuler m U h)
MolecularDynamics.textbookPositionProjection_momentumKick {Nc : ℕ} (F : (Fin Nc → ℝ) → Fin Nc → ℝ) (h : ℝ)
  (z : MolecularDynamics.SymplecticCoordinates Nc) :
  (MolecularDynamics.textbookPositionProjection Nc) (MolecularDynamics.textbookMomentumKick F h z) =
    (MolecularDynamics.textbookPositionProjection Nc) z
MolecularDynamics.textbookMomentumKick_neg_cancel {Nc : ℕ} (F : (Fin Nc → ℝ) → Fin Nc → ℝ) (h : ℝ)
  (z : MolecularDynamics.SymplecticCoordinates Nc) :
  MolecularDynamics.textbookMomentumKick F (-h) (MolecularDynamics.textbookMomentumKick F h z) = z
MolecularDynamics.textbookPositionDrift_neg_cancel {Nc : ℕ} (m : Fin Nc → ℝ) (h : ℝ)
  (z : MolecularDynamics.SymplecticCoordinates Nc) :
  MolecularDynamics.textbookPositionDrift m (-h) (MolecularDynamics.textbookPositionDrift m h z) = z
MolecularDynamics.textbookMomentumKickEquiv {Nc : ℕ} (F : (Fin Nc → ℝ) → Fin Nc → ℝ) (h : ℝ) :
  Equiv.Perm (MolecularDynamics.SymplecticCoordinates Nc)
MolecularDynamics.textbookPositionDriftEquiv {Nc : ℕ} (m : Fin Nc → ℝ) (h : ℝ) :
  Equiv.Perm (MolecularDynamics.SymplecticCoordinates Nc)
MolecularDynamics.textbookSymplecticEulerEquiv {Nc : ℕ} (m : Fin Nc → ℝ) (U : (Fin Nc → ℝ) → ℝ) (h : ℝ) :
  Equiv.Perm (MolecularDynamics.SymplecticCoordinates Nc)
MolecularDynamics.textbookSymplecticEulerEquiv_apply {Nc : ℕ} (m : Fin Nc → ℝ) (U : (Fin Nc → ℝ) → ℝ) (h : ℝ)
  (z : MolecularDynamics.SymplecticCoordinates Nc) :
  (MolecularDynamics.textbookSymplecticEulerEquiv m U h) z = MolecularDynamics.textbookSymplecticEuler m U h z
MolecularDynamics.textbookSymplecticEulerEquiv_symm_apply {Nc : ℕ} (m : Fin Nc → ℝ) (U : (Fin Nc → ℝ) → ℝ) (h : ℝ)
  (z : MolecularDynamics.SymplecticCoordinates Nc) :
  (Equiv.symm (MolecularDynamics.textbookSymplecticEulerEquiv m U h)) z =
    MolecularDynamics.textbookMomentumKick (MolecularDynamics.textbookPotentialForce U) (-h)
      (MolecularDynamics.textbookPositionDrift m (-h) z)
MolecularDynamics.textbookSymplecticEulerEquiv_isSymplectic {Nc : ℕ} (m : Fin Nc → ℝ) (U : (Fin Nc → ℝ) → ℝ) (h : ℝ)
  (hU : ContDiff ℝ 2 U) :
  MolecularDynamics.IsTextbookSymplecticEquiv (MolecularDynamics.textbookSymplecticEulerEquiv m U h)
MolecularDynamics.textbookAdjointMethod.{u_1} {E : Type u_1} (G : ℝ → Equiv.Perm E) (h : ℝ) : Equiv.Perm E
MolecularDynamics.textbookAdjointMethod_apply_eq_iff.{u_1} {E : Type u_1} (G : ℝ → Equiv.Perm E) (h : ℝ) (z Z : E) :
  (MolecularDynamics.textbookAdjointMethod G h) z = Z ↔ (G (-h)) Z = z
MolecularDynamics.textbookAdjointMethod_involutive.{u_1} {E : Type u_1} (G : ℝ → Equiv.Perm E) :
  MolecularDynamics.textbookAdjointMethod (MolecularDynamics.textbookAdjointMethod G) = G
MolecularDynamics.textbookAdjointMethod_isSymplectic {Nc : ℕ}
  (G : ℝ → Equiv.Perm (MolecularDynamics.SymplecticCoordinates Nc))
  (hG : ∀ (h : ℝ), MolecularDynamics.IsTextbookSymplecticEquiv (G h)) (h : ℝ) :
  MolecularDynamics.IsTextbookSymplecticEquiv (MolecularDynamics.textbookAdjointMethod G h)
MolecularDynamics.textbookFlowMethod.{u_1} {E : Type u_1} [TopologicalSpace E] (F : Flow ℝ E) (h : ℝ) : Equiv.Perm E
MolecularDynamics.textbookFlowMethod_isSelfAdjoint.{u_1} {E : Type u_1} [TopologicalSpace E] (F : Flow ℝ E) :
  MolecularDynamics.textbookAdjointMethod (MolecularDynamics.textbookFlowMethod F) =
    MolecularDynamics.textbookFlowMethod F
MolecularDynamics.euler_negative_step_iff_backward.{u_1} {E : Type u_1} [NormedAddCommGroup E] [NormedSpace ℝ E]
  (f : E → E) (h : ℝ) (z Z : E) : MolecularDynamics.eulerStep f (-h) Z = z ↔ Z = z + h • f Z
MolecularDynamics.euler_adjoint_iff_backward.{u_1} {E : Type u_1} [NormedAddCommGroup E] [NormedSpace ℝ E] (f : E → E)
  (G : ℝ → Equiv.Perm E) (h : ℝ) (hG : ∀ (Z : E), (G (-h)) Z = MolecularDynamics.eulerStep f (-h) Z) (z Z : E) :
  (MolecularDynamics.textbookAdjointMethod G h) z = Z ↔ Z = z + h • f Z
MolecularDynamics.textbookAdjointSymplecticEuler {Nc : ℕ} (m : Fin Nc → ℝ) (U : (Fin Nc → ℝ) → ℝ) (h : ℝ) :
  Equiv.Perm (MolecularDynamics.SymplecticCoordinates Nc)
MolecularDynamics.textbookAdjointSymplecticEuler_apply {Nc : ℕ} (m : Fin Nc → ℝ) (U : (Fin Nc → ℝ) → ℝ) (h : ℝ)
  (z : MolecularDynamics.SymplecticCoordinates Nc) :
  (MolecularDynamics.textbookAdjointSymplecticEuler m U h) z =
    MolecularDynamics.textbookMomentumKick (MolecularDynamics.textbookPotentialForce U) h
      (MolecularDynamics.textbookPositionDrift m h z)
MolecularDynamics.textbookAdjointSymplecticEuler_position {Nc : ℕ} (m : Fin Nc → ℝ) (U : (Fin Nc → ℝ) → ℝ) (h : ℝ)
  (z : MolecularDynamics.SymplecticCoordinates Nc) (i : Fin Nc) :
  (MolecularDynamics.textbookAdjointSymplecticEuler m U h) z (Sum.inl i) = z (Sum.inl i) + h * (m i)⁻¹ * z (Sum.inr i)
MolecularDynamics.textbookAdjointSymplecticEuler_momentum {Nc : ℕ} (m : Fin Nc → ℝ) (U : (Fin Nc → ℝ) → ℝ) (h : ℝ)
  (z : MolecularDynamics.SymplecticCoordinates Nc) (i : Fin Nc) :
  (MolecularDynamics.textbookAdjointSymplecticEuler m U h) z (Sum.inr i) =
    z (Sum.inr i) +
      h * MolecularDynamics.textbookPotentialForce U (fun j => z (Sum.inl j) + h * (m j)⁻¹ * z (Sum.inr j)) i
MolecularDynamics.textbookAdjointSymplecticEuler_isSymplectic {Nc : ℕ} (m : Fin Nc → ℝ) (U : (Fin Nc → ℝ) → ℝ) (h : ℝ)
  (hU : ContDiff ℝ 2 U) :
  MolecularDynamics.IsTextbookSymplecticEquiv (MolecularDynamics.textbookAdjointSymplecticEuler m U h)
MolecularDynamics.exists_splitting_localError_bound.{u_1} {E : Type u_1} [NormedAddCommGroup E] [NormedSpace ℝ E]
  [ProperSpace E] (D : Set E) (hD : IsOpen D) (f₁ f₂ : E → E) (hf₁ : ContDiffOn ℝ 1 f₁ D) (hf₂ : ContDiffOn ℝ 1 f₂ D)
  (γ γ₂ : ℝ → E) (Γ : ℝ → ℝ → E) {τ : ℝ} (hτ : 0 ≤ τ) (hγD : Set.MapsTo γ (Set.Icc 0 τ) D)
  (hγ₂D : Set.MapsTo γ₂ (Set.Icc 0 τ) D)
  (hγ : ∀ t ∈ Set.Icc 0 τ, HasDerivWithinAt γ (f₁ (γ t) + f₂ (γ t)) (Set.Icc 0 τ) t)
  (hγ₂ : ∀ t ∈ Set.Icc 0 τ, HasDerivWithinAt γ₂ (f₂ (γ₂ t)) (Set.Icc 0 τ) t)
  (hcΓ : ContinuousOn (Function.uncurry Γ) (Set.Icc 0 τ ×ˢ Set.Icc 0 τ))
  (hΓD : ∀ s ∈ Set.Icc 0 τ, ∀ t ∈ Set.Icc 0 τ, Γ s t ∈ D)
  (hΓ : ∀ s ∈ Set.Icc 0 τ, ∀ t ∈ Set.Icc 0 τ, HasDerivWithinAt (Γ s) (f₁ (Γ s t)) (Set.Icc 0 τ) t) (hinit : γ₂ 0 = γ 0)
  (hinitΓ : ∀ s ∈ Set.Icc 0 τ, Γ s 0 = γ₂ s) : ∃ C, 0 < C ∧ ∀ h ∈ Set.Icc 0 τ, ‖Γ h h - γ h‖ ≤ C * h ^ 2
MolecularDynamics.exists_flow_splitting_localError_bound.{u_1} {E : Type u_1} [NormedAddCommGroup E] [NormedSpace ℝ E]
  [ProperSpace E] (D : Set E) (hD : IsOpen D) (f₁ f₂ : E → E) (hf₁ : ContDiffOn ℝ 1 f₁ D) (hf₂ : ContDiffOn ℝ 1 f₂ D)
  (F F₁ F₂ : ℝ → E → E) (u : E) {τ : ℝ} (hτ : 0 ≤ τ) (hFD : ∀ t ∈ Set.Icc 0 τ, F t u ∈ D)
  (hF₂D : ∀ t ∈ Set.Icc 0 τ, F₂ t u ∈ D) (hF₁D : ∀ s ∈ Set.Icc 0 τ, ∀ t ∈ Set.Icc 0 τ, F₁ t (F₂ s u) ∈ D)
  (hF : ∀ t ∈ Set.Icc 0 τ, HasDerivWithinAt (fun v => F v u) (f₁ (F t u) + f₂ (F t u)) (Set.Icc 0 τ) t)
  (hF₂ : ∀ t ∈ Set.Icc 0 τ, HasDerivWithinAt (fun v => F₂ v u) (f₂ (F₂ t u)) (Set.Icc 0 τ) t)
  (hF₁ :
    ∀ s ∈ Set.Icc 0 τ,
      ∀ t ∈ Set.Icc 0 τ, HasDerivWithinAt (fun v => F₁ v (F₂ s u)) (f₁ (F₁ t (F₂ s u))) (Set.Icc 0 τ) t)
  (hc : ContinuousOn (fun p => F₁ p.2 (F₂ p.1 u)) (Set.Icc 0 τ ×ˢ Set.Icc 0 τ)) (hinit : F 0 u = u)
  (hinit₂ : F₂ 0 u = u) (hinit₁ : ∀ s ∈ Set.Icc 0 τ, F₁ 0 (F₂ s u) = F₂ s u) :
  ∃ C, 0 < C ∧ ∀ h ∈ Set.Icc 0 τ, ‖F₁ h (F₂ h u) - F h u‖ ≤ C * h ^ 2
MolecularDynamics.textbookHamiltonianVectorField {Nc : ℕ} (H : MolecularDynamics.SymplecticCoordinates Nc → ℝ)
  (z : MolecularDynamics.SymplecticCoordinates Nc) : MolecularDynamics.SymplecticCoordinates Nc
MolecularDynamics.contDiffOn_textbookHamiltonianVectorField {Nc : ℕ}
  (D : Set (MolecularDynamics.SymplecticCoordinates Nc)) (hD : IsOpen D)
  (H : MolecularDynamics.SymplecticCoordinates Nc → ℝ) (hH : ContDiffOn ℝ 2 H D) :
  ContDiffOn ℝ 1 (MolecularDynamics.textbookHamiltonianVectorField H) D
MolecularDynamics.textbookHamiltonianVectorField_add {Nc : ℕ} (H₁ H₂ : MolecularDynamics.SymplecticCoordinates Nc → ℝ)
  (z : MolecularDynamics.SymplecticCoordinates Nc) (h₁ : DifferentiableAt ℝ H₁ z) (h₂ : DifferentiableAt ℝ H₂ z) :
  MolecularDynamics.textbookHamiltonianVectorField (fun x => H₁ x + H₂ x) z =
    MolecularDynamics.textbookHamiltonianVectorField H₁ z + MolecularDynamics.textbookHamiltonianVectorField H₂ z
MolecularDynamics.exists_hamiltonian_splitting_localError_bound {Nc : ℕ}
  (D : Set (MolecularDynamics.SymplecticCoordinates Nc)) (hD : IsOpen D)
  (H₁ H₂ : MolecularDynamics.SymplecticCoordinates Nc → ℝ) (hH₁ : ContDiffOn ℝ 2 H₁ D) (hH₂ : ContDiffOn ℝ 2 H₂ D)
  (F F₁ F₂ : ℝ → MolecularDynamics.SymplecticCoordinates Nc → MolecularDynamics.SymplecticCoordinates Nc)
  (u : MolecularDynamics.SymplecticCoordinates Nc) {τ : ℝ} (hτ : 0 ≤ τ) (hFD : ∀ t ∈ Set.Icc 0 τ, F t u ∈ D)
  (hF₂D : ∀ t ∈ Set.Icc 0 τ, F₂ t u ∈ D) (hF₁D : ∀ s ∈ Set.Icc 0 τ, ∀ t ∈ Set.Icc 0 τ, F₁ t (F₂ s u) ∈ D)
  (hF :
    ∀ t ∈ Set.Icc 0 τ,
      HasDerivWithinAt (fun v => F v u)
        (MolecularDynamics.textbookHamiltonianVectorField (fun x => H₁ x + H₂ x) (F t u)) (Set.Icc 0 τ) t)
  (hF₂ :
    ∀ t ∈ Set.Icc 0 τ,
      HasDerivWithinAt (fun v => F₂ v u) (MolecularDynamics.textbookHamiltonianVectorField H₂ (F₂ t u)) (Set.Icc 0 τ) t)
  (hF₁ :
    ∀ s ∈ Set.Icc 0 τ,
      ∀ t ∈ Set.Icc 0 τ,
        HasDerivWithinAt (fun v => F₁ v (F₂ s u)) (MolecularDynamics.textbookHamiltonianVectorField H₁ (F₁ t (F₂ s u)))
          (Set.Icc 0 τ) t)
  (hc : ContinuousOn (fun p => F₁ p.2 (F₂ p.1 u)) (Set.Icc 0 τ ×ˢ Set.Icc 0 τ)) (hinit : F 0 u = u)
  (hinit₂ : F₂ 0 u = u) (hinit₁ : ∀ s ∈ Set.Icc 0 τ, F₁ 0 (F₂ s u) = F₂ s u) :
  ∃ C,
    0 < C ∧
      (∀ h ∈ Set.Icc 0 τ, ‖F₁ h (F₂ h u) - F h u‖ ≤ C * h ^ 2) ∧
        (0 < τ → (fun h => F₁ h (F₂ h u) - F h u) =O[nhdsWithin 0 (Set.Ioi 0)] fun h => h ^ 2)
MolecularDynamics.textbookComposeMaps.{u_1} {E : Type u_1} (G₁ G₂ : ℝ → E → E) (h : ℝ) : E → E
MolecularDynamics.textbookComposeMaps_isSymplectic {Nc : ℕ}
  (G₁ G₂ : ℝ → MolecularDynamics.SymplecticCoordinates Nc → MolecularDynamics.SymplecticCoordinates Nc)
  (hG₁ : ∀ (h : ℝ), MolecularDynamics.IsTextbookSymplecticMap (G₁ h))
  (hG₂ : ∀ (h : ℝ), MolecularDynamics.IsTextbookSymplecticMap (G₂ h)) (h : ℝ) :
  MolecularDynamics.IsTextbookSymplecticMap (MolecularDynamics.textbookComposeMaps G₁ G₂ h)
MolecularDynamics.textbookComposeMethods.{u_1} {E : Type u_1} (G₁ G₂ : ℝ → Equiv.Perm E) (h : ℝ) : Equiv.Perm E
MolecularDynamics.textbookComposeMethods_toMap.{u_1} {E : Type u_1} (G₁ G₂ : ℝ → Equiv.Perm E) (h : ℝ) :
  ⇑(MolecularDynamics.textbookComposeMethods G₁ G₂ h) =
    MolecularDynamics.textbookComposeMaps (fun t => ⇑(G₁ t)) (fun t => ⇑(G₂ t)) h
MolecularDynamics.textbookAdjointMethod_comp.{u_1} {E : Type u_1} (G₁ G₂ : ℝ → Equiv.Perm E) :
  MolecularDynamics.textbookAdjointMethod (MolecularDynamics.textbookComposeMethods G₁ G₂) =
    MolecularDynamics.textbookComposeMethods (MolecularDynamics.textbookAdjointMethod G₂)
      (MolecularDynamics.textbookAdjointMethod G₁)
MolecularDynamics.textbookSymmetricComposition.{u_1} {E : Type u_1} (G : ℝ → Equiv.Perm E) : ℝ → Equiv.Perm E
MolecularDynamics.textbookSymmetricComposition_isSelfAdjoint.{u_1} {E : Type u_1} (G : ℝ → Equiv.Perm E) :
  MolecularDynamics.textbookAdjointMethod (MolecularDynamics.textbookSymmetricComposition G) =
    MolecularDynamics.textbookSymmetricComposition G
MolecularDynamics.textbookComposeMethods_isSymplectic {Nc : ℕ}
  (G₁ G₂ : ℝ → Equiv.Perm (MolecularDynamics.SymplecticCoordinates Nc))
  (hG₁ : ∀ (h : ℝ), MolecularDynamics.IsTextbookSymplecticEquiv (G₁ h))
  (hG₂ : ∀ (h : ℝ), MolecularDynamics.IsTextbookSymplecticEquiv (G₂ h)) (h : ℝ) :
  MolecularDynamics.IsTextbookSymplecticEquiv (MolecularDynamics.textbookComposeMethods G₁ G₂ h)
MolecularDynamics.textbookSymmetricComposition_isSymplectic {Nc : ℕ}
  (G : ℝ → Equiv.Perm (MolecularDynamics.SymplecticCoordinates Nc))
  (hG : ∀ (h : ℝ), MolecularDynamics.IsTextbookSymplecticEquiv (G h)) (h : ℝ) :
  MolecularDynamics.IsTextbookSymplecticEquiv (MolecularDynamics.textbookSymmetricComposition G h)
MolecularDynamics.textbookConjugateMap.{u_1} {E : Type u_1} [TopologicalSpace E] (χ : E ≃ₜ E) (B : E → E) : E → E
MolecularDynamics.textbookConjugateMap_iterate.{u_1} {E : Type u_1} [TopologicalSpace E] (χ : E ≃ₜ E) (B : E → E)
  (n : ℕ) (z : E) : (MolecularDynamics.textbookConjugateMap χ B)^[n] z = χ.symm (B^[n] (χ z))
MolecularDynamics.textbook_conjugate_iterates.{u_1} {E : Type u_1} [TopologicalSpace E] (χ : E ≃ₜ E) (A B : E → E)
  (hA : A = MolecularDynamics.textbookConjugateMap χ B) (n : ℕ) : A^[n] = MolecularDynamics.textbookConjugateMap χ B^[n]
MolecularDynamics.textbook_conjugate_iterates_tendsto_iff.{u_1} {E : Type u_1} [TopologicalSpace E] (χ : E ≃ₜ E)
  (A B : E → E) (hA : A = MolecularDynamics.textbookConjugateMap χ B) (z₀ zStar : E) :
  Filter.Tendsto (fun n => A^[n] z₀) Filter.atTop (nhds zStar) ↔
    Filter.Tendsto (fun n => B^[n] (χ z₀)) Filter.atTop (nhds (χ zStar))
MolecularDynamics.textbookProcessedMethod.{u_1} {E : Type u_1} [TopologicalSpace E] (χ : ℝ → E ≃ₜ E) (B : ℝ → E → E)
  (h : ℝ) : E → E
MolecularDynamics.textbookProcessedIterate.{u_1} {E : Type u_1} [TopologicalSpace E] (χ : ℝ → E ≃ₜ E) (B : ℝ → E → E)
  (h : ℝ) (z₀ : E) (n : ℕ) : E
MolecularDynamics.textbookProcessedIterate_eq.{u_1} {E : Type u_1} [TopologicalSpace E] (χ : ℝ → E ≃ₜ E) (B : ℝ → E → E)
  (h : ℝ) (z₀ : E) (n : ℕ) :
  MolecularDynamics.textbookProcessedIterate χ B h z₀ n =
    MolecularDynamics.oneStepIterate (MolecularDynamics.textbookProcessedMethod χ B) h z₀ n
MolecularDynamics.textbookProcessedIterate_eq_of_conjugacy.{u_1} {E : Type u_1} [TopologicalSpace E] (χ : ℝ → E ≃ₜ E)
  (B G : ℝ → E → E) (hG : ∀ (h : ℝ), G h = MolecularDynamics.textbookProcessedMethod χ B h) (h : ℝ) (z₀ : E) (n : ℕ) :
  MolecularDynamics.textbookProcessedIterate χ B h z₀ n = MolecularDynamics.oneStepIterate G h z₀ n
MolecularDynamics.textbookProcessedMaxError.{u_1} {E : Type u_1} [NormedAddCommGroup E] (χ : ℝ → E ≃ₜ E) (B : ℝ → E → E)
  (h : ℝ) (γ : ℝ → E) (ν : ℕ) : ℝ
MolecularDynamics.textbookProcessedMaxError_eq_of_conjugacy.{u_1} {E : Type u_1} [NormedAddCommGroup E] (χ : ℝ → E ≃ₜ E)
  (B G : ℝ → E → E) (hG : ∀ (h : ℝ), G h = MolecularDynamics.textbookProcessedMethod χ B h) (h : ℝ) (γ : ℝ → E)
  (ν : ℕ) : MolecularDynamics.textbookProcessedMaxError χ B h γ ν = MolecularDynamics.oneStepMaxError G h γ ν
MolecularDynamics.textbookLieDerivative.{u_1} {E : Type u_1} [NormedAddCommGroup E] [NormedSpace ℝ E] (f : E → E)
  (φ : E → ℝ) (z : E) : ℝ
MolecularDynamics.hasDerivWithinAt_textbookLieDerivative.{u_1} {E : Type u_1} [NormedAddCommGroup E] [NormedSpace ℝ E]
  (f : E → E) (φ : E → ℝ) (γ : ℝ → E) (s : Set ℝ) (t : ℝ) (hφ : DifferentiableAt ℝ φ (γ t))
  (hγ : HasDerivWithinAt γ (f (γ t)) s t) :
  HasDerivWithinAt (fun u => φ (γ u)) (MolecularDynamics.textbookLieDerivative f φ (γ t)) s t
MolecularDynamics.hasDerivAt_textbookLieDerivative.{u_1} {E : Type u_1} [NormedAddCommGroup E] [NormedSpace ℝ E]
  (f : E → E) (φ : E → ℝ) (γ : ℝ → E) (t : ℝ) (hφ : DifferentiableAt ℝ φ (γ t)) (hγ : HasDerivAt γ (f (γ t)) t) :
  HasDerivAt (fun u => φ (γ u)) (MolecularDynamics.textbookLieDerivative f φ (γ t)) t
MolecularDynamics.contDiff_textbookLieDerivative.{u_1} {E : Type u_1} [NormedAddCommGroup E] [NormedSpace ℝ E]
  (f : E → E) (φ : E → ℝ) (hf : ContDiff ℝ 1 f) (hφ : ContDiff ℝ 2 φ) :
  ContDiff ℝ 1 (MolecularDynamics.textbookLieDerivative f φ)
MolecularDynamics.hasDerivAt_textbookLieDerivative_second.{u_1} {E : Type u_1} [NormedAddCommGroup E] [NormedSpace ℝ E]
  (f : E → E) (φ : E → ℝ) (γ : ℝ → E) (hf : ContDiff ℝ 1 f) (hφ : ContDiff ℝ 2 φ)
  (hγ : ∀ (t : ℝ), HasDerivAt γ (f (γ t)) t) (t : ℝ) :
  HasDerivAt (fun u => deriv (fun v => φ (γ v)) u)
    (MolecularDynamics.textbookLieDerivative f (MolecularDynamics.textbookLieDerivative f φ) (γ t)) t
MolecularDynamics.textbookLieDerivative_field_add.{u_1} {E : Type u_1} [NormedAddCommGroup E] [NormedSpace ℝ E]
  (f g : E → E) (φ : E → ℝ) (z : E) :
  MolecularDynamics.textbookLieDerivative (fun x => f x + g x) φ z =
    MolecularDynamics.textbookLieDerivative f φ z + MolecularDynamics.textbookLieDerivative g φ z
MolecularDynamics.textbookPoissonBracket {Nc : ℕ} (F G : MolecularDynamics.SymplecticCoordinates Nc → ℝ)
  (z : MolecularDynamics.SymplecticCoordinates Nc) : ℝ
MolecularDynamics.textbookPoissonBracket_coordinates {Nc : ℕ} (F G : MolecularDynamics.SymplecticCoordinates Nc → ℝ)
  (z : MolecularDynamics.SymplecticCoordinates Nc) :
  MolecularDynamics.textbookPoissonBracket F G z =
    ∑ i,
      ((fderiv ℝ F z) (Pi.single (Sum.inl i) 1) * (fderiv ℝ G z) (Pi.single (Sum.inr i) 1) -
        (fderiv ℝ G z) (Pi.single (Sum.inl i) 1) * (fderiv ℝ F z) (Pi.single (Sum.inr i) 1))
MolecularDynamics.textbookPoissonBracket_skew {Nc : ℕ} (F G : MolecularDynamics.SymplecticCoordinates Nc → ℝ)
  (z : MolecularDynamics.SymplecticCoordinates Nc) :
  MolecularDynamics.textbookPoissonBracket F G z = -MolecularDynamics.textbookPoissonBracket G F z
MolecularDynamics.textbookPoissonBracket_self {Nc : ℕ} (F : MolecularDynamics.SymplecticCoordinates Nc → ℝ)
  (z : MolecularDynamics.SymplecticCoordinates Nc) : MolecularDynamics.textbookPoissonBracket F F z = 0
MolecularDynamics.textbookPoissonBracket_linear_right {Nc : ℕ} (F G H : MolecularDynamics.SymplecticCoordinates Nc → ℝ)
  (α β : ℝ) (z : MolecularDynamics.SymplecticCoordinates Nc) (hG : DifferentiableAt ℝ G z)
  (hH : DifferentiableAt ℝ H z) :
  MolecularDynamics.textbookPoissonBracket F (fun x => α * G x + β * H x) z =
    α * MolecularDynamics.textbookPoissonBracket F G z + β * MolecularDynamics.textbookPoissonBracket F H z
MolecularDynamics.textbookPoissonBracket_jacobi {Nc : ℕ} (F G H : MolecularDynamics.SymplecticCoordinates Nc → ℝ)
  (z : MolecularDynamics.SymplecticCoordinates Nc) (hF : ContDiffAt ℝ 2 F z) (hG : ContDiffAt ℝ 2 G z)
  (hH : ContDiffAt ℝ 2 H z) :
  MolecularDynamics.textbookPoissonBracket F (MolecularDynamics.textbookPoissonBracket G H) z +
        MolecularDynamics.textbookPoissonBracket H (MolecularDynamics.textbookPoissonBracket F G) z +
      MolecularDynamics.textbookPoissonBracket G (MolecularDynamics.textbookPoissonBracket H F) z =
    0
MolecularDynamics.textbookLieDerivative_hamiltonian_eq_poisson {Nc : ℕ}
  (F H : MolecularDynamics.SymplecticCoordinates Nc → ℝ) :
  MolecularDynamics.textbookLieDerivative (MolecularDynamics.textbookHamiltonianVectorField H) F =
    MolecularDynamics.textbookPoissonBracket F H
MolecularDynamics.hasDerivWithinAt_textbookPoissonBracket {Nc : ℕ}
  (F H : MolecularDynamics.SymplecticCoordinates Nc → ℝ) (γ : ℝ → MolecularDynamics.SymplecticCoordinates Nc)
  (s : Set ℝ) (t : ℝ) (hF : DifferentiableAt ℝ F (γ t))
  (hγ : HasDerivWithinAt γ (MolecularDynamics.textbookHamiltonianVectorField H (γ t)) s t) :
  HasDerivWithinAt (fun u => F (γ u)) (MolecularDynamics.textbookPoissonBracket F H (γ t)) s t
MolecularDynamics.textbookHamiltonian_energy_const_on_Icc {Nc : ℕ} (H : MolecularDynamics.SymplecticCoordinates Nc → ℝ)
  (γ : ℝ → MolecularDynamics.SymplecticCoordinates Nc) (τ : ℝ) (hH : ∀ t ∈ Set.Icc 0 τ, DifferentiableAt ℝ H (γ t))
  (hγ :
    ∀ t ∈ Set.Icc 0 τ, HasDerivWithinAt γ (MolecularDynamics.textbookHamiltonianVectorField H (γ t)) (Set.Icc 0 τ) t)
  (t : ℝ) : t ∈ Set.Icc 0 τ → H (γ t) = H (γ 0)
MolecularDynamics.textbookPoissonBracket_linear_left {Nc : ℕ} (F G H : MolecularDynamics.SymplecticCoordinates Nc → ℝ)
  (α β : ℝ) (z : MolecularDynamics.SymplecticCoordinates Nc) (hF : DifferentiableAt ℝ F z)
  (hH : DifferentiableAt ℝ H z) :
  MolecularDynamics.textbookPoissonBracket (fun x => α * F x + β * H x) G z =
    α * MolecularDynamics.textbookPoissonBracket F G z + β * MolecularDynamics.textbookPoissonBracket H G z
MolecularDynamics.textbookHamiltonianLieDerivative_add {Nc : ℕ}
  (F H₁ H₂ : MolecularDynamics.SymplecticCoordinates Nc → ℝ) (z : MolecularDynamics.SymplecticCoordinates Nc)
  (hH₁ : DifferentiableAt ℝ H₁ z) (hH₂ : DifferentiableAt ℝ H₂ z) :
  MolecularDynamics.textbookLieDerivative (MolecularDynamics.textbookHamiltonianVectorField fun x => H₁ x + H₂ x) F z =
    MolecularDynamics.textbookLieDerivative (MolecularDynamics.textbookHamiltonianVectorField H₁) F z +
      MolecularDynamics.textbookLieDerivative (MolecularDynamics.textbookHamiltonianVectorField H₂) F z
MolecularDynamics.textbookHamiltonianLieDerivative_commutator {Nc : ℕ}
  (F H₁ H₂ : MolecularDynamics.SymplecticCoordinates Nc → ℝ) (z : MolecularDynamics.SymplecticCoordinates Nc)
  (hF : ContDiffAt ℝ 2 F z) (hH₁ : ContDiffAt ℝ 2 H₁ z) (hH₂ : ContDiffAt ℝ 2 H₂ z) :
  MolecularDynamics.textbookLieDerivative (MolecularDynamics.textbookHamiltonianVectorField H₁)
        (MolecularDynamics.textbookLieDerivative (MolecularDynamics.textbookHamiltonianVectorField H₂) F) z -
      MolecularDynamics.textbookLieDerivative (MolecularDynamics.textbookHamiltonianVectorField H₂)
        (MolecularDynamics.textbookLieDerivative (MolecularDynamics.textbookHamiltonianVectorField H₁) F) z =
    MolecularDynamics.textbookLieDerivative
      (MolecularDynamics.textbookHamiltonianVectorField (MolecularDynamics.textbookPoissonBracket H₂ H₁)) F z
MolecularDynamics.textbookFormalOperatorExponential.{u_1} {R : Type u_1} [Ring R] [Algebra ℝ R] (A : R) : PowerSeries R
MolecularDynamics.textbookFormalOperatorExponential_coeff.{u_1} {R : Type u_1} [Ring R] [Algebra ℝ R] (A : R) (n : ℕ) :
  (PowerSeries.coeff n) (MolecularDynamics.textbookFormalOperatorExponential A) = (1 / ↑n.factorial) • A ^ n
MolecularDynamics.textbookFormalOperatorProduct_coeff_zero.{u_1} {R : Type u_1} [Ring R] [Algebra ℝ R] (A B : R) :
  (PowerSeries.coeff 0)
      (MolecularDynamics.textbookFormalOperatorExponential A * MolecularDynamics.textbookFormalOperatorExponential B) =
    1
MolecularDynamics.textbookFormalOperatorProduct_coeff_one.{u_1} {R : Type u_1} [Ring R] [Algebra ℝ R] (A B : R) :
  (PowerSeries.coeff 1)
      (MolecularDynamics.textbookFormalOperatorExponential A * MolecularDynamics.textbookFormalOperatorExponential B) =
    A + B
MolecularDynamics.textbookFormalOperatorProduct_coeff_two.{u_1} {R : Type u_1} [Ring R] [Algebra ℝ R] (A B : R) :
  (PowerSeries.coeff 2)
      (MolecularDynamics.textbookFormalOperatorExponential A * MolecularDynamics.textbookFormalOperatorExponential B) =
    (1 / 2) • A ^ 2 + A * B + (1 / 2) • B ^ 2
MolecularDynamics.textbookFormalOperatorProduct_coeff_three.{u_1} {R : Type u_1} [Ring R] [Algebra ℝ R] (A B : R) :
  (PowerSeries.coeff 3)
      (MolecularDynamics.textbookFormalOperatorExponential A * MolecularDynamics.textbookFormalOperatorExponential B) =
    (1 / 6) • A ^ 3 + (1 / 2) • (A ^ 2 * B) + (1 / 2) • (A * B ^ 2) + (1 / 6) • B ^ 3
MolecularDynamics.textbookFormalOperatorDifference_coeff_two.{u_1} {R : Type u_1} [Ring R] [Algebra ℝ R] (A B : R) :
  (PowerSeries.coeff 2)
      (MolecularDynamics.textbookFormalOperatorExponential A * MolecularDynamics.textbookFormalOperatorExponential B -
        MolecularDynamics.textbookFormalOperatorExponential (A + B)) =
    (1 / 2) • (A * B - B * A)
MolecularDynamics.textbookFormalOperatorDifference_coeff_three.{u_1} {R : Type u_1} [Ring R] [Algebra ℝ R] (A B : R) :
  (PowerSeries.coeff 3)
      (MolecularDynamics.textbookFormalOperatorExponential A * MolecularDynamics.textbookFormalOperatorExponential B -
        MolecularDynamics.textbookFormalOperatorExponential (A + B)) =
    (1 / 6) • (2 • (A * B ^ 2) + 2 • (A ^ 2 * B) - B * A ^ 2 - B * A * B - B ^ 2 * A - A * B * A)
MolecularDynamics.textbookFormalZeroConstant_power_coeff_zero.{u_1} {R : Type u_1} [Ring R]
  (P : { P // PowerSeries.constantCoeff P = 0 }) (j n : ℕ) (hjn : j < n) : (PowerSeries.coeff j) (↑P ^ n) = 0
MolecularDynamics.textbookFormalZeroConstantExponential.{u_1} {R : Type u_1} [Ring R] [Algebra ℝ R]
  (P : { P // PowerSeries.constantCoeff P = 0 }) : PowerSeries R
MolecularDynamics.textbookFormalZeroConstantExponential_coeff_stabilizes.{u_1} {R : Type u_1} [Ring R] [Algebra ℝ R]
  (P : { P // PowerSeries.constantCoeff P = 0 }) (j N : ℕ) (hjN : j < N) :
  (PowerSeries.coeff j) (MolecularDynamics.textbookFormalZeroConstantExponential P) =
    ∑ n ∈ Finset.range N, (1 / ↑n.factorial) • (PowerSeries.coeff j) (↑P ^ n)
MolecularDynamics.textbookFormalModifiedExponential.{u_1} {R : Type u_1} [Ring R] [Algebra ℝ R] (A B C : R) :
  PowerSeries R
MolecularDynamics.textbookFormalModifiedExponential_coeff_zero.{u_1} {R : Type u_1} [Ring R] [Algebra ℝ R] (A B C : R) :
  (PowerSeries.coeff 0) (MolecularDynamics.textbookFormalModifiedExponential A B C) = 1
MolecularDynamics.textbookFormalModifiedExponential_coeff_one.{u_1} {R : Type u_1} [Ring R] [Algebra ℝ R] (A B C : R) :
  (PowerSeries.coeff 1) (MolecularDynamics.textbookFormalModifiedExponential A B C) = A + B
MolecularDynamics.textbookFormalModifiedExponential_coeff_two.{u_1} {R : Type u_1} [Ring R] [Algebra ℝ R] (A B C : R) :
  (PowerSeries.coeff 2) (MolecularDynamics.textbookFormalModifiedExponential A B C) = C + (1 / 2) • (A + B) ^ 2
MolecularDynamics.textbookFormalModifiedExponential_matches_product.{u_1} {R : Type u_1} [Ring R] [Algebra ℝ R]
  (A B : R) (n : ℕ) (hn : n < 3) :
  (PowerSeries.coeff n)
      (MolecularDynamics.textbookFormalOperatorExponential A * MolecularDynamics.textbookFormalOperatorExponential B) =
    (PowerSeries.coeff n) (MolecularDynamics.textbookFormalModifiedExponential A B ((1 / 2) • (A * B - B * A)))
MolecularDynamics.textbookTruncatedHamiltonian.{u_1} {E : Type u_1} (H : E → ℝ) (Hj : ℕ → E → ℝ) (r k : ℕ) (h : ℝ)
  (z : E) : ℝ
MolecularDynamics.contDiffOn_textbookTruncatedHamiltonian.{u_1} {E : Type u_1} [NormedAddCommGroup E] [NormedSpace ℝ E]
  (H : E → ℝ) (Hj : ℕ → E → ℝ) (r k : ℕ) (h : ℝ) (D : Set E) (hH : ContDiffOn ℝ 1 H D)
  (hHj : ∀ j ∈ Finset.Icc r k, ContDiffOn ℝ 1 (Hj j) D) :
  ContDiffOn ℝ 1 (MolecularDynamics.textbookTruncatedHamiltonian H Hj r k h) D
MolecularDynamics.exists_compact_C1_lipschitz_constant.{u_1} {E : Type u_1} [NormedAddCommGroup E] [NormedSpace ℝ E]
  (D B : Set E) (hD : IsOpen D) (hB : IsCompact B) (hconv : Convex ℝ B) (hBD : B ⊆ D) (H : E → ℝ)
  (hH : ContDiffOn ℝ 1 H D) : ∃ L, 0 < L ∧ ∀ u ∈ B, ∀ v ∈ B, ‖H v - H u‖ ≤ L * ‖v - u‖
MolecularDynamics.exists_uniform_textbookTruncatedHamiltonian_remainder.{u_1} {E : Type u_1} [NormedAddCommGroup E]
  (H : E → ℝ) (Hj : ℕ → E → ℝ) (r k : ℕ) (B : Set E) (hB : IsCompact B)
  (hHj : ∀ j ∈ Finset.Icc r k, ContinuousOn (Hj j) B) :
  ∃ C,
    0 < C ∧ ∀ h ∈ Set.Icc 0 1, ∀ z ∈ B, ‖MolecularDynamics.textbookTruncatedHamiltonian H Hj r k h z - H z‖ ≤ C * h ^ r
MolecularDynamics.textbookTruncatedHamiltonian_difference_isBigO.{u_1} {E : Type u_1} [NormedAddCommGroup E] (H : E → ℝ)
  (Hj : ℕ → E → ℝ) (r k : ℕ) (B : Set E) (hB : IsCompact B) (hHj : ∀ j ∈ Finset.Icc r k, ContinuousOn (Hj j) B)
  (z : ℝ → E) (hz : ∀ h ∈ Set.Icc 0 1, z h ∈ B) :
  (fun h => MolecularDynamics.textbookTruncatedHamiltonian H Hj r k h (z h) - H (z h)) =O[nhdsWithin 0 (Set.Ioi 0)]
    fun h => h ^ r
MolecularDynamics.exists_uniform_textbookTruncatedHamiltonian_lipschitz.{u_1} {E : Type u_1} [NormedAddCommGroup E]
  [NormedSpace ℝ E] (H : E → ℝ) (Hj : ℕ → E → ℝ) (r k : ℕ) (D B : Set E) (hD : IsOpen D) (hB : IsCompact B)
  (hconv : Convex ℝ B) (hBD : B ⊆ D) (hH : ContDiffOn ℝ 1 H D) (hHj : ∀ j ∈ Finset.Icc r k, ContDiffOn ℝ 1 (Hj j) D) :
  ∃ L,
    0 < L ∧
      ∀ h ∈ Set.Icc 0 1,
        ∀ u ∈ B,
          ∀ v ∈ B,
            ‖MolecularDynamics.textbookTruncatedHamiltonian H Hj r k h v -
                  MolecularDynamics.textbookTruncatedHamiltonian H Hj r k h u‖ ≤
              L * ‖v - u‖
MolecularDynamics.oneStep_energy_telescoping.{u_1} {E : Type u_1} (K : E → ℝ) (G : ℝ → E → E) (h : ℝ) (z₀ : E) (n : ℕ) :
  ∑ i ∈ Finset.range n,
      (K (MolecularDynamics.oneStepIterate G h z₀ (i + 1)) - K (MolecularDynamics.oneStepIterate G h z₀ i)) =
    K (MolecularDynamics.oneStepIterate G h z₀ n) - K z₀
MolecularDynamics.textbook_energy_drift_le_actual_defects {Nc : ℕ} (H : MolecularDynamics.SymplecticCoordinates Nc → ℝ)
  (Hj : ℕ → MolecularDynamics.SymplecticCoordinates Nc → ℝ) (r k : ℕ)
  (D B : Set (MolecularDynamics.SymplecticCoordinates Nc)) (hD : IsOpen D) (hB : IsCompact B) (hconv : Convex ℝ B)
  (hBD : B ⊆ D) (hH : ContDiffOn ℝ 1 H D) (hHj : ∀ j ∈ Finset.Icc r k, ContDiffOn ℝ 1 (Hj j) D)
  (G : ℝ → MolecularDynamics.SymplecticCoordinates Nc → MolecularDynamics.SymplecticCoordinates Nc)
  (γ : ℝ → MolecularDynamics.SymplecticCoordinates Nc → ℝ → MolecularDynamics.SymplecticCoordinates Nc)
  (hγ₀ : ∀ h ∈ Set.Icc 0 1, ∀ z ∈ B, γ h z 0 = z) (hγB : ∀ h ∈ Set.Icc 0 1, ∀ z ∈ B, ∀ t ∈ Set.Icc 0 h, γ h z t ∈ B)
  (hγ :
    ∀ h ∈ Set.Icc 0 1,
      ∀ z ∈ B,
        ∀ t ∈ Set.Icc 0 h,
          HasDerivWithinAt (γ h z)
            (MolecularDynamics.textbookHamiltonianVectorField
              (MolecularDynamics.textbookTruncatedHamiltonian H Hj r k h) (γ h z t))
            (Set.Icc 0 h) t) :
  ∃ C,
    0 < C ∧
      ∃ L,
        0 < L ∧
          ∀ h ∈ Set.Icc 0 1,
            ∀ (z₀ : MolecularDynamics.SymplecticCoordinates Nc) (n : ℕ),
              (∀ i ≤ n, MolecularDynamics.oneStepIterate G h z₀ i ∈ B) →
                ‖H (MolecularDynamics.oneStepIterate G h z₀ n) - H z₀‖ ≤
                  2 * C * h ^ r +
                    L *
                      ∑ i ∈ Finset.range n,
                        ‖G h (MolecularDynamics.oneStepIterate G h z₀ i) -
                            γ h (MolecularDynamics.oneStepIterate G h z₀ i) h‖
MolecularDynamics.energy_step_count_power_factor (r k n : ℕ) (hrk : r ≤ k) (h : ℝ) :
  ↑n * h ^ (k + 1) = ↑n * h * h ^ (k - r) * h ^ r
MolecularDynamics.textbook_energy_drift_rate_of_flow_defect {Nc : ℕ}
  (H : MolecularDynamics.SymplecticCoordinates Nc → ℝ) (Hj : ℕ → MolecularDynamics.SymplecticCoordinates Nc → ℝ)
  (r k : ℕ) (hrk : r ≤ k) (D B : Set (MolecularDynamics.SymplecticCoordinates Nc)) (hD : IsOpen D) (hB : IsCompact B)
  (hconv : Convex ℝ B) (hBD : B ⊆ D) (hH : ContDiffOn ℝ 1 H D) (hHj : ∀ j ∈ Finset.Icc r k, ContDiffOn ℝ 1 (Hj j) D)
  (G : ℝ → MolecularDynamics.SymplecticCoordinates Nc → MolecularDynamics.SymplecticCoordinates Nc)
  (γ : ℝ → MolecularDynamics.SymplecticCoordinates Nc → ℝ → MolecularDynamics.SymplecticCoordinates Nc)
  (hγ₀ : ∀ h ∈ Set.Icc 0 1, ∀ z ∈ B, γ h z 0 = z) (hγB : ∀ h ∈ Set.Icc 0 1, ∀ z ∈ B, ∀ t ∈ Set.Icc 0 h, γ h z t ∈ B)
  (hγ :
    ∀ h ∈ Set.Icc 0 1,
      ∀ z ∈ B,
        ∀ t ∈ Set.Icc 0 h,
          HasDerivWithinAt (γ h z)
            (MolecularDynamics.textbookHamiltonianVectorField
              (MolecularDynamics.textbookTruncatedHamiltonian H Hj r k h) (γ h z t))
            (Set.Icc 0 h) t)
  (A T : ℝ) (hA : 0 ≤ A) (hT : 0 ≤ T) (hdefect : ∀ h ∈ Set.Ioc 0 1, ∀ z ∈ B, ‖G h z - γ h z h‖ ≤ A * h ^ (k + 1)) :
  ∃ M,
    0 < M ∧
      ∀ h ∈ Set.Ioc 0 1,
        ∀ (z₀ : MolecularDynamics.SymplecticCoordinates Nc) (n : ℕ),
          (∀ i ≤ n, MolecularDynamics.oneStepIterate G h z₀ i ∈ B) →
            ↑n * h * h ^ (k - r) ≤ T → ‖H (MolecularDynamics.oneStepIterate G h z₀ n) - H z₀‖ ≤ M * h ^ r
MolecularDynamics.textbookConstraintGradient {Nc : ℕ} (γ : (Fin Nc → ℝ) → ℝ) (q : Fin Nc → ℝ) : Fin Nc → ℝ
MolecularDynamics.contDiff_textbookConstraintGradient {Nc : ℕ} (γ : (Fin Nc → ℝ) → ℝ) (hγ : ContDiff ℝ 2 γ) :
  ContDiff ℝ 1 (MolecularDynamics.textbookConstraintGradient γ)
MolecularDynamics.textbookConstrainedMomentum.{u_1} {Nc : ℕ} {E : Type u_1} (γ : (Fin Nc → ℝ) → ℝ) (μ : E → ℝ)
  (q p : E → Fin Nc → ℝ) (x : E) : Fin Nc → ℝ
MolecularDynamics.textbookCotangentChart.{u_1} {Nc : ℕ} {E : Type u_1} (q p : E → Fin Nc → ℝ) (x : E) :
  MolecularDynamics.SymplecticCoordinates Nc
MolecularDynamics.lemma_4_1_coordinates.{u_1} {Nc : ℕ} {E : Type u_1} [NormedAddCommGroup E] [NormedSpace ℝ E]
  (γ : (Fin Nc → ℝ) → ℝ) (hγ : ContDiff ℝ 2 γ) (μ : E → ℝ) (q p : E → Fin Nc → ℝ) (x : E) (hq : DifferentiableAt ℝ q x)
  (hp : DifferentiableAt ℝ p x) (hμ : DifferentiableAt ℝ μ x) (hchart : ∀ᶠ (y : E) in nhds x, γ (q y) = 0) (u v : E) :
  ∑ i,
      ((fderiv ℝ q x) u i * (fderiv ℝ (MolecularDynamics.textbookConstrainedMomentum γ μ q p) x) v i -
        (fderiv ℝ (MolecularDynamics.textbookConstrainedMomentum γ μ q p) x) u i * (fderiv ℝ q x) v i) =
    ∑ i, ((fderiv ℝ q x) u i * (fderiv ℝ p x) v i - (fderiv ℝ p x) u i * (fderiv ℝ q x) v i)
MolecularDynamics.lemma_4_1.{u_1} {Nc : ℕ} {E : Type u_1} [NormedAddCommGroup E] [NormedSpace ℝ E]
  (γ : (Fin Nc → ℝ) → ℝ) (hγ : ContDiff ℝ 2 γ) (μ : E → ℝ) (q p : E → Fin Nc → ℝ) (x : E) (hq : DifferentiableAt ℝ q x)
  (hp : DifferentiableAt ℝ p x) (hμ : DifferentiableAt ℝ μ x)
  (hchart : ∀ᶠ (y : E) in nhds x, γ (q y) = 0 ∧ p y ⬝ᵥ MolecularDynamics.textbookConstraintGradient γ (q y) = 0)
  (u v : E) :
  ((MolecularDynamics.textbookSymplecticForm Nc)
        ((fderiv ℝ (MolecularDynamics.textbookCotangentChart q (MolecularDynamics.textbookConstrainedMomentum γ μ q p))
            x)
          u))
      ((fderiv ℝ (MolecularDynamics.textbookCotangentChart q (MolecularDynamics.textbookConstrainedMomentum γ μ q p)) x)
        v) =
    ((MolecularDynamics.textbookSymplecticForm Nc) ((fderiv ℝ (MolecularDynamics.textbookCotangentChart q p) x) u))
      ((fderiv ℝ (MolecularDynamics.textbookCotangentChart q p) x) v)
MolecularDynamics.textbookMultiConstrainedMomentum.{u_1, u_2} {Nc : ℕ} {E : Type u_1} {ι : Type u_2} (s : Finset ι)
  (γ : ι → (Fin Nc → ℝ) → ℝ) (μ : ι → E → ℝ) (q p : E → Fin Nc → ℝ) (x : E) : Fin Nc → ℝ
MolecularDynamics.differentiableAt_textbookMultiConstrainedMomentum.{u_1, u_2} {Nc : ℕ} {E : Type u_1} {ι : Type u_2}
  [NormedAddCommGroup E] [NormedSpace ℝ E] (s : Finset ι) (γ : ι → (Fin Nc → ℝ) → ℝ) (μ : ι → E → ℝ)
  (q p : E → Fin Nc → ℝ) (x : E) (hq : DifferentiableAt ℝ q x) (hp : DifferentiableAt ℝ p x)
  (hγ : ∀ j ∈ s, ContDiff ℝ 2 (γ j)) (hμ : ∀ j ∈ s, DifferentiableAt ℝ (μ j) x) :
  DifferentiableAt ℝ (MolecularDynamics.textbookMultiConstrainedMomentum s γ μ q p) x
MolecularDynamics.textbookMultiConstrainedMomentum_preserves_pullback.{u_1, u_2} {Nc : ℕ} {E : Type u_1} {ι : Type u_2}
  [NormedAddCommGroup E] [NormedSpace ℝ E] (s : Finset ι) (γ : ι → (Fin Nc → ℝ) → ℝ) (μ : ι → E → ℝ)
  (q : E → Fin Nc → ℝ) (x : E) (hq : DifferentiableAt ℝ q x) (hγ : ∀ j ∈ s, ContDiff ℝ 2 (γ j))
  (hμ : ∀ j ∈ s, DifferentiableAt ℝ (μ j) x) (hconstraint : ∀ j ∈ s, ∀ᶠ (y : E) in nhds x, γ j (q y) = 0)
  (p : E → Fin Nc → ℝ) (hp : DifferentiableAt ℝ p x) (u v : E) :
  ((MolecularDynamics.textbookSymplecticForm Nc)
        ((fderiv ℝ
            (MolecularDynamics.textbookCotangentChart q (MolecularDynamics.textbookMultiConstrainedMomentum s γ μ q p))
            x)
          u))
      ((fderiv ℝ
          (MolecularDynamics.textbookCotangentChart q (MolecularDynamics.textbookMultiConstrainedMomentum s γ μ q p)) x)
        v) =
    ((MolecularDynamics.textbookSymplecticForm Nc) ((fderiv ℝ (MolecularDynamics.textbookCotangentChart q p) x) u))
      ((fderiv ℝ (MolecularDynamics.textbookCotangentChart q p) x) v)
MolecularDynamics.textbookProjectedEulerPreMomentum.{u_1, u_2} {Nc : ℕ} {E : Type u_1} {ι : Type u_2} (s : Finset ι)
  (γ : ι → (Fin Nc → ℝ) → ℝ) (lam : ι → E → ℝ) (U : (Fin Nc → ℝ) → ℝ) (h a : ℝ) (q p : E → Fin Nc → ℝ) : E → Fin Nc → ℝ
MolecularDynamics.textbookProjectedEulerPosition.{u_1} {Nc : ℕ} {E : Type u_1} (m : Fin Nc → ℝ) (h : ℝ)
  (q P : E → Fin Nc → ℝ) (x : E) : Fin Nc → ℝ
MolecularDynamics.textbookProjectedEulerChart.{u_1, u_2} {Nc : ℕ} {E : Type u_1} {ι : Type u_2} (s : Finset ι)
  (γ : ι → (Fin Nc → ℝ) → ℝ) (lam μ : ι → E → ℝ) (m : Fin Nc → ℝ) (U : (Fin Nc → ℝ) → ℝ) (h a : ℝ)
  (q p : E → Fin Nc → ℝ) : E → MolecularDynamics.SymplecticCoordinates Nc
MolecularDynamics.differentiableAt_textbookProjectedEulerPreMomentum.{u_1, u_2} {Nc : ℕ} {E : Type u_1} {ι : Type u_2}
  [NormedAddCommGroup E] [NormedSpace ℝ E] (s : Finset ι) (γ : ι → (Fin Nc → ℝ) → ℝ) (lam : ι → E → ℝ)
  (U : (Fin Nc → ℝ) → ℝ) (h a : ℝ) (q p : E → Fin Nc → ℝ) (x : E) (hq : DifferentiableAt ℝ q x)
  (hp : DifferentiableAt ℝ p x) (hU : ContDiff ℝ 2 U) (hγ : ∀ j ∈ s, ContDiff ℝ 2 (γ j))
  (hlam : ∀ j ∈ s, DifferentiableAt ℝ (lam j) x) :
  DifferentiableAt ℝ (MolecularDynamics.textbookProjectedEulerPreMomentum s γ lam U h a q p) x
MolecularDynamics.differentiableAt_textbookProjectedEulerPosition.{u_1} {Nc : ℕ} {E : Type u_1} [NormedAddCommGroup E]
  [NormedSpace ℝ E] (m : Fin Nc → ℝ) (h : ℝ) (q P : E → Fin Nc → ℝ) (x : E) (hq : DifferentiableAt ℝ q x)
  (hP : DifferentiableAt ℝ P x) : DifferentiableAt ℝ (MolecularDynamics.textbookProjectedEulerPosition m h q P) x
MolecularDynamics.textbookProjectedEulerChart_preserves_pullback.{u_1, u_2} {Nc : ℕ} {E : Type u_1} {ι : Type u_2}
  [NormedAddCommGroup E] [NormedSpace ℝ E] (s : Finset ι) (γ : ι → (Fin Nc → ℝ) → ℝ) (lam μ : ι → E → ℝ)
  (m : Fin Nc → ℝ) (U : (Fin Nc → ℝ) → ℝ) (h a : ℝ) (q p : E → Fin Nc → ℝ) (x : E) (hq : DifferentiableAt ℝ q x)
  (hp : DifferentiableAt ℝ p x) (hU : ContDiff ℝ 2 U) (hγ : ∀ j ∈ s, ContDiff ℝ 2 (γ j))
  (hlam : ∀ j ∈ s, DifferentiableAt ℝ (lam j) x) (hμ : ∀ j ∈ s, DifferentiableAt ℝ (μ j) x)
  (hold : ∀ j ∈ s, ∀ᶠ (y : E) in nhds x, γ j (q y) = 0)
  (hnew :
    ∀ j ∈ s,
      ∀ᶠ (y : E) in nhds x,
        γ j
            (MolecularDynamics.textbookProjectedEulerPosition m h q
              (MolecularDynamics.textbookProjectedEulerPreMomentum s γ lam U h a q p) y) =
          0)
  (u v : E) :
  ((MolecularDynamics.textbookSymplecticForm Nc)
        ((fderiv ℝ (MolecularDynamics.textbookProjectedEulerChart s γ lam μ m U h a q p) x) u))
      ((fderiv ℝ (MolecularDynamics.textbookProjectedEulerChart s γ lam μ m U h a q p) x) v) =
    ((MolecularDynamics.textbookSymplecticForm Nc) ((fderiv ℝ (MolecularDynamics.textbookCotangentChart q p) x) u))
      ((fderiv ℝ (MolecularDynamics.textbookCotangentChart q p) x) v)
MolecularDynamics.textbookConstraintJacobian {Nc Mc : ℕ} (γ : Fin Mc → (Fin Nc → ℝ) → ℝ) (q : Fin Nc → ℝ) :
  Matrix (Fin Mc) (Fin Nc) ℝ
MolecularDynamics.textbookConstraintJacobian_mulVec {Nc Mc : ℕ} (γ : Fin Mc → (Fin Nc → ℝ) → ℝ) (q w : Fin Nc → ℝ)
  (j : Fin Mc) : (MolecularDynamics.textbookConstraintJacobian γ q).mulVec w j = (fderiv ℝ (γ j) q) w
MolecularDynamics.textbookConstraintJacobian_eq_actualDerivative {Nc Mc : ℕ} (γ : Fin Mc → (Fin Nc → ℝ) → ℝ)
  (q : Fin Nc → ℝ) (hγ : ∀ (j : Fin Mc), DifferentiableAt ℝ (γ j) q) :
  MolecularDynamics.textbookConstraintJacobian γ q = LinearMap.toMatrix' ↑(fderiv ℝ (fun y j => γ j y) q)
MolecularDynamics.textbookInverseMassMatrix {Nc : ℕ} (m : Fin Nc → ℝ) : Matrix (Fin Nc) (Fin Nc) ℝ
MolecularDynamics.textbookConstraintGram {Nc Mc : ℕ} (m : Fin Nc → ℝ) (γ : Fin Mc → (Fin Nc → ℝ) → ℝ) (q : Fin Nc → ℝ) :
  Matrix (Fin Mc) (Fin Mc) ℝ
MolecularDynamics.textbookCotangentMultiplier {Nc Mc : ℕ} (m : Fin Nc → ℝ) (γ : Fin Mc → (Fin Nc → ℝ) → ℝ)
  (q p : Fin Nc → ℝ) : Fin Mc → ℝ
MolecularDynamics.textbookCotangentProjection {Nc Mc : ℕ} (m : Fin Nc → ℝ) (γ : Fin Mc → (Fin Nc → ℝ) → ℝ)
  (q p : Fin Nc → ℝ) : Fin Nc → ℝ
MolecularDynamics.textbookCotangentProjection_eq_gradient_sum {Nc Mc : ℕ} (m : Fin Nc → ℝ)
  (γ : Fin Mc → (Fin Nc → ℝ) → ℝ) (q p : Fin Nc → ℝ) :
  MolecularDynamics.textbookCotangentProjection m γ q p =
    p -
      ∑ j,
        MolecularDynamics.textbookCotangentMultiplier m γ q p j • MolecularDynamics.textbookConstraintGradient (γ j) q
MolecularDynamics.textbookCotangentProjection_hiddenConstraint {Nc Mc : ℕ} (m : Fin Nc → ℝ)
  (γ : Fin Mc → (Fin Nc → ℝ) → ℝ) (q p : Fin Nc → ℝ) (hdet : (MolecularDynamics.textbookConstraintGram m γ q).det ≠ 0) :
  (MolecularDynamics.textbookConstraintJacobian γ q).mulVec
      ((MolecularDynamics.textbookInverseMassMatrix m).mulVec (MolecularDynamics.textbookCotangentProjection m γ q p)) =
    0
MolecularDynamics.textbookCotangentProjection_constraint_derivative_zero {Nc Mc : ℕ} (m : Fin Nc → ℝ)
  (γ : Fin Mc → (Fin Nc → ℝ) → ℝ) (q p : Fin Nc → ℝ) (hdet : (MolecularDynamics.textbookConstraintGram m γ q).det ≠ 0)
  (j : Fin Mc) :
  (fderiv ℝ (γ j) q)
      ((MolecularDynamics.textbookInverseMassMatrix m).mulVec (MolecularDynamics.textbookCotangentProjection m γ q p)) =
    0
MolecularDynamics.textbookConstraintCurvature {Nc Mc : ℕ} (m : Fin Nc → ℝ) (γ : Fin Mc → (Fin Nc → ℝ) → ℝ)
  (q p : Fin Nc → ℝ) : Fin Mc → ℝ
MolecularDynamics.textbookConstrainedReactionMultiplier {Nc Mc : ℕ} (m : Fin Nc → ℝ) (γ : Fin Mc → (Fin Nc → ℝ) → ℝ)
  (F : (Fin Nc → ℝ) → Fin Nc → ℝ) (q p : Fin Nc → ℝ) : Fin Mc → ℝ
MolecularDynamics.textbookConstrainedReaction_balance {Nc Mc : ℕ} (m : Fin Nc → ℝ) (γ : Fin Mc → (Fin Nc → ℝ) → ℝ)
  (F : (Fin Nc → ℝ) → Fin Nc → ℝ) (q p : Fin Nc → ℝ) (hdet : (MolecularDynamics.textbookConstraintGram m γ q).det ≠ 0) :
  (MolecularDynamics.textbookConstraintJacobian γ q).mulVec
        ((MolecularDynamics.textbookInverseMassMatrix m).mulVec
          (F q -
            (MolecularDynamics.textbookConstraintJacobian γ q).transpose.mulVec
              (MolecularDynamics.textbookConstrainedReactionMultiplier m γ F q p))) +
      MolecularDynamics.textbookConstraintCurvature m γ q p =
    0
MolecularDynamics.textbookConstrainedODE_cotangent_invariant {Nc Mc : ℕ} (m : Fin Nc → ℝ)
  (γ : Fin Mc → (Fin Nc → ℝ) → ℝ) (F : (Fin Nc → ℝ) → Fin Nc → ℝ) (q p : ℝ → Fin Nc → ℝ) (τ : ℝ)
  (hγ : ∀ (j : Fin Mc), ContDiff ℝ 2 (γ j))
  (hdet : ∀ t ∈ Set.Icc 0 τ, (MolecularDynamics.textbookConstraintGram m γ (q t)).det ≠ 0)
  (hq :
    ∀ t ∈ Set.Icc 0 τ,
      HasDerivWithinAt q ((MolecularDynamics.textbookInverseMassMatrix m).mulVec (p t)) (Set.Icc 0 τ) t)
  (hp :
    ∀ t ∈ Set.Icc 0 τ,
      HasDerivWithinAt p
        (F (q t) -
          (MolecularDynamics.textbookConstraintJacobian γ (q t)).transpose.mulVec
            (MolecularDynamics.textbookConstrainedReactionMultiplier m γ F (q t) (p t)))
        (Set.Icc 0 τ) t)
  (hpos₀ : ∀ (j : Fin Mc), γ j (q 0) = 0)
  (hhidden₀ : ∀ (j : Fin Mc), (fderiv ℝ (γ j) (q 0)) ((MolecularDynamics.textbookInverseMassMatrix m).mulVec (p 0)) = 0)
  (t : ℝ) :
  t ∈ Set.Icc 0 τ →
    ∀ (j : Fin Mc),
      γ j (q t) = 0 ∧ (fderiv ℝ (γ j) (q t)) ((MolecularDynamics.textbookInverseMassMatrix m).mulVec (p t)) = 0
MolecularDynamics.contDiffAt_textbookConstraintJacobian.{u_1} {E : Type u_1} [NormedAddCommGroup E] [NormedSpace ℝ E]
  {Nc Mc : ℕ} (γ : Fin Mc → (Fin Nc → ℝ) → ℝ) (q : E → Fin Nc → ℝ) (x : E) (hγ : ∀ (j : Fin Mc), ContDiff ℝ 2 (γ j))
  (hq : ContDiffAt ℝ 1 q x) : ContDiffAt ℝ 1 (fun y => MolecularDynamics.textbookConstraintJacobian γ (q y)) x
MolecularDynamics.contDiffAt_textbookConstraintGram.{u_1} {E : Type u_1} [NormedAddCommGroup E] [NormedSpace ℝ E]
  {Nc Mc : ℕ} (m : Fin Nc → ℝ) (γ : Fin Mc → (Fin Nc → ℝ) → ℝ) (q : E → Fin Nc → ℝ) (x : E)
  (hγ : ∀ (j : Fin Mc), ContDiff ℝ 2 (γ j)) (hq : ContDiffAt ℝ 1 q x) :
  ContDiffAt ℝ 1 (fun y => MolecularDynamics.textbookConstraintGram m γ (q y)) x
MolecularDynamics.contDiffAt_textbookCotangentMultiplier.{u_1} {E : Type u_1} [NormedAddCommGroup E] [NormedSpace ℝ E]
  {Nc Mc : ℕ} (m : Fin Nc → ℝ) (γ : Fin Mc → (Fin Nc → ℝ) → ℝ) (q p : E → Fin Nc → ℝ) (x : E)
  (hγ : ∀ (j : Fin Mc), ContDiff ℝ 2 (γ j)) (hq : ContDiffAt ℝ 1 q x) (hp : ContDiffAt ℝ 1 p x)
  (hdet : (MolecularDynamics.textbookConstraintGram m γ (q x)).det ≠ 0) :
  ContDiffAt ℝ 1 (fun y => MolecularDynamics.textbookCotangentMultiplier m γ (q y) (p y)) x
MolecularDynamics.contDiffAt_textbookCotangentProjection.{u_1} {E : Type u_1} [NormedAddCommGroup E] [NormedSpace ℝ E]
  {Nc Mc : ℕ} (m : Fin Nc → ℝ) (γ : Fin Mc → (Fin Nc → ℝ) → ℝ) (q p : E → Fin Nc → ℝ) (x : E)
  (hγ : ∀ (j : Fin Mc), ContDiff ℝ 2 (γ j)) (hq : ContDiffAt ℝ 1 q x) (hp : ContDiffAt ℝ 1 p x)
  (hdet : (MolecularDynamics.textbookConstraintGram m γ (q x)).det ≠ 0) :
  ContDiffAt ℝ 1 (fun y => MolecularDynamics.textbookCotangentProjection m γ (q y) (p y)) x
MolecularDynamics.textbookCotangentProjection_preserves_pullback.{u_1} {E : Type u_1} [NormedAddCommGroup E]
  [NormedSpace ℝ E] {Nc Mc : ℕ} (m : Fin Nc → ℝ) (γ : Fin Mc → (Fin Nc → ℝ) → ℝ) (q p : E → Fin Nc → ℝ) (x : E)
  (hγ : ∀ (j : Fin Mc), ContDiff ℝ 2 (γ j)) (hq : ContDiffAt ℝ 1 q x) (hp : ContDiffAt ℝ 1 p x)
  (hdet : (MolecularDynamics.textbookConstraintGram m γ (q x)).det ≠ 0)
  (hconstraint : ∀ (j : Fin Mc), ∀ᶠ (y : E) in nhds x, γ j (q y) = 0) (u v : E) :
  ((MolecularDynamics.textbookSymplecticForm Nc)
        ((fderiv ℝ
            (MolecularDynamics.textbookCotangentChart q fun y =>
              MolecularDynamics.textbookCotangentProjection m γ (q y) (p y))
            x)
          u))
      ((fderiv ℝ
          (MolecularDynamics.textbookCotangentChart q fun y =>
            MolecularDynamics.textbookCotangentProjection m γ (q y) (p y))
          x)
        v) =
    ((MolecularDynamics.textbookSymplecticForm Nc) ((fderiv ℝ (MolecularDynamics.textbookCotangentChart q p) x) u))
      ((fderiv ℝ (MolecularDynamics.textbookCotangentChart q p) x) v)
MolecularDynamics.contDiffAt_textbookProjectedEulerPreMomentum.{u_1} {E : Type u_1} [NormedAddCommGroup E]
  [NormedSpace ℝ E] {Nc Mc : ℕ} (γ : Fin Mc → (Fin Nc → ℝ) → ℝ) (lam : Fin Mc → E → ℝ) (U : (Fin Nc → ℝ) → ℝ) (h a : ℝ)
  (q p : E → Fin Nc → ℝ) (x : E) (hq : ContDiffAt ℝ 1 q x) (hp : ContDiffAt ℝ 1 p x) (hU : ContDiff ℝ 2 U)
  (hγ : ∀ (j : Fin Mc), ContDiff ℝ 2 (γ j)) (hlam : ∀ (j : Fin Mc), ContDiffAt ℝ 1 (lam j) x) :
  ContDiffAt ℝ 1 (MolecularDynamics.textbookProjectedEulerPreMomentum Finset.univ γ lam U h a q p) x
MolecularDynamics.contDiffAt_textbookProjectedEulerPosition.{u_1} {E : Type u_1} [NormedAddCommGroup E]
  [NormedSpace ℝ E] {Nc : ℕ} (m : Fin Nc → ℝ) (h : ℝ) (q P : E → Fin Nc → ℝ) (x : E) (hq : ContDiffAt ℝ 1 q x)
  (hP : ContDiffAt ℝ 1 P x) : ContDiffAt ℝ 1 (MolecularDynamics.textbookProjectedEulerPosition m h q P) x
MolecularDynamics.textbookGramProjectedEulerChart.{u_1} {E : Type u_1} {Nc Mc : ℕ} (γ : Fin Mc → (Fin Nc → ℝ) → ℝ)
  (lam : Fin Mc → E → ℝ) (m : Fin Nc → ℝ) (U : (Fin Nc → ℝ) → ℝ) (h a : ℝ) (q p : E → Fin Nc → ℝ) :
  E → MolecularDynamics.SymplecticCoordinates Nc
MolecularDynamics.textbookGramProjectedEulerChart_hiddenConstraint_and_pullback.{u_1} {E : Type u_1}
  [NormedAddCommGroup E] [NormedSpace ℝ E] {Nc Mc : ℕ} (γ : Fin Mc → (Fin Nc → ℝ) → ℝ) (lam : Fin Mc → E → ℝ)
  (m : Fin Nc → ℝ) (U : (Fin Nc → ℝ) → ℝ) (h a : ℝ) (q p : E → Fin Nc → ℝ) (x : E) (hq : ContDiffAt ℝ 1 q x)
  (hp : ContDiffAt ℝ 1 p x) (hU : ContDiff ℝ 2 U) (hγ : ∀ (j : Fin Mc), ContDiff ℝ 2 (γ j))
  (hlam : ∀ (j : Fin Mc), ContDiffAt ℝ 1 (lam j) x) (hold : ∀ (j : Fin Mc), ∀ᶠ (y : E) in nhds x, γ j (q y) = 0)
  (hnew :
    ∀ (j : Fin Mc),
      ∀ᶠ (y : E) in nhds x,
        γ j
            (MolecularDynamics.textbookProjectedEulerPosition m h q
              (MolecularDynamics.textbookProjectedEulerPreMomentum Finset.univ γ lam U h a q p) y) =
          0)
  (hdet :
    (MolecularDynamics.textbookConstraintGram m γ
          (MolecularDynamics.textbookProjectedEulerPosition m h q
            (MolecularDynamics.textbookProjectedEulerPreMomentum Finset.univ γ lam U h a q p) x)).det ≠
      0)
  (u v : E) :
  (∀ (j : Fin Mc),
      (fderiv ℝ (γ j) fun i => MolecularDynamics.textbookGramProjectedEulerChart γ lam m U h a q p x (Sum.inl i))
          ((MolecularDynamics.textbookInverseMassMatrix m).mulVec fun i =>
            MolecularDynamics.textbookGramProjectedEulerChart γ lam m U h a q p x (Sum.inr i)) =
        0) ∧
    ((MolecularDynamics.textbookSymplecticForm Nc)
          ((fderiv ℝ (MolecularDynamics.textbookGramProjectedEulerChart γ lam m U h a q p) x) u))
        ((fderiv ℝ (MolecularDynamics.textbookGramProjectedEulerChart γ lam m U h a q p) x) v) =
      ((MolecularDynamics.textbookSymplecticForm Nc) ((fderiv ℝ (MolecularDynamics.textbookCotangentChart q p) x) u))
        ((fderiv ℝ (MolecularDynamics.textbookCotangentChart q p) x) v)
MolecularDynamics.textbookConstraintJacobian_vecMul_injective {Nc Mc : ℕ} (γ : Fin Mc → (Fin Nc → ℝ) → ℝ)
  (q : Fin Nc → ℝ) (hind : LinearIndependent ℝ fun j => MolecularDynamics.textbookConstraintGradient (γ j) q) :
  Function.Injective fun v => Matrix.vecMul v (MolecularDynamics.textbookConstraintJacobian γ q)
MolecularDynamics.textbookInverseMassMatrix_posDef {Nc : ℕ} (m : Fin Nc → ℝ) (hm : ∀ (i : Fin Nc), 0 < m i) :
  (MolecularDynamics.textbookInverseMassMatrix m).PosDef
MolecularDynamics.textbookConstraintGram_posDef {Nc Mc : ℕ} (m : Fin Nc → ℝ) (γ : Fin Mc → (Fin Nc → ℝ) → ℝ)
  (q : Fin Nc → ℝ) (hm : ∀ (i : Fin Nc), 0 < m i)
  (hind : LinearIndependent ℝ fun j => MolecularDynamics.textbookConstraintGradient (γ j) q) :
  (MolecularDynamics.textbookConstraintGram m γ q).PosDef
MolecularDynamics.textbookConstraintGram_det_pos {Nc Mc : ℕ} (m : Fin Nc → ℝ) (γ : Fin Mc → (Fin Nc → ℝ) → ℝ)
  (q : Fin Nc → ℝ) (hm : ∀ (i : Fin Nc), 0 < m i)
  (hind : LinearIndependent ℝ fun j => MolecularDynamics.textbookConstraintGradient (γ j) q) :
  0 < (MolecularDynamics.textbookConstraintGram m γ q).det
MolecularDynamics.textbookConstraintGram_det_ne_zero {Nc Mc : ℕ} (m : Fin Nc → ℝ) (γ : Fin Mc → (Fin Nc → ℝ) → ℝ)
  (q : Fin Nc → ℝ) (hm : ∀ (i : Fin Nc), 0 < m i)
  (hind : LinearIndependent ℝ fun j => MolecularDynamics.textbookConstraintGradient (γ j) q) :
  (MolecularDynamics.textbookConstraintGram m γ q).det ≠ 0
MolecularDynamics.textbookCotangentProjection_hiddenConstraint_of_mass_and_independence {Nc Mc : ℕ} (m : Fin Nc → ℝ)
  (γ : Fin Mc → (Fin Nc → ℝ) → ℝ) (q p : Fin Nc → ℝ) (hm : ∀ (i : Fin Nc), 0 < m i)
  (hind : LinearIndependent ℝ fun j => MolecularDynamics.textbookConstraintGradient (γ j) q) :
  (MolecularDynamics.textbookConstraintJacobian γ q).mulVec
      ((MolecularDynamics.textbookInverseMassMatrix m).mulVec (MolecularDynamics.textbookCotangentProjection m γ q p)) =
    0
MolecularDynamics.contDiffAt_textbookCotangentMultiplier_of_mass_and_independence.{u_1} {Nc Mc : ℕ} {E : Type u_1}
  [NormedAddCommGroup E] [NormedSpace ℝ E] (m : Fin Nc → ℝ) (γ : Fin Mc → (Fin Nc → ℝ) → ℝ) (q p : E → Fin Nc → ℝ)
  (x : E) (hm : ∀ (i : Fin Nc), 0 < m i) (hγ : ∀ (j : Fin Mc), ContDiff ℝ 2 (γ j)) (hq : ContDiffAt ℝ 1 q x)
  (hp : ContDiffAt ℝ 1 p x)
  (hind : LinearIndependent ℝ fun j => MolecularDynamics.textbookConstraintGradient (γ j) (q x)) :
  ContDiffAt ℝ 1 (fun y => MolecularDynamics.textbookCotangentMultiplier m γ (q y) (p y)) x
MolecularDynamics.textbookConstrainedODE_cotangent_invariant_of_mass_and_independence {Nc Mc : ℕ} (m : Fin Nc → ℝ)
  (γ : Fin Mc → (Fin Nc → ℝ) → ℝ) (F : (Fin Nc → ℝ) → Fin Nc → ℝ) (q p : ℝ → Fin Nc → ℝ) (τ : ℝ)
  (hm : ∀ (i : Fin Nc), 0 < m i) (hγ : ∀ (j : Fin Mc), ContDiff ℝ 2 (γ j))
  (hind : ∀ t ∈ Set.Icc 0 τ, LinearIndependent ℝ fun j => MolecularDynamics.textbookConstraintGradient (γ j) (q t))
  (hq :
    ∀ t ∈ Set.Icc 0 τ,
      HasDerivWithinAt q ((MolecularDynamics.textbookInverseMassMatrix m).mulVec (p t)) (Set.Icc 0 τ) t)
  (hp :
    ∀ t ∈ Set.Icc 0 τ,
      HasDerivWithinAt p
        (F (q t) -
          (MolecularDynamics.textbookConstraintJacobian γ (q t)).transpose.mulVec
            (MolecularDynamics.textbookConstrainedReactionMultiplier m γ F (q t) (p t)))
        (Set.Icc 0 τ) t)
  (hpos₀ : ∀ (j : Fin Mc), γ j (q 0) = 0)
  (hhidden₀ : ∀ (j : Fin Mc), (fderiv ℝ (γ j) (q 0)) ((MolecularDynamics.textbookInverseMassMatrix m).mulVec (p 0)) = 0)
  (t : ℝ) :
  t ∈ Set.Icc 0 τ →
    ∀ (j : Fin Mc),
      γ j (q t) = 0 ∧ (fderiv ℝ (γ j) (q t)) ((MolecularDynamics.textbookInverseMassMatrix m).mulVec (p t)) = 0
MolecularDynamics.textbookSolutionVariation.{u_1, u_2} {E : Type u_1} {V : Type u_2} [NormedAddCommGroup E]
  [NormedSpace ℝ E] [NormedAddCommGroup V] [NormedSpace ℝ V] (Φ : ℝ × E → V) (t : ℝ) (x u : E) : V
MolecularDynamics.textbookSolutionVariation_hasDerivAt.{u_1, u_2} {E : Type u_1} {V : Type u_2} [NormedAddCommGroup E]
  [NormedSpace ℝ E] [NormedAddCommGroup V] [NormedSpace ℝ V] (Φ : ℝ × E → V) (f : V → V) (hΦ : ContDiff ℝ 2 Φ) (t : ℝ)
  (x u : E) (hf : DifferentiableAt ℝ f (Φ (t, x)))
  (hODE : ∀ᶠ (y : E) in nhds x, HasDerivAt (fun s => Φ (s, y)) (f (Φ (t, y))) t) :
  HasDerivAt (fun s => MolecularDynamics.textbookSolutionVariation Φ s x u)
    ((fderiv ℝ f (Φ (t, x))) (MolecularDynamics.textbookSolutionVariation Φ t x u)) t
MolecularDynamics.textbookHamiltonianVectorField_fderiv_mulVec {Nc : ℕ}
  (H : MolecularDynamics.SymplecticCoordinates Nc → ℝ) (z v : MolecularDynamics.SymplecticCoordinates Nc)
  (hH : ContDiffAt ℝ 2 H z) :
  (fderiv ℝ (MolecularDynamics.textbookHamiltonianVectorField H) z) v =
    (MolecularDynamics.textbookJ Nc * MolecularDynamics.textbookHamiltonianHessian H z).mulVec v
MolecularDynamics.textbookHamiltonianFlowJacobian_hasDerivAt {Nc : ℕ}
  (H : MolecularDynamics.SymplecticCoordinates Nc → ℝ) (hH : ContDiff ℝ 2 H)
  (Φ : ℝ × MolecularDynamics.SymplecticCoordinates Nc → MolecularDynamics.SymplecticCoordinates Nc)
  (hΦ : ContDiff ℝ 2 Φ) (t : ℝ) (z : MolecularDynamics.SymplecticCoordinates Nc)
  (hODE :
    ∀ᶠ (y : MolecularDynamics.SymplecticCoordinates Nc) in nhds z,
      HasDerivAt (fun s => Φ (s, y)) (MolecularDynamics.textbookHamiltonianVectorField H (Φ (t, y))) t) :
  HasDerivAt (fun s => MolecularDynamics.textbookJacobian (fun y => Φ (s, y)) z)
    (MolecularDynamics.textbookJ Nc * MolecularDynamics.textbookHamiltonianHessian H (Φ (t, z)) *
      MolecularDynamics.textbookJacobian (fun y => Φ (t, y)) z)
    t
MolecularDynamics.textbookHamiltonianFlow_isSymplectic_of_jointC2 {Nc : ℕ}
  (H : MolecularDynamics.SymplecticCoordinates Nc → ℝ) (hH : ContDiff ℝ 2 H)
  (Φ : ℝ × MolecularDynamics.SymplecticCoordinates Nc → MolecularDynamics.SymplecticCoordinates Nc)
  (hΦ : ContDiff ℝ 2 Φ) (τ : ℝ)
  (hODE :
    ∀ t ∈ Set.Icc 0 τ,
      ∀ (z : MolecularDynamics.SymplecticCoordinates Nc),
        HasDerivAt (fun s => Φ (s, z)) (MolecularDynamics.textbookHamiltonianVectorField H (Φ (t, z))) t)
  (hinit : (fun z => Φ (0, z)) = id) (t : ℝ) :
  t ∈ Set.Icc 0 τ → MolecularDynamics.IsTextbookSymplecticMap fun z => Φ (t, z)
MolecularDynamics.textbookHamiltonianFlowJacobian_det_eq_one_of_jointC2 {Nc : ℕ}
  (H : MolecularDynamics.SymplecticCoordinates Nc → ℝ) (hH : ContDiff ℝ 2 H)
  (Φ : ℝ × MolecularDynamics.SymplecticCoordinates Nc → MolecularDynamics.SymplecticCoordinates Nc)
  (hΦ : ContDiff ℝ 2 Φ) (τ : ℝ)
  (hODE :
    ∀ t ∈ Set.Icc 0 τ,
      ∀ (z : MolecularDynamics.SymplecticCoordinates Nc),
        HasDerivAt (fun s => Φ (s, z)) (MolecularDynamics.textbookHamiltonianVectorField H (Φ (t, z))) t)
  (hinit : (fun z => Φ (0, z)) = id) (t : ℝ) :
  t ∈ Set.Icc 0 τ →
    ∀ (z : MolecularDynamics.SymplecticCoordinates Nc),
      Matrix.det (MolecularDynamics.textbookJacobian (fun y => Φ (t, y)) z) = 1
MolecularDynamics.textbookHamiltonianVectorField_jacobian {Nc : ℕ} (H : MolecularDynamics.SymplecticCoordinates Nc → ℝ)
  (z : MolecularDynamics.SymplecticCoordinates Nc) (hH : ContDiffAt ℝ 2 H z) :
  MolecularDynamics.textbookJacobian (MolecularDynamics.textbookHamiltonianVectorField H) z =
    MolecularDynamics.textbookJ Nc * MolecularDynamics.textbookHamiltonianHessian H z
MolecularDynamics.textbookHamiltonianVectorField_divergence_zero {Nc : ℕ}
  (H : MolecularDynamics.SymplecticCoordinates Nc → ℝ) (z : MolecularDynamics.SymplecticCoordinates Nc)
  (hH : ContDiffAt ℝ 2 H z) :
  Matrix.trace (MolecularDynamics.textbookJacobian (MolecularDynamics.textbookHamiltonianVectorField H) z) = 0
MolecularDynamics.textbookC1SolutionFamily_injective.{u_1} {E : Type u_1} [NormedAddCommGroup E] [NormedSpace ℝ E]
  [FiniteDimensional ℝ E] (f : E → E) (hf : ContDiff ℝ 1 f) (Φ : ℝ × E → E) (hΦ : Continuous Φ) (τ : ℝ)
  (hODE : ∀ t ∈ Set.Icc 0 τ, ∀ (z : E), HasDerivAt (fun s => Φ (s, z)) (f (Φ (t, z))) t)
  (hinit : (fun z => Φ (0, z)) = id) (t : ℝ) : t ∈ Set.Icc 0 τ → Function.Injective fun z => Φ (t, z)
MolecularDynamics.textbookHamiltonianFlow_injective_of_jointC2 {Nc : ℕ}
  (H : MolecularDynamics.SymplecticCoordinates Nc → ℝ) (hH : ContDiff ℝ 2 H)
  (Φ : ℝ × MolecularDynamics.SymplecticCoordinates Nc → MolecularDynamics.SymplecticCoordinates Nc)
  (hΦ : ContDiff ℝ 2 Φ) (τ : ℝ)
  (hODE :
    ∀ t ∈ Set.Icc 0 τ,
      ∀ (z : MolecularDynamics.SymplecticCoordinates Nc),
        HasDerivAt (fun s => Φ (s, z)) (MolecularDynamics.textbookHamiltonianVectorField H (Φ (t, z))) t)
  (hinit : (fun z => Φ (0, z)) = id) (t : ℝ) : t ∈ Set.Icc 0 τ → Function.Injective fun z => Φ (t, z)
MolecularDynamics.textbookHamiltonianFlow_measurable_image_of_jointC2 {Nc : ℕ}
  (H : MolecularDynamics.SymplecticCoordinates Nc → ℝ) (hH : ContDiff ℝ 2 H)
  (Φ : ℝ × MolecularDynamics.SymplecticCoordinates Nc → MolecularDynamics.SymplecticCoordinates Nc)
  (hΦ : ContDiff ℝ 2 Φ) (τ : ℝ)
  (hODE :
    ∀ t ∈ Set.Icc 0 τ,
      ∀ (z : MolecularDynamics.SymplecticCoordinates Nc),
        HasDerivAt (fun s => Φ (s, z)) (MolecularDynamics.textbookHamiltonianVectorField H (Φ (t, z))) t)
  (hinit : (fun z => Φ (0, z)) = id) (t : ℝ) (ht : t ∈ Set.Icc 0 τ)
  (s : Set (MolecularDynamics.SymplecticCoordinates Nc)) (hs : MeasurableSet s) :
  MeasurableSet ((fun z => Φ (t, z)) '' s)
MolecularDynamics.textbookHamiltonianFlow_volume_image_of_jointC2 {Nc : ℕ}
  (H : MolecularDynamics.SymplecticCoordinates Nc → ℝ) (hH : ContDiff ℝ 2 H)
  (Φ : ℝ × MolecularDynamics.SymplecticCoordinates Nc → MolecularDynamics.SymplecticCoordinates Nc)
  (hΦ : ContDiff ℝ 2 Φ) (τ : ℝ)
  (hODE :
    ∀ t ∈ Set.Icc 0 τ,
      ∀ (z : MolecularDynamics.SymplecticCoordinates Nc),
        HasDerivAt (fun s => Φ (s, z)) (MolecularDynamics.textbookHamiltonianVectorField H (Φ (t, z))) t)
  (hinit : (fun z => Φ (0, z)) = id) (t : ℝ) (ht : t ∈ Set.Icc 0 τ)
  (s : Set (MolecularDynamics.SymplecticCoordinates Nc)) (hs : MeasurableSet s) :
  MeasureTheory.volume ((fun z => Φ (t, z)) '' s) = MeasureTheory.volume s
MolecularDynamics.textbookCoordinateJacobian.{u_1} {ι : Type u_1} [Fintype ι] [DecidableEq ι] (f : (ι → ℝ) → ι → ℝ)
  (z : ι → ℝ) : Matrix ι ι ℝ
MolecularDynamics.textbookCoordinateJacobian_entry.{u_1} {ι : Type u_1} [Fintype ι] [DecidableEq ι]
  (f : (ι → ℝ) → ι → ℝ) (z : ι → ℝ) (i j : ι) :
  MolecularDynamics.textbookCoordinateJacobian f z i j = (fderiv ℝ f z) (Pi.single j 1) i
MolecularDynamics.textbookCoordinateJacobian_mulVec.{u_1} {ι : Type u_1} [Fintype ι] [DecidableEq ι]
  (f : (ι → ℝ) → ι → ℝ) (z u : ι → ℝ) : (MolecularDynamics.textbookCoordinateJacobian f z).mulVec u = (fderiv ℝ f z) u
MolecularDynamics.textbookMatrixDet_hasDerivAt_of_linearODE.{u_1} {ι : Type u_1} [Fintype ι] [DecidableEq ι]
  (W : ℝ → Matrix ι ι ℝ) (A : Matrix ι ι ℝ) (t : ℝ) (hW : HasDerivAt W (A * W t) t) :
  HasDerivAt (fun s => (W s).det) (A.trace * (W t).det) t
MolecularDynamics.textbookSolutionFamilyJacobian_hasDerivAt.{u_1} {ι : Type u_1} [Fintype ι] [DecidableEq ι]
  (f : (ι → ℝ) → ι → ℝ) (Φ : ℝ × (ι → ℝ) → ι → ℝ) (hΦ : ContDiff ℝ 2 Φ) (t : ℝ) (z : ι → ℝ)
  (hf : DifferentiableAt ℝ f (Φ (t, z)))
  (hODE : ∀ᶠ (y : ι → ℝ) in nhds z, HasDerivAt (fun s => Φ (s, y)) (f (Φ (t, y))) t) :
  HasDerivAt (fun s => MolecularDynamics.textbookCoordinateJacobian (fun y => Φ (s, y)) z)
    (MolecularDynamics.textbookCoordinateJacobian f (Φ (t, z)) *
      MolecularDynamics.textbookCoordinateJacobian (fun y => Φ (t, y)) z)
    t
MolecularDynamics.textbookDivergenceFreeFlowJacobian_det_eq_one_of_jointC2.{u_1} {ι : Type u_1} [Fintype ι]
  [DecidableEq ι] (f : (ι → ℝ) → ι → ℝ) (hf : ContDiff ℝ 1 f)
  (hdiv : ∀ (z : ι → ℝ), (MolecularDynamics.textbookCoordinateJacobian f z).trace = 0) (Φ : ℝ × (ι → ℝ) → ι → ℝ)
  (hΦ : ContDiff ℝ 2 Φ) (τ : ℝ)
  (hODE : ∀ t ∈ Set.Icc 0 τ, ∀ (z : ι → ℝ), HasDerivAt (fun s => Φ (s, z)) (f (Φ (t, z))) t)
  (hinit : (fun z => Φ (0, z)) = id) (t : ℝ) :
  t ∈ Set.Icc 0 τ → ∀ (z : ι → ℝ), (MolecularDynamics.textbookCoordinateJacobian (fun y => Φ (t, y)) z).det = 1
MolecularDynamics.textbookDivergenceFreeFlow_measurable_image_of_jointC2.{u_1} {ι : Type u_1} [Fintype ι]
  (f : (ι → ℝ) → ι → ℝ) (hf : ContDiff ℝ 1 f) (Φ : ℝ × (ι → ℝ) → ι → ℝ) (hΦ : ContDiff ℝ 2 Φ) (τ : ℝ)
  (hODE : ∀ t ∈ Set.Icc 0 τ, ∀ (z : ι → ℝ), HasDerivAt (fun s => Φ (s, z)) (f (Φ (t, z))) t)
  (hinit : (fun z => Φ (0, z)) = id) (t : ℝ) (ht : t ∈ Set.Icc 0 τ) (s : Set (ι → ℝ)) (hs : MeasurableSet s) :
  MeasurableSet ((fun z => Φ (t, z)) '' s)
MolecularDynamics.textbookDivergenceFreeFlow_volume_image_of_jointC2.{u_1} {ι : Type u_1} [Fintype ι] [DecidableEq ι]
  (f : (ι → ℝ) → ι → ℝ) (hf : ContDiff ℝ 1 f)
  (hdiv : ∀ (z : ι → ℝ), (MolecularDynamics.textbookCoordinateJacobian f z).trace = 0) (Φ : ℝ × (ι → ℝ) → ι → ℝ)
  (hΦ : ContDiff ℝ 2 Φ) (τ : ℝ)
  (hODE : ∀ t ∈ Set.Icc 0 τ, ∀ (z : ι → ℝ), HasDerivAt (fun s => Φ (s, z)) (f (Φ (t, z))) t)
  (hinit : (fun z => Φ (0, z)) = id) (t : ℝ) (ht : t ∈ Set.Icc 0 τ) (s : Set (ι → ℝ)) (hs : MeasurableSet s) :
  MeasureTheory.volume ((fun z => Φ (t, z)) '' s) = MeasureTheory.volume s
MolecularDynamics.contDiffAt_textbookConstraintGram_inverse.{u_1} {E : Type u_1} [NormedAddCommGroup E]
  [NormedSpace ℝ E] {Nc Mc : ℕ} (m : Fin Nc → ℝ) (γ : Fin Mc → (Fin Nc → ℝ) → ℝ) (q : E → Fin Nc → ℝ) (x : E)
  (hγ : ∀ (j : Fin Mc), ContDiff ℝ 2 (γ j)) (hq : ContDiffAt ℝ 1 q x)
  (hdet : (MolecularDynamics.textbookConstraintGram m γ (q x)).det ≠ 0) :
  ContDiffAt ℝ 1 (fun y => (MolecularDynamics.textbookConstraintGram m γ (q y))⁻¹) x
MolecularDynamics.contDiffAt_textbookConstraintCurvature.{u_1} {E : Type u_1} [NormedAddCommGroup E] [NormedSpace ℝ E]
  {Nc Mc : ℕ} (m : Fin Nc → ℝ) (γ : Fin Mc → (Fin Nc → ℝ) → ℝ) (q p : E → Fin Nc → ℝ) (x : E)
  (hγ : ∀ (j : Fin Mc), ContDiff ℝ 3 (γ j)) (hq : ContDiffAt ℝ 1 q x) (hp : ContDiffAt ℝ 1 p x) :
  ContDiffAt ℝ 1 (fun y => MolecularDynamics.textbookConstraintCurvature m γ (q y) (p y)) x
MolecularDynamics.contDiffAt_textbookConstrainedReactionMultiplier.{u_1} {E : Type u_1} [NormedAddCommGroup E]
  [NormedSpace ℝ E] {Nc Mc : ℕ} (m : Fin Nc → ℝ) (γ : Fin Mc → (Fin Nc → ℝ) → ℝ) (F : (Fin Nc → ℝ) → Fin Nc → ℝ)
  (q p : E → Fin Nc → ℝ) (x : E) (hγ : ∀ (j : Fin Mc), ContDiff ℝ 3 (γ j)) (hF : ContDiff ℝ 1 F)
  (hq : ContDiffAt ℝ 1 q x) (hp : ContDiffAt ℝ 1 p x)
  (hdet : (MolecularDynamics.textbookConstraintGram m γ (q x)).det ≠ 0) :
  ContDiffAt ℝ 1 (fun y => MolecularDynamics.textbookConstrainedReactionMultiplier m γ F (q y) (p y)) x
MolecularDynamics.contDiffAt_textbookConstrainedReactionMultiplier_of_mass_and_independence.{u_1} {E : Type u_1}
  [NormedAddCommGroup E] [NormedSpace ℝ E] {Nc Mc : ℕ} (m : Fin Nc → ℝ) (γ : Fin Mc → (Fin Nc → ℝ) → ℝ)
  (F : (Fin Nc → ℝ) → Fin Nc → ℝ) (q p : E → Fin Nc → ℝ) (x : E) (hm : ∀ (i : Fin Nc), 0 < m i)
  (hγ : ∀ (j : Fin Mc), ContDiff ℝ 3 (γ j)) (hF : ContDiff ℝ 1 F) (hq : ContDiffAt ℝ 1 q x) (hp : ContDiffAt ℝ 1 p x)
  (hind : LinearIndependent ℝ fun j => MolecularDynamics.textbookConstraintGradient (γ j) (q x)) :
  ContDiffAt ℝ 1 (fun y => MolecularDynamics.textbookConstrainedReactionMultiplier m γ F (q y) (p y)) x
MolecularDynamics.textbookConstrainedPhaseVectorField {Nc Mc : ℕ} (m : Fin Nc → ℝ) (γ : Fin Mc → (Fin Nc → ℝ) → ℝ)
  (U : (Fin Nc → ℝ) → ℝ) (z : (Fin Nc → ℝ) × (Fin Nc → ℝ)) : (Fin Nc → ℝ) × (Fin Nc → ℝ)
MolecularDynamics.contDiffAt_textbookConstrainedPhaseVectorField {Nc Mc : ℕ} (m : Fin Nc → ℝ)
  (γ : Fin Mc → (Fin Nc → ℝ) → ℝ) (U : (Fin Nc → ℝ) → ℝ) (z : (Fin Nc → ℝ) × (Fin Nc → ℝ)) (hU : ContDiff ℝ 2 U)
  (hγ : ∀ (j : Fin Mc), ContDiff ℝ 3 (γ j)) (hdet : (MolecularDynamics.textbookConstraintGram m γ z.1).det ≠ 0) :
  ContDiffAt ℝ 1 (MolecularDynamics.textbookConstrainedPhaseVectorField m γ U) z
MolecularDynamics.contDiffAt_textbookConstrainedPhaseVectorField_of_mass_and_independence {Nc Mc : ℕ} (m : Fin Nc → ℝ)
  (γ : Fin Mc → (Fin Nc → ℝ) → ℝ) (U : (Fin Nc → ℝ) → ℝ) (z : (Fin Nc → ℝ) × (Fin Nc → ℝ))
  (hm : ∀ (i : Fin Nc), 0 < m i) (hU : ContDiff ℝ 2 U) (hγ : ∀ (j : Fin Mc), ContDiff ℝ 3 (γ j))
  (hind : LinearIndependent ℝ fun j => MolecularDynamics.textbookConstraintGradient (γ j) z.1) :
  ContDiffAt ℝ 1 (MolecularDynamics.textbookConstrainedPhaseVectorField m γ U) z
MolecularDynamics.textbookConstrainedAcceleration_pullback_zero.{u_1} {E : Type u_1} [NormedAddCommGroup E]
  [NormedSpace ℝ E] {Nc Mc : ℕ} (γ : Fin Mc → (Fin Nc → ℝ) → ℝ) (U : (Fin Nc → ℝ) → ℝ) (ρ : Fin Mc → E → ℝ)
  (q : E → Fin Nc → ℝ) (x u v : E) (hU : ContDiff ℝ 2 U) (hγ : ∀ (j : Fin Mc), ContDiff ℝ 2 (γ j))
  (hq : DifferentiableAt ℝ q x) (hρ : ∀ (j : Fin Mc), DifferentiableAt ℝ (ρ j) x)
  (hconstraint : ∀ (j : Fin Mc), ∀ᶠ (y : E) in nhds x, γ j (q y) = 0) :
  ∑ i,
      ((fderiv ℝ q x) u i *
          (fderiv ℝ
              (MolecularDynamics.textbookMultiConstrainedMomentum Finset.univ γ ρ q fun y =>
                MolecularDynamics.textbookPotentialForce U (q y))
              x)
            v i -
        (fderiv ℝ
              (MolecularDynamics.textbookMultiConstrainedMomentum Finset.univ γ ρ q fun y =>
                MolecularDynamics.textbookPotentialForce U (q y))
              x)
            u i *
          (fderiv ℝ q x) v i) =
    0
MolecularDynamics.textbookConstrainedFlow_pullback_constant_of_jointC2.{u_1} {E : Type u_1} [NormedAddCommGroup E]
  [NormedSpace ℝ E] {Nc Mc : ℕ} (m : Fin Nc → ℝ) (γ : Fin Mc → (Fin Nc → ℝ) → ℝ) (U : (Fin Nc → ℝ) → ℝ)
  (Φ : ℝ × E → (Fin Nc → ℝ) × (Fin Nc → ℝ)) (hΦ : ContDiff ℝ 2 Φ) (τ : ℝ) (hU : ContDiff ℝ 2 U)
  (hγ : ∀ (j : Fin Mc), ContDiff ℝ 3 (γ j))
  (hdet : ∀ t ∈ Set.Icc 0 τ, ∀ (y : E), (MolecularDynamics.textbookConstraintGram m γ (Φ (t, y)).1).det ≠ 0)
  (hODE :
    ∀ t ∈ Set.Icc 0 τ,
      ∀ (y : E),
        HasDerivAt (fun s => Φ (s, y)) (MolecularDynamics.textbookConstrainedPhaseVectorField m γ U (Φ (t, y))) t)
  (hpos₀ : ∀ (y : E) (j : Fin Mc), γ j (Φ (0, y)).1 = 0)
  (hhidden₀ :
    ∀ (y : E) (j : Fin Mc),
      (fderiv ℝ (γ j) (Φ (0, y)).1) ((MolecularDynamics.textbookInverseMassMatrix m).mulVec (Φ (0, y)).2) = 0)
  (x u v : E) (t : ℝ) :
  t ∈ Set.Icc 0 τ →
    ((MolecularDynamics.textbookSymplecticForm Nc)
          ((fderiv ℝ (MolecularDynamics.textbookCotangentChart (fun y => (Φ (t, y)).1) fun y => (Φ (t, y)).2) x) u))
        ((fderiv ℝ (MolecularDynamics.textbookCotangentChart (fun y => (Φ (t, y)).1) fun y => (Φ (t, y)).2) x) v) =
      ((MolecularDynamics.textbookSymplecticForm Nc)
          ((fderiv ℝ (MolecularDynamics.textbookCotangentChart (fun y => (Φ (0, y)).1) fun y => (Φ (0, y)).2) x) u))
        ((fderiv ℝ (MolecularDynamics.textbookCotangentChart (fun y => (Φ (0, y)).1) fun y => (Φ (0, y)).2) x) v)
MolecularDynamics.textbookConstrainedFlow_pullback_constant_of_mass_and_independence.{u_1} {E : Type u_1}
  [NormedAddCommGroup E] [NormedSpace ℝ E] {Nc Mc : ℕ} (m : Fin Nc → ℝ) (γ : Fin Mc → (Fin Nc → ℝ) → ℝ)
  (U : (Fin Nc → ℝ) → ℝ) (Φ : ℝ × E → (Fin Nc → ℝ) × (Fin Nc → ℝ)) (hΦ : ContDiff ℝ 2 Φ) (τ : ℝ)
  (hm : ∀ (i : Fin Nc), 0 < m i) (hU : ContDiff ℝ 2 U) (hγ : ∀ (j : Fin Mc), ContDiff ℝ 3 (γ j))
  (hind :
    ∀ t ∈ Set.Icc 0 τ,
      ∀ (y : E), LinearIndependent ℝ fun j => MolecularDynamics.textbookConstraintGradient (γ j) (Φ (t, y)).1)
  (hODE :
    ∀ t ∈ Set.Icc 0 τ,
      ∀ (y : E),
        HasDerivAt (fun s => Φ (s, y)) (MolecularDynamics.textbookConstrainedPhaseVectorField m γ U (Φ (t, y))) t)
  (hpos₀ : ∀ (y : E) (j : Fin Mc), γ j (Φ (0, y)).1 = 0)
  (hhidden₀ :
    ∀ (y : E) (j : Fin Mc),
      (fderiv ℝ (γ j) (Φ (0, y)).1) ((MolecularDynamics.textbookInverseMassMatrix m).mulVec (Φ (0, y)).2) = 0)
  (x u v : E) (t : ℝ) :
  t ∈ Set.Icc 0 τ →
    ((MolecularDynamics.textbookSymplecticForm Nc)
          ((fderiv ℝ (MolecularDynamics.textbookCotangentChart (fun y => (Φ (t, y)).1) fun y => (Φ (t, y)).2) x) u))
        ((fderiv ℝ (MolecularDynamics.textbookCotangentChart (fun y => (Φ (t, y)).1) fun y => (Φ (t, y)).2) x) v) =
      ((MolecularDynamics.textbookSymplecticForm Nc)
          ((fderiv ℝ (MolecularDynamics.textbookCotangentChart (fun y => (Φ (0, y)).1) fun y => (Φ (0, y)).2) x) u))
        ((fderiv ℝ (MolecularDynamics.textbookCotangentChart (fun y => (Φ (0, y)).1) fun y => (Φ (0, y)).2) x) v)
MolecularDynamics.textbookCenteredGaussian_secondMoment.{u_1} {Ω : Type u_1} [MeasurableSpace Ω]
  {P : MeasureTheory.Measure Ω} {X : Ω → ℝ} {v : NNReal}
  (hX : ProbabilityTheory.HasLaw X (ProbabilityTheory.gaussianReal 0 v) P) : ∫ (ω : Ω), X ω ^ 2 ∂P = ↑v
MolecularDynamics.textbookCenteredGaussian_fourthMoment.{u_1} {Ω : Type u_1} [MeasurableSpace Ω]
  {P : MeasureTheory.Measure Ω} {X : Ω → ℝ} {v : NNReal}
  (hX : ProbabilityTheory.HasLaw X (ProbabilityTheory.gaussianReal 0 v) P) : ∫ (ω : Ω), X ω ^ 4 ∂P = 3 * ↑v ^ 2
MolecularDynamics.textbookCenteredGaussian_square_memLp.{u_1} {Ω : Type u_1} [MeasurableSpace Ω]
  {P : MeasureTheory.Measure Ω} {X : Ω → ℝ} {v : NNReal}
  (hX : ProbabilityTheory.HasLaw X (ProbabilityTheory.gaussianReal 0 v) P) : MeasureTheory.MemLp (fun ω => X ω ^ 2) 2 P
MolecularDynamics.textbookCenteredGaussian_square_variance.{u_1} {Ω : Type u_1} [MeasurableSpace Ω]
  {P : MeasureTheory.Measure Ω} {X : Ω → ℝ} {v : NNReal}
  (hX : ProbabilityTheory.HasLaw X (ProbabilityTheory.gaussianReal 0 v) P) :
  ProbabilityTheory.variance (fun ω => X ω ^ 2) P = 2 * ↑v ^ 2
MolecularDynamics.textbookWienerTime (T : NNReal) (K k : ℕ) : NNReal
MolecularDynamics.textbookWienerIncrement.{u_1} {Ω : Type u_1} (W : NNReal → Ω → ℝ) (T : NNReal) (K : ℕ) (k : Fin K) :
  Ω → ℝ
MolecularDynamics.textbookWienerQuadraticSum.{u_1} {Ω : Type u_1} (W : NNReal → Ω → ℝ) (T : NNReal) (K : ℕ) : Ω → ℝ
MolecularDynamics.textbookWienerIncrement_hasLaw.{u_1} {Ω : Type u_1} [MeasurableSpace Ω] {P : MeasureTheory.Measure Ω}
  {W : NNReal → Ω → ℝ} (hW : ProbabilityTheory.IsPreBrownianReal W P) (T : NNReal) (K : ℕ) (k : Fin K) :
  ProbabilityTheory.HasLaw (MolecularDynamics.textbookWienerIncrement W T K k)
    (ProbabilityTheory.gaussianReal 0 (T / ↑K)) P
MolecularDynamics.textbookWienerIncrement_independent.{u_1} {Ω : Type u_1} [MeasurableSpace Ω]
  {P : MeasureTheory.Measure Ω} {W : NNReal → Ω → ℝ} (hW : ProbabilityTheory.IsPreBrownianReal W P) (T : NNReal)
  (K : ℕ) : ProbabilityTheory.iIndepFun (MolecularDynamics.textbookWienerIncrement W T K) P
MolecularDynamics.textbookWienerQuadraticSum_integral.{u_1} {Ω : Type u_1} [MeasurableSpace Ω]
  {P : MeasureTheory.Measure Ω} {W : NNReal → Ω → ℝ} (hW : ProbabilityTheory.IsPreBrownianReal W P) (T : NNReal) {K : ℕ}
  (hK : 0 < K) : ∫ (ω : Ω), MolecularDynamics.textbookWienerQuadraticSum W T K ω ∂P = ↑T
MolecularDynamics.textbookWienerQuadraticSum_variance.{u_1} {Ω : Type u_1} [MeasurableSpace Ω]
  {P : MeasureTheory.Measure Ω} {W : NNReal → Ω → ℝ} (hW : ProbabilityTheory.IsPreBrownianReal W P) (T : NNReal) {K : ℕ}
  (hK : 0 < K) : ProbabilityTheory.variance (MolecularDynamics.textbookWienerQuadraticSum W T K) P = 2 * ↑T ^ 2 / ↑K
MolecularDynamics.textbookWienerQuadraticSum_meanSquareError.{u_1} {Ω : Type u_1} [MeasurableSpace Ω]
  {P : MeasureTheory.Measure Ω} {W : NNReal → Ω → ℝ} (hW : ProbabilityTheory.IsPreBrownianReal W P) (T : NNReal) {K : ℕ}
  (hK : 0 < K) : ∫ (ω : Ω), (MolecularDynamics.textbookWienerQuadraticSum W T K ω - ↑T) ^ 2 ∂P = 2 * ↑T ^ 2 / ↑K
MolecularDynamics.textbookWienerQuadraticSum_meanSquare_tendsto.{u_1} {Ω : Type u_1} [MeasurableSpace Ω]
  {P : MeasureTheory.Measure Ω} {W : NNReal → Ω → ℝ} (hW : ProbabilityTheory.IsPreBrownianReal W P) (T : NNReal) :
  Filter.Tendsto (fun K => ∫ (ω : Ω), (MolecularDynamics.textbookWienerQuadraticSum W T K ω - ↑T) ^ 2 ∂P) Filter.atTop
    (nhds 0)
MolecularDynamics.textbookWienerWeightedSum.{u_1} {Ω : Type u_1} (W : NNReal → Ω → ℝ) (T : NNReal) (K : ℕ)
  (a : Fin K → ℝ) : Ω → ℝ
MolecularDynamics.textbookWienerWeightedVariance (T : NNReal) (K : ℕ) (a : Fin K → ℝ) : NNReal
MolecularDynamics.textbookWienerWeightedSum_hasGaussianLaw.{u_1} {Ω : Type u_1} [MeasurableSpace Ω]
  {P : MeasureTheory.Measure Ω} {W : NNReal → Ω → ℝ} (hW : ProbabilityTheory.IsPreBrownianReal W P) (T : NNReal) (K : ℕ)
  (a : Fin K → ℝ) : ProbabilityTheory.HasGaussianLaw (MolecularDynamics.textbookWienerWeightedSum W T K a) P
MolecularDynamics.textbookWienerWeightedSum_integral.{u_1} {Ω : Type u_1} [MeasurableSpace Ω]
  {P : MeasureTheory.Measure Ω} {W : NNReal → Ω → ℝ} (hW : ProbabilityTheory.IsPreBrownianReal W P) (T : NNReal) (K : ℕ)
  (a : Fin K → ℝ) : ∫ (ω : Ω), MolecularDynamics.textbookWienerWeightedSum W T K a ω ∂P = 0
MolecularDynamics.textbookWienerWeightedSum_variance.{u_1} {Ω : Type u_1} [MeasurableSpace Ω]
  {P : MeasureTheory.Measure Ω} {W : NNReal → Ω → ℝ} (hW : ProbabilityTheory.IsPreBrownianReal W P) (T : NNReal) (K : ℕ)
  (a : Fin K → ℝ) :
  ProbabilityTheory.variance (MolecularDynamics.textbookWienerWeightedSum W T K a) P =
    ↑(MolecularDynamics.textbookWienerWeightedVariance T K a)
MolecularDynamics.textbookWienerWeightedSum_hasLaw.{u_1} {Ω : Type u_1} [MeasurableSpace Ω]
  {P : MeasureTheory.Measure Ω} {W : NNReal → Ω → ℝ} (hW : ProbabilityTheory.IsPreBrownianReal W P) (T : NNReal) (K : ℕ)
  (a : Fin K → ℝ) :
  ProbabilityTheory.HasLaw (MolecularDynamics.textbookWienerWeightedSum W T K a)
    (ProbabilityTheory.gaussianReal 0 (MolecularDynamics.textbookWienerWeightedVariance T K a)) P
MolecularDynamics.textbookWienerWeightedSum_difference_secondMoment.{u_1} {Ω : Type u_1} [MeasurableSpace Ω]
  {P : MeasureTheory.Measure Ω} {W : NNReal → Ω → ℝ} (hW : ProbabilityTheory.IsPreBrownianReal W P) (T : NNReal) (K : ℕ)
  (a b : Fin K → ℝ) :
  ∫ (ω : Ω),
      (MolecularDynamics.textbookWienerWeightedSum W T K a ω - MolecularDynamics.textbookWienerWeightedSum W T K b ω) ^
        2 ∂P =
    ∑ k, (a k - b k) ^ 2 * (↑T / ↑↑K)
MolecularDynamics.textbookWienerSelfItoSum.{u_1} {Ω : Type u_1} (W : NNReal → Ω → ℝ) (T : NNReal) (K : ℕ) : Ω → ℝ
MolecularDynamics.textbookWienerSelfItoSum_identity.{u_1} {Ω : Type u_1} [MeasurableSpace Ω]
  {P : MeasureTheory.Measure Ω} {W : NNReal → Ω → ℝ} (hW : ProbabilityTheory.IsPreBrownianReal W P) (T : NNReal) {K : ℕ}
  (hK : 0 < K) :
  ∀ᵐ (ω : Ω) ∂P,
    2 * MolecularDynamics.textbookWienerSelfItoSum W T K ω =
      W T ω ^ 2 - MolecularDynamics.textbookWienerQuadraticSum W T K ω
MolecularDynamics.textbookWienerSelfItoLimit_memLp.{u_1} {Ω : Type u_1} [MeasurableSpace Ω]
  {P : MeasureTheory.Measure Ω} {W : NNReal → Ω → ℝ} (hW : ProbabilityTheory.IsPreBrownianReal W P) (T : NNReal) :
  MeasureTheory.MemLp (fun ω => (W T ω ^ 2 - ↑T) / 2) 2 P
MolecularDynamics.textbookWienerSelfItoSum_memLp.{u_1} {Ω : Type u_1} [MeasurableSpace Ω] {P : MeasureTheory.Measure Ω}
  {W : NNReal → Ω → ℝ} (hW : ProbabilityTheory.IsPreBrownianReal W P) (T : NNReal) {K : ℕ} (hK : 0 < K) :
  MeasureTheory.MemLp (MolecularDynamics.textbookWienerSelfItoSum W T K) 2 P
MolecularDynamics.textbookWienerSelfItoSum_meanSquareError.{u_1} {Ω : Type u_1} [MeasurableSpace Ω]
  {P : MeasureTheory.Measure Ω} {W : NNReal → Ω → ℝ} (hW : ProbabilityTheory.IsPreBrownianReal W P) (T : NNReal) {K : ℕ}
  (hK : 0 < K) :
  ∫ (ω : Ω), (MolecularDynamics.textbookWienerSelfItoSum W T K ω - (W T ω ^ 2 - ↑T) / 2) ^ 2 ∂P = ↑T ^ 2 / 2 / ↑K
MolecularDynamics.textbookWienerSelfItoSum_meanSquare_tendsto.{u_1} {Ω : Type u_1} [MeasurableSpace Ω]
  {P : MeasureTheory.Measure Ω} {W : NNReal → Ω → ℝ} (hW : ProbabilityTheory.IsPreBrownianReal W P) (T : NNReal) :
  Filter.Tendsto
    (fun K => ∫ (ω : Ω), (MolecularDynamics.textbookWienerSelfItoSum W T K ω - (W T ω ^ 2 - ↑T) / 2) ^ 2 ∂P)
    Filter.atTop (nhds 0)
MolecularDynamics.textbookWienerSelfItoIntegral_exists.{u_1} {Ω : Type u_1} [MeasurableSpace Ω]
  {P : MeasureTheory.Measure Ω} {W : NNReal → Ω → ℝ} (hW : ProbabilityTheory.IsPreBrownianReal W P) (T : NNReal) :
  ∃ Y,
    MeasureTheory.MemLp Y 2 P ∧
      Filter.Tendsto (fun K => ∫ (ω : Ω), (MolecularDynamics.textbookWienerSelfItoSum W T K ω - Y ω) ^ 2 ∂P)
          Filter.atTop (nhds 0) ∧
        ∀ᵐ (ω : Ω) ∂P, Y ω = (W T ω ^ 2 - ↑T) / 2
MolecularDynamics.textbookUniqueInvariantProbability.{u_1} {Ω : Type u_1} [MeasurableSpace Ω]
  (K : ProbabilityTheory.Kernel Ω Ω) (ρ : MeasureTheory.Measure Ω) : Prop
MolecularDynamics.textbookKernelInvariant_swap.{u_1} {Ω : Type u_1} [MeasurableSpace Ω]
  (S T : ProbabilityTheory.Kernel Ω Ω) {ρ : MeasureTheory.Measure Ω} (hρ : (T.comp S).Invariant ρ) :
  (S.comp T).Invariant (ρ.bind ⇑S)
MolecularDynamics.textbookKernelComposition_iterate.{u_1} {Ω : Type u_1} [MeasurableSpace Ω]
  (S T : ProbabilityTheory.Kernel Ω Ω) (ρ : MeasureTheory.Measure Ω) (n : ℕ) :
  (fun μ => μ.bind ⇑(S.comp T))^[n + 1] ρ = ((fun μ => μ.bind ⇑(T.comp S))^[n] (ρ.bind ⇑T)).bind ⇑S
MolecularDynamics.textbookInvariantDistributionSwap_left.{u_1} {Ω : Type u_1} [MeasurableSpace Ω]
  (S T : ProbabilityTheory.Kernel Ω Ω) [ProbabilityTheory.IsMarkovKernel S] {ρST ρTS : MeasureTheory.Measure Ω}
  (hST : MolecularDynamics.textbookUniqueInvariantProbability (S.comp T) ρST)
  (hTS : MolecularDynamics.textbookUniqueInvariantProbability (T.comp S) ρTS) : ρST = ρTS.bind ⇑S
MolecularDynamics.textbookInvariantDistributionSwap.{u_1} {Ω : Type u_1} [MeasurableSpace Ω]
  (S T : ProbabilityTheory.Kernel Ω Ω) [ProbabilityTheory.IsMarkovKernel S] [ProbabilityTheory.IsMarkovKernel T]
  {ρST ρTS : MeasureTheory.Measure Ω} (hST : MolecularDynamics.textbookUniqueInvariantProbability (S.comp T) ρST)
  (hTS : MolecularDynamics.textbookUniqueInvariantProbability (T.comp S) ρTS) : ρST = ρTS.bind ⇑S ∧ ρTS = ρST.bind ⇑T
MolecularDynamics.textbookThermostatPhase (Nc : ℕ) : Type
MolecularDynamics.textbookThermostatF {Nc : ℕ} (A : Matrix (Fin Nc) (Fin Nc) ℝ) :
  Module.End ℝ (MolecularDynamics.textbookThermostatPhase Nc)
MolecularDynamics.textbookThermostatG (Nc : ℕ) : Module.End ℝ (MolecularDynamics.textbookThermostatPhase Nc)
MolecularDynamics.textbookThermostatC {Nc : ℕ} (A : Matrix (Fin Nc) (Fin Nc) ℝ) (k : ℕ) :
  Module.End ℝ (MolecularDynamics.textbookThermostatPhase Nc)
MolecularDynamics.textbookThermostatD {Nc : ℕ} (A : Matrix (Fin Nc) (Fin Nc) ℝ) (k : ℕ) :
  Module.End ℝ (MolecularDynamics.textbookThermostatPhase Nc)
MolecularDynamics.textbookThermostatF_apply {Nc : ℕ} (A : Matrix (Fin Nc) (Fin Nc) ℝ)
  (z : MolecularDynamics.textbookThermostatPhase Nc) :
  (MolecularDynamics.textbookThermostatF A) z = (z.2, -A.mulVec z.1)
MolecularDynamics.textbookThermostatG_apply (Nc : ℕ) (z : MolecularDynamics.textbookThermostatPhase Nc) :
  (MolecularDynamics.textbookThermostatG Nc) z = (0, z.2)
MolecularDynamics.textbookThermostatC_apply {Nc : ℕ} (A : Matrix (Fin Nc) (Fin Nc) ℝ) (k : ℕ)
  (z : MolecularDynamics.textbookThermostatPhase Nc) :
  (MolecularDynamics.textbookThermostatC A k) z = ((A ^ k).mulVec z.2, (A ^ (k + 1)).mulVec z.1)
MolecularDynamics.textbookThermostatD_apply {Nc : ℕ} (A : Matrix (Fin Nc) (Fin Nc) ℝ) (k : ℕ)
  (z : MolecularDynamics.textbookThermostatPhase Nc) :
  (MolecularDynamics.textbookThermostatD A k) z = ((A ^ (k + 1)).mulVec z.1, -(A ^ (k + 1)).mulVec z.2)
MolecularDynamics.textbookThermostatLinearField_lieBracket {Nc : ℕ}
  (X Y : Module.End ℝ (MolecularDynamics.textbookThermostatPhase Nc))
  (z : MolecularDynamics.textbookThermostatPhase Nc) :
  VectorField.lieBracket ℝ (fun x => X x) (fun x => Y x) z = -⁅X, Y⁆ z
MolecularDynamics.textbookThermostat_lie_F_G {Nc : ℕ} (A : Matrix (Fin Nc) (Fin Nc) ℝ) :
  ⁅MolecularDynamics.textbookThermostatF A, MolecularDynamics.textbookThermostatG Nc⁆ =
    MolecularDynamics.textbookThermostatC A 0
MolecularDynamics.textbookThermostat_lie_F_C {Nc : ℕ} (A : Matrix (Fin Nc) (Fin Nc) ℝ) (k : ℕ) :
  (1 / 2) • ⁅MolecularDynamics.textbookThermostatF A, MolecularDynamics.textbookThermostatC A k⁆ =
    MolecularDynamics.textbookThermostatD A k
MolecularDynamics.textbookThermostat_lie_D_F {Nc : ℕ} (A : Matrix (Fin Nc) (Fin Nc) ℝ) (k : ℕ) :
  (1 / 2) • ⁅MolecularDynamics.textbookThermostatD A k, MolecularDynamics.textbookThermostatF A⁆ =
    MolecularDynamics.textbookThermostatC A (k + 1)
MolecularDynamics.textbookThermostatLieSpan {Nc : ℕ} (A : Matrix (Fin Nc) (Fin Nc) ℝ) :
  LieSubalgebra ℝ (Module.End ℝ (MolecularDynamics.textbookThermostatPhase Nc))
MolecularDynamics.textbookThermostatLieSpan_vectorField_closed {Nc : ℕ} (A : Matrix (Fin Nc) (Fin Nc) ℝ)
  (X Y : Module.End ℝ (MolecularDynamics.textbookThermostatPhase Nc))
  (hx : X ∈ MolecularDynamics.textbookThermostatLieSpan A) (hy : Y ∈ MolecularDynamics.textbookThermostatLieSpan A) :
  ∃ Z ∈ MolecularDynamics.textbookThermostatLieSpan A,
    ∀ (z : MolecularDynamics.textbookThermostatPhase Nc), VectorField.lieBracket ℝ (fun x => X x) (fun x => Y x) z = Z z
MolecularDynamics.textbookThermostat_C_D_mem_lieSpan {Nc : ℕ} (A : Matrix (Fin Nc) (Fin Nc) ℝ) (k : ℕ) :
  MolecularDynamics.textbookThermostatC A k ∈ MolecularDynamics.textbookThermostatLieSpan A ∧
    MolecularDynamics.textbookThermostatD A k ∈ MolecularDynamics.textbookThermostatLieSpan A
MolecularDynamics.textbookThermostatEigenCoordinates {Nc : ℕ} {A : Matrix (Fin Nc) (Fin Nc) ℝ} (hA : A.IsHermitian) :
  Module.End ℝ (Fin Nc → ℝ)
MolecularDynamics.textbookThermostatSpectralPhase {Nc : ℕ} {A : Matrix (Fin Nc) (Fin Nc) ℝ} (hA : A.IsHermitian) :
  Module.End ℝ (MolecularDynamics.textbookThermostatPhase Nc)
MolecularDynamics.textbookThermostatEigenCoordinates_eq_dotProduct {Nc : ℕ} {A : Matrix (Fin Nc) (Fin Nc) ℝ}
  (hA : A.IsHermitian) (v : Fin Nc → ℝ) (i : Fin Nc) :
  (MolecularDynamics.textbookThermostatEigenCoordinates hA) v i = v ⬝ᵥ fun j => (hA.eigenvectorBasis i).ofLp j
MolecularDynamics.textbookThermostatEigenCoordinates_intertwine {Nc : ℕ} {A : Matrix (Fin Nc) (Fin Nc) ℝ}
  (hA : A.IsHermitian) (v : Fin Nc → ℝ) (i : Fin Nc) :
  (MolecularDynamics.textbookThermostatEigenCoordinates hA) (A.mulVec v) i =
    hA.eigenvalues i * (MolecularDynamics.textbookThermostatEigenCoordinates hA) v i
MolecularDynamics.textbookThermostatEigenCoordinates_power {Nc : ℕ} {A : Matrix (Fin Nc) (Fin Nc) ℝ}
  (hA : A.IsHermitian) (k : ℕ) (v : Fin Nc → ℝ) (i : Fin Nc) :
  (MolecularDynamics.textbookThermostatEigenCoordinates hA) ((A ^ k).mulVec v) i =
    hA.eigenvalues i ^ k * (MolecularDynamics.textbookThermostatEigenCoordinates hA) v i
MolecularDynamics.textbookThermostat_C_coordinates {Nc : ℕ} {A : Matrix (Fin Nc) (Fin Nc) ℝ} (hA : A.IsHermitian)
  (k : ℕ) (z : MolecularDynamics.textbookThermostatPhase Nc) :
  (MolecularDynamics.textbookThermostatSpectralPhase hA) ((MolecularDynamics.textbookThermostatC A k) z) =
    (fun i => hA.eigenvalues i ^ k * (MolecularDynamics.textbookThermostatEigenCoordinates hA) z.2 i, fun i =>
      hA.eigenvalues i ^ (k + 1) * (MolecularDynamics.textbookThermostatEigenCoordinates hA) z.1 i)
MolecularDynamics.textbookThermostat_D_coordinates {Nc : ℕ} {A : Matrix (Fin Nc) (Fin Nc) ℝ} (hA : A.IsHermitian)
  (k : ℕ) (z : MolecularDynamics.textbookThermostatPhase Nc) :
  (MolecularDynamics.textbookThermostatSpectralPhase hA) ((MolecularDynamics.textbookThermostatD A k) z) =
    (fun i => hA.eigenvalues i ^ (k + 1) * (MolecularDynamics.textbookThermostatEigenCoordinates hA) z.1 i, fun i =>
      -(hA.eigenvalues i ^ (k + 1) * (MolecularDynamics.textbookThermostatEigenCoordinates hA) z.2 i))
MolecularDynamics.textbookThermostatModeDomain {Nc : ℕ} {A : Matrix (Fin Nc) (Fin Nc) ℝ} (hA : A.IsHermitian) :
  Set (MolecularDynamics.textbookThermostatPhase Nc)
MolecularDynamics.textbookThermostatModeDomain_isOpen {Nc : ℕ} {A : Matrix (Fin Nc) (Fin Nc) ℝ} (hA : A.IsHermitian) :
  IsOpen (MolecularDynamics.textbookThermostatModeDomain hA)
MolecularDynamics.textbookThermostatModal_coefficients_eq_zero {Nc : ℕ} (ν q p a b : Fin Nc → ℝ)
  (hν : ∀ (i : Fin Nc), 0 < ν i) (hdist : Function.Injective ν) (hmode : ∀ (i : Fin Nc), q i ≠ 0 ∨ p i ≠ 0)
  (hfirst : ∀ (i : Fin Nc), (∑ k, a k * ν i ^ ↑k) * p i + (ν i * ∑ k, b k * ν i ^ ↑k) * q i = 0)
  (hsecond : ∀ (i : Fin Nc), (ν i * ∑ k, a k * ν i ^ ↑k) * q i - (ν i * ∑ k, b k * ν i ^ ↑k) * p i = 0) : a = 0 ∧ b = 0
MolecularDynamics.textbookThermostatFamily {Nc : ℕ} (A : Matrix (Fin Nc) (Fin Nc) ℝ)
  (z : MolecularDynamics.textbookThermostatPhase Nc) : Fin Nc ⊕ Fin Nc → MolecularDynamics.textbookThermostatPhase Nc
MolecularDynamics.textbookThermostatFamily_linearIndependent {Nc : ℕ} (A : Matrix (Fin Nc) (Fin Nc) ℝ) (hA : A.PosDef)
  (hdist : Function.Injective ⋯.eigenvalues) (z : MolecularDynamics.textbookThermostatPhase Nc)
  (hz : z ∈ MolecularDynamics.textbookThermostatModeDomain ⋯) :
  LinearIndependent ℝ (MolecularDynamics.textbookThermostatFamily A z)
MolecularDynamics.textbookThermostatFamily_span_eq_top {Nc : ℕ} (A : Matrix (Fin Nc) (Fin Nc) ℝ) (hA : A.PosDef)
  (hdist : Function.Injective ⋯.eigenvalues) (z : MolecularDynamics.textbookThermostatPhase Nc)
  (hz : z ∈ MolecularDynamics.textbookThermostatModeDomain ⋯) :
  Submodule.span ℝ (Set.range (MolecularDynamics.textbookThermostatFamily A z)) = ⊤
MolecularDynamics.textbookThermostatLieSpan_pointwise_span_eq_top {Nc : ℕ} (A : Matrix (Fin Nc) (Fin Nc) ℝ)
  (hA : A.PosDef) (hdist : Function.Injective ⋯.eigenvalues) (z : MolecularDynamics.textbookThermostatPhase Nc)
  (hz : z ∈ MolecularDynamics.textbookThermostatModeDomain ⋯) : Submodule.span ℝ (Set.range fun X => ↑X z) = ⊤
MolecularDynamics.textbookIteratedBracket.{u_1} {E : Type u_1} [NormedAddCommGroup E] [NormedSpace ℝ E]
  (seed : Set (E → E)) : (E → E) → Prop
MolecularDynamics.textbookIteratedBracket_contDiff.{u_1} {E : Type u_1} [NormedAddCommGroup E] [NormedSpace ℝ E]
  (seed : Set (E → E)) (hseed : ∀ V ∈ seed, ContDiff ℝ (↑⊤) V) {V : E → E}
  (hV : MolecularDynamics.textbookIteratedBracket seed V) : ContDiff ℝ (↑⊤) V
MolecularDynamics.textbookBracketPointSpan.{u_1} {E : Type u_1} [NormedAddCommGroup E] [NormedSpace ℝ E]
  (seed : Set (E → E)) (x : E) : Submodule ℝ E
MolecularDynamics.textbookHormanderAt.{u_1} {E : Type u_1} [NormedAddCommGroup E] [NormedSpace ℝ E] (seed : Set (E → E))
  (x : E) : Prop
MolecularDynamics.textbookSmoothBracketModule.{u_1} {E : Type u_1} [NormedAddCommGroup E] [NormedSpace ℝ E]
  (seed : Set (E → E)) : Submodule ℝ (E → E)
MolecularDynamics.textbookSmoothBracketModule_generator_mem.{u_1} {E : Type u_1} [NormedAddCommGroup E]
  [NormedSpace ℝ E] (seed : Set (E → E)) (f : E → ℝ) (V : E → E) (hf : ContDiff ℝ (↑⊤) f)
  (hV : MolecularDynamics.textbookIteratedBracket seed V) :
  (fun x => f x • V x) ∈ MolecularDynamics.textbookSmoothBracketModule seed
MolecularDynamics.textbookSmoothBracketModule_contDiff.{u_1} {E : Type u_1} [NormedAddCommGroup E] [NormedSpace ℝ E]
  (seed : Set (E → E)) (hseed : ∀ V ∈ seed, ContDiff ℝ (↑⊤) V) {H : E → E}
  (hH : H ∈ MolecularDynamics.textbookSmoothBracketModule seed) : ContDiff ℝ (↑⊤) H
MolecularDynamics.textbookSmoothBracketModule_smooth_smul_mem.{u_1} {E : Type u_1} [NormedAddCommGroup E]
  [NormedSpace ℝ E] (seed : Set (E → E)) (f : E → ℝ) (hf : ContDiff ℝ (↑⊤) f) {H : E → E}
  (hH : H ∈ MolecularDynamics.textbookSmoothBracketModule seed) :
  (fun x => f x • H x) ∈ MolecularDynamics.textbookSmoothBracketModule seed
MolecularDynamics.textbookSmoothBracketModule_eval_mem.{u_1} {E : Type u_1} [NormedAddCommGroup E] [NormedSpace ℝ E]
  (seed : Set (E → E)) {H : E → E} (hH : H ∈ MolecularDynamics.textbookSmoothBracketModule seed) (x : E) :
  H x ∈ MolecularDynamics.textbookBracketPointSpan seed x
MolecularDynamics.textbookSmoothBracketModule_bracket_mem.{u_1} {E : Type u_1} [NormedAddCommGroup E] [NormedSpace ℝ E]
  (seed : Set (E → E)) (hseed : ∀ V ∈ seed, ContDiff ℝ (↑⊤) V) {H K : E → E}
  (hH : H ∈ MolecularDynamics.textbookSmoothBracketModule seed)
  (hK : K ∈ MolecularDynamics.textbookSmoothBracketModule seed) :
  VectorField.lieBracket ℝ H K ∈ MolecularDynamics.textbookSmoothBracketModule seed
MolecularDynamics.textbookThermostatLift.{u_1} {E : Type u_1} (V : E → E) : E × ℝ → E × ℝ
MolecularDynamics.textbookThermostatDrift.{u_1} {E : Type u_1} [NormedAddCommGroup E] [NormedSpace ℝ E] (F G : E → E)
  (g : E → ℝ) (γ : ℝ) : E × ℝ → E × ℝ
MolecularDynamics.textbookThermostatNoise.{u_1} {E : Type u_1} [NormedAddCommGroup E] (σ : ℝ) : E × ℝ → E × ℝ
MolecularDynamics.textbookThermostatSeed.{u_1} {E : Type u_1} [NormedAddCommGroup E] [NormedSpace ℝ E] (F G : E → E)
  (g : E → ℝ) (γ σ : ℝ) : Set (E × ℝ → E × ℝ)
MolecularDynamics.textbookThermostatSeed_contDiff.{u_1} {E : Type u_1} [NormedAddCommGroup E] [NormedSpace ℝ E]
  (F G : E → E) (g : E → ℝ) (γ σ : ℝ) (hF : ContDiff ℝ (↑⊤) F) (hG : ContDiff ℝ (↑⊤) G) (hg : ContDiff ℝ (↑⊤) g)
  (V : E × ℝ → E × ℝ) : V ∈ MolecularDynamics.textbookThermostatSeed F G g γ σ → ContDiff ℝ (↑⊤) V
MolecularDynamics.textbookThermostatLift_lieBracket.{u_1} {E : Type u_1} [NormedAddCommGroup E] [NormedSpace ℝ E]
  (V W : E → E) (hV : Differentiable ℝ V) (hW : Differentiable ℝ W) :
  VectorField.lieBracket ℝ (MolecularDynamics.textbookThermostatLift V) (MolecularDynamics.textbookThermostatLift W) =
    MolecularDynamics.textbookThermostatLift (VectorField.lieBracket ℝ V W)
MolecularDynamics.textbookThermostatDrift_noise_bracket.{u_1} {E : Type u_1} [NormedAddCommGroup E] [NormedSpace ℝ E]
  (F G : E → E) (g : E → ℝ) (γ σ : ℝ) (hF : Differentiable ℝ F) (hG : Differentiable ℝ G) (hg : Differentiable ℝ g)
  (w : E × ℝ) :
  VectorField.lieBracket ℝ (MolecularDynamics.textbookThermostatDrift F G g γ)
      (MolecularDynamics.textbookThermostatNoise σ) w =
    (-σ • G w.1, σ * γ)
MolecularDynamics.textbookThermostatLift_mem_module.{u_1} {E : Type u_1} [NormedAddCommGroup E] [NormedSpace ℝ E]
  (F G : E → E) (g : E → ℝ) (γ σ : ℝ) (hF : ContDiff ℝ (↑⊤) F) (hG : ContDiff ℝ (↑⊤) G) (hg : ContDiff ℝ (↑⊤) g)
  (hσ : σ ≠ 0) :
  MolecularDynamics.textbookThermostatLift F ∈
      MolecularDynamics.textbookSmoothBracketModule (MolecularDynamics.textbookThermostatSeed F G g γ σ) ∧
    MolecularDynamics.textbookThermostatLift G ∈
      MolecularDynamics.textbookSmoothBracketModule (MolecularDynamics.textbookThermostatSeed F G g γ σ)
MolecularDynamics.textbookThermostatLift_iterated_mem_module.{u_1} {E : Type u_1} [NormedAddCommGroup E]
  [NormedSpace ℝ E] (F G : E → E) (g : E → ℝ) (γ σ : ℝ) (hF : ContDiff ℝ (↑⊤) F) (hG : ContDiff ℝ (↑⊤) G)
  (hg : ContDiff ℝ (↑⊤) g) (hσ : σ ≠ 0) {V : E → E} (hV : MolecularDynamics.textbookIteratedBracket {F, G} V) :
  MolecularDynamics.textbookThermostatLift V ∈
    MolecularDynamics.textbookSmoothBracketModule (MolecularDynamics.textbookThermostatSeed F G g γ σ)
MolecularDynamics.textbookThermostatHormanderLift.{u_1} {E : Type u_1} [NormedAddCommGroup E] [NormedSpace ℝ E]
  (F G : E → E) (g : E → ℝ) (γ σ : ℝ) (hF : ContDiff ℝ (↑⊤) F) (hG : ContDiff ℝ (↑⊤) G) (hg : ContDiff ℝ (↑⊤) g)
  (hσ : σ ≠ 0) (w : E × ℝ) (hphysical : MolecularDynamics.textbookHormanderAt {F, G} w.1) :
  MolecularDynamics.textbookHormanderAt (MolecularDynamics.textbookThermostatSeed F G g γ σ) w
MolecularDynamics.textbookThermostatPhysical_hormander {Nc : ℕ} (A : Matrix (Fin Nc) (Fin Nc) ℝ) (hA : A.PosDef)
  (hdist : Function.Injective ⋯.eigenvalues) (z : MolecularDynamics.textbookThermostatPhase Nc)
  (hz : z ∈ MolecularDynamics.textbookThermostatModeDomain ⋯) :
  MolecularDynamics.textbookHormanderAt
    {fun x => (MolecularDynamics.textbookThermostatF A) x, fun x => -(MolecularDynamics.textbookThermostatG Nc) x} z
MolecularDynamics.textbookNHLFeedback (Nc : ℕ) (μ θ : ℝ) (z : MolecularDynamics.textbookThermostatPhase Nc) : ℝ
MolecularDynamics.textbookNHLFeedback_contDiff (Nc : ℕ) (μ θ : ℝ) :
  ContDiff ℝ (↑⊤) (MolecularDynamics.textbookNHLFeedback Nc μ θ)
MolecularDynamics.textbookNHLDrift {Nc : ℕ} (A : Matrix (Fin Nc) (Fin Nc) ℝ) (μ θ γ : ℝ) :
  MolecularDynamics.textbookThermostatPhase Nc × ℝ → MolecularDynamics.textbookThermostatPhase Nc × ℝ
MolecularDynamics.textbookNHL_domain_isOpen {Nc : ℕ} {A : Matrix (Fin Nc) (Fin Nc) ℝ} (hA : A.IsHermitian) :
  IsOpen (MolecularDynamics.textbookThermostatModeDomain hA ×ˢ Set.univ)
MolecularDynamics.textbookNHLSeed_contDiff {Nc : ℕ} (A : Matrix (Fin Nc) (Fin Nc) ℝ) (μ θ γ σ : ℝ)
  (V : MolecularDynamics.textbookThermostatPhase Nc × ℝ → MolecularDynamics.textbookThermostatPhase Nc × ℝ) :
  V ∈ {MolecularDynamics.textbookNHLDrift A μ θ γ, MolecularDynamics.textbookThermostatNoise σ} → ContDiff ℝ (↑⊤) V
MolecularDynamics.textbookNHLDrift_apply {Nc : ℕ} (A : Matrix (Fin Nc) (Fin Nc) ℝ) (μ θ γ : ℝ)
  (w : MolecularDynamics.textbookThermostatPhase Nc × ℝ) :
  MolecularDynamics.textbookNHLDrift A μ θ γ w =
    ((w.1.2, -A.mulVec w.1.1 - w.2 • w.1.2), MolecularDynamics.textbookNHLFeedback Nc μ θ w.1 - γ * w.2)
MolecularDynamics.textbookNHL_hormander {Nc : ℕ} (A : Matrix (Fin Nc) (Fin Nc) ℝ) (hA : A.PosDef)
  (hdist : Function.Injective ⋯.eigenvalues) (μ θ γ σ : ℝ) (hσ : σ ≠ 0)
  (w : MolecularDynamics.textbookThermostatPhase Nc × ℝ) (hw : w.1 ∈ MolecularDynamics.textbookThermostatModeDomain ⋯) :
  MolecularDynamics.textbookHormanderAt
    {MolecularDynamics.textbookNHLDrift A μ θ γ, MolecularDynamics.textbookThermostatNoise σ} w
MolecularDynamics.textbookNHL_hormander_physicalNoise {Nc : ℕ} (A : Matrix (Fin Nc) (Fin Nc) ℝ) (hA : A.PosDef)
  (hdist : Function.Injective ⋯.eigenvalues) (μ θ γ : ℝ) (hμ : 0 < μ) (hθ : 0 < θ) (hγ : 0 < γ)
  (w : MolecularDynamics.textbookThermostatPhase Nc × ℝ) (hw : w.1 ∈ MolecularDynamics.textbookThermostatModeDomain ⋯) :
  MolecularDynamics.textbookHormanderAt
    {MolecularDynamics.textbookNHLDrift A μ θ γ, MolecularDynamics.textbookThermostatNoise √(2 * θ * γ * μ⁻¹)} w
MolecularDynamics.textbookIteratedBracket.seed.{u_1} {E : Type u_1} [NormedAddCommGroup E] [NormedSpace ℝ E]
  {seed : Set (E → E)} {V : E → E} (hV : V ∈ seed) : MolecularDynamics.textbookIteratedBracket seed V
MolecularDynamics.textbookIteratedBracket.bracket.{u_1} {E : Type u_1} [NormedAddCommGroup E] [NormedSpace ℝ E]
  {seed : Set (E → E)} {V W : E → E} (hV : MolecularDynamics.textbookIteratedBracket seed V)
  (hW : MolecularDynamics.textbookIteratedBracket seed W) :
  MolecularDynamics.textbookIteratedBracket seed (VectorField.lieBracket ℝ V W)
MolecularDynamics.textbookIteratedBracket.rec.{u_1} {E : Type u_1} [NormedAddCommGroup E] [NormedSpace ℝ E]
  {seed : Set (E → E)} {motive : (a : E → E) → MolecularDynamics.textbookIteratedBracket seed a → Prop} :
  (∀ {V : E → E} (hV : V ∈ seed), motive V ⋯) →
    ∀
      (bracket :
        ∀ {V W : E → E} (hV : MolecularDynamics.textbookIteratedBracket seed V)
          (hW : MolecularDynamics.textbookIteratedBracket seed W),
          motive V hV → motive W hW → motive (VectorField.lieBracket ℝ V W) ⋯)
      {a : E → E} (t : MolecularDynamics.textbookIteratedBracket seed a), motive a t
MolecularDynamics.textbookNHLZeroMode {Nc : ℕ} {A : Matrix (Fin Nc) (Fin Nc) ℝ} (hA : A.IsHermitian) (i : Fin Nc) :
  Set (MolecularDynamics.textbookThermostatPhase Nc)
MolecularDynamics.textbookThermostatModeDomain_eq_compl_zeroModes {Nc : ℕ} {A : Matrix (Fin Nc) (Fin Nc) ℝ}
  (hA : A.IsHermitian) :
  MolecularDynamics.textbookThermostatModeDomain hA = (⋃ i, MolecularDynamics.textbookNHLZeroMode hA i)ᶜ
MolecularDynamics.textbookNHL_zeroMode_invariant {Nc : ℕ} {A : Matrix (Fin Nc) (Fin Nc) ℝ} (hA : A.IsHermitian)
  (i : Fin Nc) {a b : ℝ} (q p : ℝ → Fin Nc → ℝ) (ξ : ℝ → ℝ) (hcq : ContinuousOn q (Set.Icc a b))
  (hcp : ContinuousOn p (Set.Icc a b)) (hξ : ContinuousOn ξ (Set.Icc a b))
  (hq : ∀ t ∈ Set.Ico a b, HasDerivWithinAt q (p t) (Set.Ici t) t)
  (hp : ∀ t ∈ Set.Ico a b, HasDerivWithinAt p (-A.mulVec (q t) - ξ t • p t) (Set.Ici t) t)
  (hzero : (q a, p a) ∈ MolecularDynamics.textbookNHLZeroMode hA i) (t : ℝ) :
  t ∈ Set.Icc a b → (q t, p t) ∈ MolecularDynamics.textbookNHLZeroMode hA i
MolecularDynamics.textbookWienerMidpointSum.{u_1} {Ω : Type u_1} (W : NNReal → Ω → ℝ) (T : NNReal) (K : ℕ) : Ω → ℝ
MolecularDynamics.textbookWienerMidpointCorrection.{u_1} {Ω : Type u_1} (W : NNReal → Ω → ℝ) (T : NNReal) (K : ℕ) :
  Ω → ℝ
MolecularDynamics.textbookWienerMidpointCorrection_memLp.{u_1} {Ω : Type u_1} [MeasurableSpace Ω]
  {P : MeasureTheory.Measure Ω} {W : NNReal → Ω → ℝ} (hW : ProbabilityTheory.IsPreBrownianReal W P) (T : NNReal)
  (K : ℕ) : MeasureTheory.MemLp (MolecularDynamics.textbookWienerMidpointCorrection W T K) 2 P
MolecularDynamics.textbookWienerMidpointCorrection_integral.{u_1} {Ω : Type u_1} [MeasurableSpace Ω]
  {P : MeasureTheory.Measure Ω} {W : NNReal → Ω → ℝ} (hW : ProbabilityTheory.IsPreBrownianReal W P) (T : NNReal)
  (K : ℕ) : ∫ (ω : Ω), MolecularDynamics.textbookWienerMidpointCorrection W T K ω ∂P = 0
MolecularDynamics.textbookWienerMidpointCorrection_variance.{u_1} {Ω : Type u_1} [MeasurableSpace Ω]
  {P : MeasureTheory.Measure Ω} {W : NNReal → Ω → ℝ} (hW : ProbabilityTheory.IsPreBrownianReal W P) (T : NNReal) {K : ℕ}
  (hK : 0 < K) : ProbabilityTheory.variance (MolecularDynamics.textbookWienerMidpointCorrection W T K) P = ↑T ^ 2 / ↑K
MolecularDynamics.textbookWienerMidpointSum_identity.{u_1} {Ω : Type u_1} [MeasurableSpace Ω]
  {P : MeasureTheory.Measure Ω} {W : NNReal → Ω → ℝ} (hW : ProbabilityTheory.IsPreBrownianReal W P) (T : NNReal) {K : ℕ}
  (hK : 0 < K) :
  ∀ᵐ (ω : Ω) ∂P,
    2 * MolecularDynamics.textbookWienerMidpointSum W T K ω =
      W T ω ^ 2 + MolecularDynamics.textbookWienerMidpointCorrection W T K ω
MolecularDynamics.textbookWienerMidpointLimit_memLp.{u_1} {Ω : Type u_1} [MeasurableSpace Ω]
  {P : MeasureTheory.Measure Ω} {W : NNReal → Ω → ℝ} (hW : ProbabilityTheory.IsPreBrownianReal W P) (T : NNReal) :
  MeasureTheory.MemLp (fun ω => W T ω ^ 2 / 2) 2 P
MolecularDynamics.textbookWienerMidpointSum_memLp.{u_1} {Ω : Type u_1} [MeasurableSpace Ω] {P : MeasureTheory.Measure Ω}
  {W : NNReal → Ω → ℝ} (hW : ProbabilityTheory.IsPreBrownianReal W P) (T : NNReal) {K : ℕ} (hK : 0 < K) :
  MeasureTheory.MemLp (MolecularDynamics.textbookWienerMidpointSum W T K) 2 P
MolecularDynamics.textbookWienerMidpointSum_meanSquareError.{u_1} {Ω : Type u_1} [MeasurableSpace Ω]
  {P : MeasureTheory.Measure Ω} {W : NNReal → Ω → ℝ} (hW : ProbabilityTheory.IsPreBrownianReal W P) (T : NNReal) {K : ℕ}
  (hK : 0 < K) :
  ∫ (ω : Ω), (MolecularDynamics.textbookWienerMidpointSum W T K ω - W T ω ^ 2 / 2) ^ 2 ∂P = ↑T ^ 2 / 4 / ↑K
MolecularDynamics.textbookWienerMidpointSum_meanSquare_tendsto.{u_1} {Ω : Type u_1} [MeasurableSpace Ω]
  {P : MeasureTheory.Measure Ω} {W : NNReal → Ω → ℝ} (hW : ProbabilityTheory.IsPreBrownianReal W P) (T : NNReal) :
  Filter.Tendsto (fun K => ∫ (ω : Ω), (MolecularDynamics.textbookWienerMidpointSum W T K ω - W T ω ^ 2 / 2) ^ 2 ∂P)
    Filter.atTop (nhds 0)
MolecularDynamics.textbookWienerSelfStratonovichIntegral_exists.{u_1} {Ω : Type u_1} [MeasurableSpace Ω]
  {P : MeasureTheory.Measure Ω} {W : NNReal → Ω → ℝ} (hW : ProbabilityTheory.IsPreBrownianReal W P) (T : NNReal) :
  ∃ Y,
    MeasureTheory.MemLp Y 2 P ∧
      Filter.Tendsto (fun K => ∫ (ω : Ω), (MolecularDynamics.textbookWienerMidpointSum W T K ω - Y ω) ^ 2 ∂P)
          Filter.atTop (nhds 0) ∧
        ∀ᵐ (ω : Ω) ∂P, Y ω = W T ω ^ 2 / 2
MolecularDynamics.textbookWienerWeightedSum_refine.{u_1} {Ω : Type u_1} (W : NNReal → Ω → ℝ) (T : NNReal) {K L : ℕ}
  (hK : 0 < K) (hL : 0 < L) (a : ℕ → ℝ) :
  (MolecularDynamics.textbookWienerWeightedSum W T K fun k => a ↑k) =
    MolecularDynamics.textbookWienerWeightedSum W T (K * L) fun j => a (↑j / L)
MolecularDynamics.textbookWienerWeightedSum_twoGrid_secondMoment.{u_1} {Ω : Type u_1} [MeasurableSpace Ω]
  {P : MeasureTheory.Measure Ω} {W : NNReal → Ω → ℝ} (hW : ProbabilityTheory.IsPreBrownianReal W P) (T : NNReal)
  {K L : ℕ} (hK : 0 < K) (hL : 0 < L) (a b : ℕ → ℝ) :
  ∫ (ω : Ω),
      (MolecularDynamics.textbookWienerWeightedSum W T K (fun k => a ↑k) ω -
          MolecularDynamics.textbookWienerWeightedSum W T L (fun k => b ↑k) ω) ^
        2 ∂P =
    ∑ j, (a (↑j / L) - b (↑j / K)) ^ 2 * ↑(T / ↑(K * L))
MolecularDynamics.textbookWienerDeterministicSum.{u_1} {Ω : Type u_1} (W : NNReal → Ω → ℝ) (g : ℝ → ℝ) (T : NNReal)
  (K : ℕ) : Ω → ℝ
MolecularDynamics.textbookWienerDeterministicSum_memLp.{u_1} {Ω : Type u_1} [MeasurableSpace Ω]
  {P : MeasureTheory.Measure Ω} {W : NNReal → Ω → ℝ} (hW : ProbabilityTheory.IsPreBrownianReal W P) (g : ℝ → ℝ)
  (T : NNReal) (K : ℕ) : MeasureTheory.MemLp (MolecularDynamics.textbookWienerDeterministicSum W g T K) 2 P
MolecularDynamics.textbookWienerTime_mem_Icc (T : NNReal) {K : ℕ} (hK : 0 < K) {k : ℕ} (hk : k ≤ K) :
  ↑(MolecularDynamics.textbookWienerTime T K k) ∈ Set.Icc 0 ↑T
MolecularDynamics.textbookWienerDeterministicSum_twoGrid_meanSquare_le.{u_1} {Ω : Type u_1} [MeasurableSpace Ω]
  {P : MeasureTheory.Measure Ω} {W : NNReal → Ω → ℝ} (hW : ProbabilityTheory.IsPreBrownianReal W P) {g : ℝ → ℝ}
  (T : NNReal) {M : NNReal} (hg : LipschitzOnWith M g (Set.Icc 0 ↑T)) {K L : ℕ} (hK : 0 < K) (hL : 0 < L) :
  ∫ (ω : Ω),
      (MolecularDynamics.textbookWienerDeterministicSum W g T K ω -
          MolecularDynamics.textbookWienerDeterministicSum W g T L ω) ^
        2 ∂P ≤
    ↑M ^ 2 * ↑T * (↑T / ↑K + ↑T / ↑L) ^ 2
MolecularDynamics.textbookWienerDeterministicLp.{u_1} {Ω : Type u_1} [MeasurableSpace Ω] {P : MeasureTheory.Measure Ω}
  {W : NNReal → Ω → ℝ} (hW : ProbabilityTheory.IsPreBrownianReal W P) (g : ℝ → ℝ) (T : NNReal) (K : ℕ) :
  ↥(MeasureTheory.Lp ℝ 2 P)
MolecularDynamics.textbookWienerDeterministicLp_dist_le.{u_1} {Ω : Type u_1} [MeasurableSpace Ω]
  {P : MeasureTheory.Measure Ω} {W : NNReal → Ω → ℝ} (hW : ProbabilityTheory.IsPreBrownianReal W P) {g : ℝ → ℝ}
  (T : NNReal) {M : NNReal} (hg : LipschitzOnWith M g (Set.Icc 0 ↑T)) {K L : ℕ} (hK : 0 < K) (hL : 0 < L) :
  dist (MolecularDynamics.textbookWienerDeterministicLp hW g T K)
      (MolecularDynamics.textbookWienerDeterministicLp hW g T L) ≤
    ↑M * √↑T * (↑T / ↑K + ↑T / ↑L)
MolecularDynamics.textbookWienerDeterministicLp_cauchySeq.{u_1} {Ω : Type u_1} [MeasurableSpace Ω]
  {P : MeasureTheory.Measure Ω} {W : NNReal → Ω → ℝ} (hW : ProbabilityTheory.IsPreBrownianReal W P) {g : ℝ → ℝ}
  (T : NNReal) {M : NNReal} (hg : LipschitzOnWith M g (Set.Icc 0 ↑T)) :
  CauchySeq (MolecularDynamics.textbookWienerDeterministicLp hW g T)
MolecularDynamics.textbookWienerDeterministicIntegral_exists_of_lipschitz.{u_1} {Ω : Type u_1} [MeasurableSpace Ω]
  {P : MeasureTheory.Measure Ω} {W : NNReal → Ω → ℝ} (hW : ProbabilityTheory.IsPreBrownianReal W P) {g : ℝ → ℝ}
  (T : NNReal) {M : NNReal} (hg : LipschitzOnWith M g (Set.Icc 0 ↑T)) :
  ∃ Y,
    MeasureTheory.MemLp Y 2 P ∧
      Filter.Tendsto (fun K => ∫ (ω : Ω), (MolecularDynamics.textbookWienerDeterministicSum W g T K ω - Y ω) ^ 2 ∂P)
        Filter.atTop (nhds 0)
MolecularDynamics.textbookWienerDeterministicIntegral_exists.{u_1} {Ω : Type u_1} [MeasurableSpace Ω]
  {P : MeasureTheory.Measure Ω} {W : NNReal → Ω → ℝ} (hW : ProbabilityTheory.IsPreBrownianReal W P) {g : ℝ → ℝ}
  (hg : ContDiff ℝ 1 g) (T : NNReal) :
  ∃ Y,
    MeasureTheory.MemLp Y 2 P ∧
      Filter.Tendsto (fun K => ∫ (ω : Ω), (MolecularDynamics.textbookWienerDeterministicSum W g T K ω - Y ω) ^ 2 ∂P)
        Filter.atTop (nhds 0)
MolecularDynamics.textbookWienerDeterministicVariance (g : ℝ → ℝ) (T : NNReal) : NNReal
MolecularDynamics.textbookWienerDeterministicVariance_coe (g : ℝ → ℝ) (T : NNReal) :
  ↑(MolecularDynamics.textbookWienerDeterministicVariance g T) = ∫ (x : ℝ) in 0..↑T, g x ^ 2
MolecularDynamics.textbookWienerDeterministicFiniteVariance_tendsto {g : ℝ → ℝ} (hg : ContDiff ℝ 1 g) (T : NNReal) :
  Filter.Tendsto
    (fun K =>
      ↑(MolecularDynamics.textbookWienerWeightedVariance T K fun k => g ↑(MolecularDynamics.textbookWienerTime T K ↑k)))
    Filter.atTop (nhds ↑(MolecularDynamics.textbookWienerDeterministicVariance g T))
MolecularDynamics.textbookWienerDeterministicIntegral_hasLaw.{u_1} {Ω : Type u_1} [MeasurableSpace Ω]
  {P : MeasureTheory.Measure Ω} {W : NNReal → Ω → ℝ} (hW : ProbabilityTheory.IsPreBrownianReal W P) {g : ℝ → ℝ}
  (hg : ContDiff ℝ 1 g) (T : NNReal) {Y : Ω → ℝ} (hY : MeasureTheory.MemLp Y 2 P)
  (hlim :
    Filter.Tendsto (fun K => ∫ (ω : Ω), (MolecularDynamics.textbookWienerDeterministicSum W g T K ω - Y ω) ^ 2 ∂P)
      Filter.atTop (nhds 0)) :
  ProbabilityTheory.HasLaw Y
    (ProbabilityTheory.gaussianReal 0 (MolecularDynamics.textbookWienerDeterministicVariance g T)) P
MolecularDynamics.textbookWienerDeterministicIto_proposition63.{u_1} {Ω : Type u_1} [MeasurableSpace Ω]
  {P : MeasureTheory.Measure Ω} {W : NNReal → Ω → ℝ} (hW : ProbabilityTheory.IsPreBrownianReal W P) {g : ℝ → ℝ}
  (hg : ContDiff ℝ 1 g) (T : NNReal) :
  ∃ Y,
    MeasureTheory.MemLp Y 2 P ∧
      Filter.Tendsto (fun K => ∫ (ω : Ω), (MolecularDynamics.textbookWienerDeterministicSum W g T K ω - Y ω) ^ 2 ∂P)
          Filter.atTop (nhds 0) ∧
        ProbabilityTheory.HasLaw Y
            (ProbabilityTheory.gaussianReal 0 (MolecularDynamics.textbookWienerDeterministicVariance g T)) P ∧
          ∫ (ω : Ω), Y ω ∂P = 0 ∧ ∫ (ω : Ω), Y ω ^ 2 ∂P = ∫ (x : ℝ) in 0..↑T, g x ^ 2
MolecularDynamics.textbookDivergence.{u_1} {E : Type u_1} [NormedAddCommGroup E] [NormedSpace ℝ E] (F : E → E) (z : E) :
  ℝ
MolecularDynamics.textbookLiouvilleStationary.{u_1} {E : Type u_1} [NormedAddCommGroup E] [NormedSpace ℝ E] (F : E → E)
  (ρ : E → ℝ) : Prop
MolecularDynamics.textbookDivergence_density.{u_1} {E : Type u_1} [NormedAddCommGroup E] [NormedSpace ℝ E]
  [FiniteDimensional ℝ E] {ρ : E → ℝ} {F : E → E} {z : E} (hρ : DifferentiableAt ℝ ρ z) (hF : DifferentiableAt ℝ F z) :
  MolecularDynamics.textbookDivergence (fun x => ρ x • F x) z =
    (fderiv ℝ ρ z) (F z) + ρ z * MolecularDynamics.textbookDivergence F z
MolecularDynamics.textbookDivergence_add.{u_1} {E : Type u_1} [NormedAddCommGroup E] [NormedSpace ℝ E] {F G : E → E}
  {z : E} (hF : DifferentiableAt ℝ F z) (hG : DifferentiableAt ℝ G z) :
  MolecularDynamics.textbookDivergence (fun x => F x + G x) z =
    MolecularDynamics.textbookDivergence F z + MolecularDynamics.textbookDivergence G z
MolecularDynamics.textbookDivergence_sub.{u_1} {E : Type u_1} [NormedAddCommGroup E] [NormedSpace ℝ E] {F G : E → E}
  {z : E} (hF : DifferentiableAt ℝ F z) (hG : DifferentiableAt ℝ G z) :
  MolecularDynamics.textbookDivergence (fun x => F x - G x) z =
    MolecularDynamics.textbookDivergence F z - MolecularDynamics.textbookDivergence G z
MolecularDynamics.textbookDivergence_const_smul.{u_1} {E : Type u_1} [NormedAddCommGroup E] [NormedSpace ℝ E]
  [FiniteDimensional ℝ E] (c : ℝ) {F : E → E} {z : E} (hF : DifferentiableAt ℝ F z) :
  MolecularDynamics.textbookDivergence (fun x => c • F x) z = c * MolecularDynamics.textbookDivergence F z
MolecularDynamics.textbookDivergence_prod.{u_1, u_2} {E : Type u_1} [NormedAddCommGroup E] [NormedSpace ℝ E]
  [FiniteDimensional ℝ E] {G : Type u_2} [NormedAddCommGroup G] [NormedSpace ℝ G] [FiniteDimensional ℝ G]
  {F : E × G → E × G} {z : E × G} (hF : DifferentiableAt ℝ F z) :
  MolecularDynamics.textbookDivergence F z =
    MolecularDynamics.textbookDivergence (fun u => (F (u, z.2)).1) z.1 +
      MolecularDynamics.textbookDivergence (fun v => (F (z.1, v)).2) z.2
MolecularDynamics.textbookDivergence_conjugate.{u_1, u_2} {E : Type u_1} [NormedAddCommGroup E] [NormedSpace ℝ E]
  {G : Type u_2} [NormedAddCommGroup G] [NormedSpace ℝ G] (e : E ≃L[ℝ] G) {F : G → G} {x : E}
  (hF : DifferentiableAt ℝ F (e x)) :
  MolecularDynamics.textbookDivergence (fun u => e.symm (F (e u))) x = MolecularDynamics.textbookDivergence F (e x)
MolecularDynamics.textbookLiouvilleStationary_lift_idle.{u_1} {E : Type u_1} [NormedAddCommGroup E] [NormedSpace ℝ E]
  [FiniteDimensional ℝ E] {F : E → E} {ρ : E → ℝ} {a : ℝ → ℝ} (hF : ContDiff ℝ 1 F) (hρ : ContDiff ℝ 1 ρ)
  (ha : ContDiff ℝ 1 a) (hs : MolecularDynamics.textbookLiouvilleStationary F ρ) :
  MolecularDynamics.textbookLiouvilleStationary (fun p => (F p.1, 0)) fun p => a p.2 * ρ p.1
MolecularDynamics.textbookLiouvilleStationary_conjugate.{u_1, u_2} {E : Type u_1} [NormedAddCommGroup E]
  [NormedSpace ℝ E] {G : Type u_2} [NormedAddCommGroup G] [NormedSpace ℝ G] (e : E ≃L[ℝ] G) {F : G → G} {ρ : G → ℝ}
  (hF : ContDiff ℝ 1 F) (hρ : ContDiff ℝ 1 ρ) (hs : MolecularDynamics.textbookLiouvilleStationary F ρ) :
  MolecularDynamics.textbookLiouvilleStationary (fun u => e.symm (F (e u))) fun u => ρ (e u)
MolecularDynamics.textbookLiouvilleStationary_add_sub.{u_1} {E : Type u_1} [NormedAddCommGroup E] [NormedSpace ℝ E]
  {F G B : E → E} {ρ : E → ℝ} (hF : ContDiff ℝ 1 F) (hG : ContDiff ℝ 1 G) (hB : ContDiff ℝ 1 B) (hρ : ContDiff ℝ 1 ρ)
  (hsF : MolecularDynamics.textbookLiouvilleStationary F ρ) (hsG : MolecularDynamics.textbookLiouvilleStationary G ρ)
  (hsB : MolecularDynamics.textbookLiouvilleStationary B ρ) :
  MolecularDynamics.textbookLiouvilleStationary (fun x => F x + G x - B x) ρ
MolecularDynamics.textbookLiouvilleStationary_const_mul.{u_1} {E : Type u_1} [NormedAddCommGroup E] [NormedSpace ℝ E]
  [FiniteDimensional ℝ E] {F : E → E} {ρ : E → ℝ} (hF : ContDiff ℝ 1 F) (hρ : ContDiff ℝ 1 ρ)
  (hs : MolecularDynamics.textbookLiouvilleStationary F ρ) (c : ℝ) :
  MolecularDynamics.textbookLiouvilleStationary F fun x => c * ρ x
MolecularDynamics.textbookHamiltonianGibbsWeight {Nc : ℕ} (H : MolecularDynamics.SymplecticCoordinates Nc → ℝ) (β : ℝ) :
  MolecularDynamics.SymplecticCoordinates Nc → ℝ
MolecularDynamics.textbookHamiltonianGibbsWeight_pos {Nc : ℕ} (H : MolecularDynamics.SymplecticCoordinates Nc → ℝ)
  (β : ℝ) (z : MolecularDynamics.SymplecticCoordinates Nc) : 0 < MolecularDynamics.textbookHamiltonianGibbsWeight H β z
MolecularDynamics.textbookHamiltonianGibbsWeight_stationary {Nc : ℕ}
  {H : MolecularDynamics.SymplecticCoordinates Nc → ℝ} (hH : ContDiff ℝ 2 H) (β : ℝ) :
  MolecularDynamics.textbookLiouvilleStationary (MolecularDynamics.textbookHamiltonianVectorField H)
    (MolecularDynamics.textbookHamiltonianGibbsWeight H β)
MolecularDynamics.textbookHamiltonianGibbsDensity {Nc : ℕ} (H : MolecularDynamics.SymplecticCoordinates Nc → ℝ)
  (β c : ℝ) : MolecularDynamics.SymplecticCoordinates Nc → ℝ
MolecularDynamics.textbookHamiltonianGibbsDensity_stationary {Nc : ℕ}
  {H : MolecularDynamics.SymplecticCoordinates Nc → ℝ} (hH : ContDiff ℝ 2 H) (β c : ℝ) :
  MolecularDynamics.textbookLiouvilleStationary (MolecularDynamics.textbookHamiltonianVectorField H)
    (MolecularDynamics.textbookHamiltonianGibbsDensity H β c)
MolecularDynamics.textbookHamiltonianGibbsDensity_pos {Nc : ℕ} (H : MolecularDynamics.SymplecticCoordinates Nc → ℝ)
  (β : ℝ) {c : ℝ} (hc : 0 < c) (z : MolecularDynamics.SymplecticCoordinates Nc) :
  0 < MolecularDynamics.textbookHamiltonianGibbsDensity H β c z
MolecularDynamics.textbookSingleThermostatField.{u_1} {E : Type u_1} [NormedAddCommGroup E] (F : E → E) (φ : E × ℝ → E)
  (g : E × ℝ → ℝ) (w : E × ℝ) : E × ℝ
MolecularDynamics.textbookCombinedThermostatField.{u_1} {E : Type u_1} [NormedAddCommGroup E] (F : E → E)
  (φ₁ φ₂ : E × ℝ → E) (g₁ g₂ : E × ℝ → ℝ) (w : (E × ℝ) × ℝ) : (E × ℝ) × ℝ
MolecularDynamics.textbookThermostatProductDensity.{u_1} {E : Type u_1} (ρ : E → ℝ) (a b : ℝ → ℝ) (w : (E × ℝ) × ℝ) : ℝ
MolecularDynamics.textbookThermostatProductDensity_stationary.{u_1} {E : Type u_1} [NormedAddCommGroup E]
  [NormedSpace ℝ E] [FiniteDimensional ℝ E] {F : E → E} {φ₁ φ₂ : E × ℝ → E} {g₁ g₂ : E × ℝ → ℝ} {ρ : E → ℝ}
  {a b : ℝ → ℝ} (hF : ContDiff ℝ 1 F) (hφ₁ : ContDiff ℝ 1 φ₁) (hφ₂ : ContDiff ℝ 1 φ₂) (hg₁ : ContDiff ℝ 1 g₁)
  (hg₂ : ContDiff ℝ 1 g₂) (hρ : ContDiff ℝ 1 ρ) (ha : ContDiff ℝ 1 a) (hb : ContDiff ℝ 1 b)
  (hs : MolecularDynamics.textbookLiouvilleStationary F ρ)
  (hs₁ :
    MolecularDynamics.textbookLiouvilleStationary (MolecularDynamics.textbookSingleThermostatField F φ₁ g₁) fun w =>
      a w.2 * ρ w.1)
  (hs₂ :
    MolecularDynamics.textbookLiouvilleStationary (MolecularDynamics.textbookSingleThermostatField F φ₂ g₂) fun w =>
      b w.2 * ρ w.1) :
  MolecularDynamics.textbookLiouvilleStationary (MolecularDynamics.textbookCombinedThermostatField F φ₁ φ₂ g₁ g₂)
    (MolecularDynamics.textbookThermostatProductDensity ρ a b)
MolecularDynamics.textbookThermostatProductDensity_nonneg.{u_1} {E : Type u_1} {ρ : E → ℝ} {a b : ℝ → ℝ}
  (hρ : ∀ (z : E), 0 ≤ ρ z) (ha : ∀ (x : ℝ), 0 ≤ a x) (hb : ∀ (y : ℝ), 0 ≤ b y) (w : (E × ℝ) × ℝ) :
  0 ≤ MolecularDynamics.textbookThermostatProductDensity ρ a b w
MolecularDynamics.textbookThermostats_additive_proposition81 {Nc : ℕ}
  {H : MolecularDynamics.SymplecticCoordinates Nc → ℝ} (hH : ContDiff ℝ 2 H) (β c : ℝ)
  {φ₁ φ₂ : MolecularDynamics.SymplecticCoordinates Nc × ℝ → MolecularDynamics.SymplecticCoordinates Nc}
  {g₁ g₂ : MolecularDynamics.SymplecticCoordinates Nc × ℝ → ℝ} {a b : ℝ → ℝ} (hφ₁ : ContDiff ℝ 1 φ₁)
  (hφ₂ : ContDiff ℝ 1 φ₂) (hg₁ : ContDiff ℝ 1 g₁) (hg₂ : ContDiff ℝ 1 g₂) (ha : ContDiff ℝ 1 a) (hb : ContDiff ℝ 1 b)
  (hs₁ :
    MolecularDynamics.textbookLiouvilleStationary
      (MolecularDynamics.textbookSingleThermostatField (MolecularDynamics.textbookHamiltonianVectorField H) φ₁ g₁)
      fun w => a w.2 * MolecularDynamics.textbookHamiltonianGibbsDensity H β c w.1)
  (hs₂ :
    MolecularDynamics.textbookLiouvilleStationary
      (MolecularDynamics.textbookSingleThermostatField (MolecularDynamics.textbookHamiltonianVectorField H) φ₂ g₂)
      fun w => b w.2 * MolecularDynamics.textbookHamiltonianGibbsDensity H β c w.1) :
  MolecularDynamics.textbookLiouvilleStationary
    (MolecularDynamics.textbookCombinedThermostatField (MolecularDynamics.textbookHamiltonianVectorField H) φ₁ φ₂ g₁ g₂)
    (MolecularDynamics.textbookThermostatProductDensity (MolecularDynamics.textbookHamiltonianGibbsDensity H β c) a b)
MolecularDynamics.textbookStationaryDensityFlow_weightedJacobian.{u_1} {E : Type u_1} [NormedAddCommGroup E]
  [NormedSpace ℝ E] [FiniteDimensional ℝ E] (f : E → E) (hf : ContDiff ℝ 1 f) (ρ : E → ℝ) (hρ : ContDiff ℝ 1 ρ)
  (hs : MolecularDynamics.textbookLiouvilleStationary f ρ) (Φ : ℝ × E → E) (hΦ : ContDiff ℝ 2 Φ) (τ : ℝ)
  (hODE : ∀ t ∈ Set.Icc 0 τ, ∀ (z : E), HasDerivAt (fun s => Φ (s, z)) (f (Φ (t, z))) t)
  (hinit : (fun z => Φ (0, z)) = id) (t : ℝ) (ht : t ∈ Set.Icc 0 τ) (z : E) :
  ρ (Φ (t, z)) * (fderiv ℝ (fun y => Φ (t, y)) z).det = ρ z
MolecularDynamics.textbookStationaryDensityFlow_abs_weightedJacobian.{u_1} {E : Type u_1} [NormedAddCommGroup E]
  [NormedSpace ℝ E] [FiniteDimensional ℝ E] (f : E → E) (hf : ContDiff ℝ 1 f) (ρ : E → ℝ) (hρ : ContDiff ℝ 1 ρ)
  (hρ0 : ∀ (z : E), 0 ≤ ρ z) (hs : MolecularDynamics.textbookLiouvilleStationary f ρ) (Φ : ℝ × E → E)
  (hΦ : ContDiff ℝ 2 Φ) (τ : ℝ) (hODE : ∀ t ∈ Set.Icc 0 τ, ∀ (z : E), HasDerivAt (fun s => Φ (s, z)) (f (Φ (t, z))) t)
  (hinit : (fun z => Φ (0, z)) = id) (t : ℝ) (ht : t ∈ Set.Icc 0 τ) (z : E) :
  |(fderiv ℝ (fun y => Φ (t, y)) z).det| * ρ (Φ (t, z)) = ρ z
MolecularDynamics.textbookDensityMeasure.{u_1} {E : Type u_1} [MeasurableSpace E] (μ : MeasureTheory.Measure E)
  (ρ : E → ℝ) : MeasureTheory.Measure E
MolecularDynamics.textbookStationaryDensityFlow_measure_image.{u_1} {E : Type u_1} [NormedAddCommGroup E]
  [NormedSpace ℝ E] [FiniteDimensional ℝ E] [MeasurableSpace E] [BorelSpace E] (μ : MeasureTheory.Measure E)
  [μ.IsAddHaarMeasure] (f : E → E) (hf : ContDiff ℝ 1 f) (ρ : E → ℝ) (hρ : ContDiff ℝ 1 ρ) (hρ0 : ∀ (z : E), 0 ≤ ρ z)
  (hs : MolecularDynamics.textbookLiouvilleStationary f ρ) (Φ : ℝ × E → E) (hΦ : ContDiff ℝ 2 Φ) (τ : ℝ)
  (hODE : ∀ t ∈ Set.Icc 0 τ, ∀ (z : E), HasDerivAt (fun s => Φ (s, z)) (f (Φ (t, z))) t)
  (hinit : (fun z => Φ (0, z)) = id) (t : ℝ) (ht : t ∈ Set.Icc 0 τ) (s : Set E) (hsmeas : MeasurableSet s) :
  (MolecularDynamics.textbookDensityMeasure μ ρ) ((fun z => Φ (t, z)) '' s) =
    (MolecularDynamics.textbookDensityMeasure μ ρ) s
MolecularDynamics.textbookStationaryDensityFlow_measure_map.{u_1} {E : Type u_1} [NormedAddCommGroup E]
  [NormedSpace ℝ E] [FiniteDimensional ℝ E] [MeasurableSpace E] [BorelSpace E] (μ : MeasureTheory.Measure E)
  [μ.IsAddHaarMeasure] (f : E → E) (hf : ContDiff ℝ 1 f) (ρ : E → ℝ) (hρ : ContDiff ℝ 1 ρ) (hρ0 : ∀ (z : E), 0 ≤ ρ z)
  (hs : MolecularDynamics.textbookLiouvilleStationary f ρ)
  [MeasureTheory.IsProbabilityMeasure (MolecularDynamics.textbookDensityMeasure μ ρ)] (Φ : ℝ × E → E)
  (hΦ : ContDiff ℝ 2 Φ) (τ : ℝ) (hODE : ∀ t ∈ Set.Icc 0 τ, ∀ (z : E), HasDerivAt (fun s => Φ (s, z)) (f (Φ (t, z))) t)
  (hinit : (fun z => Φ (0, z)) = id) (t : ℝ) (ht : t ∈ Set.Icc 0 τ) :
  MeasureTheory.Measure.map (fun z => Φ (t, z)) (MolecularDynamics.textbookDensityMeasure μ ρ) =
    MolecularDynamics.textbookDensityMeasure μ ρ
MolecularDynamics.textbookThermostatProductDensity_measure_eq_prod.{u_1} {E : Type u_1} [NormedAddCommGroup E]
  [NormedSpace ℝ E] [MeasurableSpace E] [BorelSpace E] (μ : MeasureTheory.Measure E) (ν₁ ν₂ : MeasureTheory.Measure ℝ)
  [MeasureTheory.SFinite μ] [MeasureTheory.SFinite ν₁] [MeasureTheory.SFinite ν₂] (ρ : E → ℝ) (a b : ℝ → ℝ)
  (hρ : ContDiff ℝ 1 ρ) (ha : ContDiff ℝ 1 a) (hb : ContDiff ℝ 1 b) (ha0 : ∀ (x : ℝ), 0 ≤ a x)
  (hb0 : ∀ (y : ℝ), 0 ≤ b y) :
  MolecularDynamics.textbookDensityMeasure ((μ.prod ν₁).prod ν₂)
      (MolecularDynamics.textbookThermostatProductDensity ρ a b) =
    ((MolecularDynamics.textbookDensityMeasure μ ρ).prod (MolecularDynamics.textbookDensityMeasure ν₁ a)).prod
      (MolecularDynamics.textbookDensityMeasure ν₂ b)
MolecularDynamics.textbookThermostatProductDensity_probability.{u_1} {E : Type u_1} [NormedAddCommGroup E]
  [NormedSpace ℝ E] [MeasurableSpace E] [BorelSpace E] (μ : MeasureTheory.Measure E) (ν₁ ν₂ : MeasureTheory.Measure ℝ)
  [MeasureTheory.SFinite μ] [MeasureTheory.SFinite ν₁] [MeasureTheory.SFinite ν₂] (ρ : E → ℝ) (a b : ℝ → ℝ)
  (hρ : ContDiff ℝ 1 ρ) (ha : ContDiff ℝ 1 a) (hb : ContDiff ℝ 1 b) (ha0 : ∀ (x : ℝ), 0 ≤ a x)
  (hb0 : ∀ (y : ℝ), 0 ≤ b y) [MeasureTheory.IsProbabilityMeasure (MolecularDynamics.textbookDensityMeasure μ ρ)]
  [MeasureTheory.IsProbabilityMeasure (MolecularDynamics.textbookDensityMeasure ν₁ a)]
  [MeasureTheory.IsProbabilityMeasure (MolecularDynamics.textbookDensityMeasure ν₂ b)] :
  MeasureTheory.IsProbabilityMeasure
    (MolecularDynamics.textbookDensityMeasure ((μ.prod ν₁).prod ν₂)
      (MolecularDynamics.textbookThermostatProductDensity ρ a b))
MolecularDynamics.textbookThermostats_additive_invariant_probability {Nc : ℕ}
  (μ : MeasureTheory.Measure (MolecularDynamics.SymplecticCoordinates Nc)) [μ.IsAddHaarMeasure]
  {H : MolecularDynamics.SymplecticCoordinates Nc → ℝ} (hH : ContDiff ℝ 2 H) (β : ℝ) {c : ℝ} (hc : 0 < c)
  {φ₁ φ₂ : MolecularDynamics.SymplecticCoordinates Nc × ℝ → MolecularDynamics.SymplecticCoordinates Nc}
  {g₁ g₂ : MolecularDynamics.SymplecticCoordinates Nc × ℝ → ℝ} {a b : ℝ → ℝ} (hφ₁ : ContDiff ℝ 1 φ₁)
  (hφ₂ : ContDiff ℝ 1 φ₂) (hg₁ : ContDiff ℝ 1 g₁) (hg₂ : ContDiff ℝ 1 g₂) (ha : ContDiff ℝ 1 a) (hb : ContDiff ℝ 1 b)
  (ha0 : ∀ (x : ℝ), 0 ≤ a x) (hb0 : ∀ (y : ℝ), 0 ≤ b y)
  [MeasureTheory.IsProbabilityMeasure
      (MolecularDynamics.textbookDensityMeasure μ (MolecularDynamics.textbookHamiltonianGibbsDensity H β c))]
  [MeasureTheory.IsProbabilityMeasure (MolecularDynamics.textbookDensityMeasure MeasureTheory.volume a)]
  [MeasureTheory.IsProbabilityMeasure (MolecularDynamics.textbookDensityMeasure MeasureTheory.volume b)]
  (hs₁ :
    MolecularDynamics.textbookLiouvilleStationary
      (MolecularDynamics.textbookSingleThermostatField (MolecularDynamics.textbookHamiltonianVectorField H) φ₁ g₁)
      fun w => a w.2 * MolecularDynamics.textbookHamiltonianGibbsDensity H β c w.1)
  (hs₂ :
    MolecularDynamics.textbookLiouvilleStationary
      (MolecularDynamics.textbookSingleThermostatField (MolecularDynamics.textbookHamiltonianVectorField H) φ₂ g₂)
      fun w => b w.2 * MolecularDynamics.textbookHamiltonianGibbsDensity H β c w.1)
  (Φ : ℝ × (MolecularDynamics.SymplecticCoordinates Nc × ℝ) × ℝ → (MolecularDynamics.SymplecticCoordinates Nc × ℝ) × ℝ)
  (hΦ : ContDiff ℝ 2 Φ) (τ : ℝ)
  (hODE :
    ∀ t ∈ Set.Icc 0 τ,
      ∀ (z : (MolecularDynamics.SymplecticCoordinates Nc × ℝ) × ℝ),
        HasDerivAt (fun s => Φ (s, z))
          (MolecularDynamics.textbookCombinedThermostatField (MolecularDynamics.textbookHamiltonianVectorField H) φ₁ φ₂
            g₁ g₂ (Φ (t, z)))
          t)
  (hinit : (fun z => Φ (0, z)) = id) (t : ℝ) (ht : t ∈ Set.Icc 0 τ) :
  MeasureTheory.IsProbabilityMeasure
      (MolecularDynamics.textbookDensityMeasure ((μ.prod MeasureTheory.volume).prod MeasureTheory.volume)
        (MolecularDynamics.textbookThermostatProductDensity (MolecularDynamics.textbookHamiltonianGibbsDensity H β c) a
          b)) ∧
    MeasureTheory.Measure.map (fun z => Φ (t, z))
        (MolecularDynamics.textbookDensityMeasure ((μ.prod MeasureTheory.volume).prod MeasureTheory.volume)
          (MolecularDynamics.textbookThermostatProductDensity (MolecularDynamics.textbookHamiltonianGibbsDensity H β c)
            a b)) =
      MolecularDynamics.textbookDensityMeasure ((μ.prod MeasureTheory.volume).prod MeasureTheory.volume)
        (MolecularDynamics.textbookThermostatProductDensity (MolecularDynamics.textbookHamiltonianGibbsDensity H β c) a
          b)
MolecularDynamics.textbookFormalOperatorLogarithm.{u_1} {R : Type u_1} [Ring R] [Algebra ℝ R] (S : PowerSeries R) :
  PowerSeries R
MolecularDynamics.textbookFormalOperatorLogarithm_coeff_stabilizes.{u_1} {R : Type u_1} [Ring R] [Algebra ℝ R]
  (S : PowerSeries R) (hS : PowerSeries.constantCoeff S = 1) (j N : ℕ) (hjN : j < N) :
  (PowerSeries.coeff j) (MolecularDynamics.textbookFormalOperatorLogarithm S) =
    ∑ n ∈ Finset.range N, ((-1) ^ (n + 1) / ↑n) • (PowerSeries.coeff j) ((S - 1) ^ n)
MolecularDynamics.textbookFormalOperatorLogarithm_coeff_one.{u_1} {R : Type u_1} [Ring R] [Algebra ℝ R]
  (S : PowerSeries R) :
  (PowerSeries.coeff 1) (MolecularDynamics.textbookFormalOperatorLogarithm S) = (PowerSeries.coeff 1) S
MolecularDynamics.textbookFormalOperatorLogarithm_coeff_two.{u_1} {R : Type u_1} [Ring R] [Algebra ℝ R]
  (S : PowerSeries R) (hS : PowerSeries.constantCoeff S = 1) :
  (PowerSeries.coeff 2) (MolecularDynamics.textbookFormalOperatorLogarithm S) =
    (PowerSeries.coeff 2) S - (1 / 2) • (PowerSeries.coeff 1) S ^ 2
MolecularDynamics.textbookFormalOperatorLogarithm_coeff_three.{u_1} {R : Type u_1} [Ring R] [Algebra ℝ R]
  (S : PowerSeries R) (hS : PowerSeries.constantCoeff S = 1) :
  (PowerSeries.coeff 3) (MolecularDynamics.textbookFormalOperatorLogarithm S) =
    (PowerSeries.coeff 3) S -
        (1 / 2) •
          ((PowerSeries.coeff 1) S * (PowerSeries.coeff 2) S + (PowerSeries.coeff 2) S * (PowerSeries.coeff 1) S) +
      (1 / 3) • (PowerSeries.coeff 1) S ^ 3
MolecularDynamics.textbookFormalOperatorLogarithm_coeff_four.{u_1} {R : Type u_1} [Ring R] [Algebra ℝ R]
  (S : PowerSeries R) (hS : PowerSeries.constantCoeff S = 1) :
  (PowerSeries.coeff 4) (MolecularDynamics.textbookFormalOperatorLogarithm S) =
    (PowerSeries.coeff 4) S -
          (1 / 2) •
            ((PowerSeries.coeff 1) S * (PowerSeries.coeff 3) S + (PowerSeries.coeff 2) S ^ 2 +
              (PowerSeries.coeff 3) S * (PowerSeries.coeff 1) S) +
        (1 / 3) •
          ((PowerSeries.coeff 1) S ^ 2 * (PowerSeries.coeff 2) S +
              (PowerSeries.coeff 1) S * (PowerSeries.coeff 2) S * (PowerSeries.coeff 1) S +
            (PowerSeries.coeff 2) S * (PowerSeries.coeff 1) S ^ 2) -
      (1 / 4) • (PowerSeries.coeff 1) S ^ 4
MolecularDynamics.textbookSymmetricOperatorComposition.{u_1} {R : Type u_1} [Ring R] [Algebra ℝ R] (X Y Z : R) :
  PowerSeries R
MolecularDynamics.textbookOperatorCommutator.{u_1} {R : Type u_1} [Ring R] (A B : R) : R
MolecularDynamics.textbookSymmetricOperatorCorrection.{u_1} {R : Type u_1} [Ring R] [Algebra ℝ R] (X Y Z : R) : R
MolecularDynamics.textbookSymmetricOperatorComposition_coeff_zero.{u_1} {R : Type u_1} [Ring R] [Algebra ℝ R]
  (X Y Z : R) : (PowerSeries.coeff 0) (MolecularDynamics.textbookSymmetricOperatorComposition X Y Z) = 1
MolecularDynamics.textbookSymmetricOperatorComposition_coeff_one.{u_1} {R : Type u_1} [Ring R] [Algebra ℝ R]
  (X Y Z : R) : (PowerSeries.coeff 1) (MolecularDynamics.textbookSymmetricOperatorComposition X Y Z) = X + Y + Z
MolecularDynamics.textbookSymmetricOperatorComposition_coeff_two.{u_1} {R : Type u_1} [Ring R] [Algebra ℝ R]
  (X Y Z : R) :
  (PowerSeries.coeff 2) (MolecularDynamics.textbookSymmetricOperatorComposition X Y Z) = (1 / 2) • (X + Y + Z) ^ 2
MolecularDynamics.textbookSymmetricOperatorComposition_coeff_three.{u_1} {R : Type u_1} [Ring R] [Algebra ℝ R]
  (X Y Z : R) :
  (PowerSeries.coeff 3) (MolecularDynamics.textbookSymmetricOperatorComposition X Y Z) =
    (1 / 6) • (X + Y + Z) ^ 3 + MolecularDynamics.textbookSymmetricOperatorCorrection X Y Z
MolecularDynamics.textbookSymmetricOperatorComposition_coeff_four.{u_1} {R : Type u_1} [Ring R] [Algebra ℝ R]
  (X Y Z : R) :
  (PowerSeries.coeff 4) (MolecularDynamics.textbookSymmetricOperatorComposition X Y Z) =
    (1 / 24) • (X + Y + Z) ^ 4 +
      (1 / 2) •
        ((X + Y + Z) * MolecularDynamics.textbookSymmetricOperatorCorrection X Y Z +
          MolecularDynamics.textbookSymmetricOperatorCorrection X Y Z * (X + Y + Z))
MolecularDynamics.textbookSymmetricModifiedGenerator.{u_1} {R : Type u_1} [Ring R] [Algebra ℝ R] (X Y Z : R) :
  PowerSeries R
MolecularDynamics.textbookSymmetricModifiedGenerator_coeff_zero.{u_1} {R : Type u_1} [Ring R] [Algebra ℝ R]
  (X Y Z : R) : (PowerSeries.coeff 0) (MolecularDynamics.textbookSymmetricModifiedGenerator X Y Z) = X + Y + Z
MolecularDynamics.textbookSymmetricModifiedGenerator_coeff_one.{u_1} {R : Type u_1} [Ring R] [Algebra ℝ R] (X Y Z : R) :
  (PowerSeries.coeff 1) (MolecularDynamics.textbookSymmetricModifiedGenerator X Y Z) = 0
MolecularDynamics.textbookSymmetricModifiedGenerator_coeff_two.{u_1} {R : Type u_1} [Ring R] [Algebra ℝ R] (X Y Z : R) :
  (PowerSeries.coeff 2) (MolecularDynamics.textbookSymmetricModifiedGenerator X Y Z) =
    MolecularDynamics.textbookSymmetricOperatorCorrection X Y Z
MolecularDynamics.textbookSymmetricModifiedGenerator_coeff_three.{u_1} {R : Type u_1} [Ring R] [Algebra ℝ R]
  (X Y Z : R) : (PowerSeries.coeff 3) (MolecularDynamics.textbookSymmetricModifiedGenerator X Y Z) = 0
MolecularDynamics.textbookSymmetricModifiedGenerator_formal_proposition71.{u_1} {R : Type u_1} [Ring R] [Algebra ℝ R]
  (X Y Z : R) :
  ∃ Q,
    MolecularDynamics.textbookSymmetricModifiedGenerator X Y Z =
      PowerSeries.C (X + Y + Z) +
          PowerSeries.C (MolecularDynamics.textbookSymmetricOperatorCorrection X Y Z) * PowerSeries.X ^ 2 +
        PowerSeries.X ^ 4 * Q
MolecularDynamics.textbookFormalLogarithmExponential.{u_1} {R : Type u_1} [Ring R] [Algebra ℝ R] (S : PowerSeries R) :
  PowerSeries R
MolecularDynamics.textbookFormalLogarithmExponential_coeff_matches.{u_1} {R : Type u_1} [Ring R] [Algebra ℝ R]
  (S : PowerSeries R) (hS : PowerSeries.constantCoeff S = 1) (n : ℕ) (hn : n < 5) :
  (PowerSeries.coeff n) (MolecularDynamics.textbookFormalLogarithmExponential S) = (PowerSeries.coeff n) S
MolecularDynamics.textbookSymmetricModifiedGenerator_logarithm.{u_1} {R : Type u_1} [Ring R] [Algebra ℝ R] (X Y Z : R) :
  MolecularDynamics.textbookFormalOperatorLogarithm (MolecularDynamics.textbookSymmetricOperatorComposition X Y Z) =
    PowerSeries.X * MolecularDynamics.textbookSymmetricModifiedGenerator X Y Z
MolecularDynamics.textbookSymmetricGeneratorExponential.{u_1} {R : Type u_1} [Ring R] [Algebra ℝ R] (X Y Z : R) :
  PowerSeries R
MolecularDynamics.textbookSymmetricGeneratorExponential_coeff_matches.{u_1} {R : Type u_1} [Ring R] [Algebra ℝ R]
  (X Y Z : R) (n : ℕ) (hn : n < 5) :
  (PowerSeries.coeff n) (MolecularDynamics.textbookSymmetricGeneratorExponential X Y Z) =
    (PowerSeries.coeff n) (MolecularDynamics.textbookSymmetricOperatorComposition X Y Z)
MolecularDynamics.textbookFormalOperatorCalculus.{u_1} {R : Type u_1} [Ring R] [Algebra ℝ R]
  (P : { P // PowerSeries.constantCoeff P = 0 }) (f : PowerSeries ℝ) : PowerSeries R
MolecularDynamics.textbookFormalOperatorCalculusHom.{u_1} {R : Type u_1} [Ring R] [Algebra ℝ R]
  (P : { P // PowerSeries.constantCoeff P = 0 }) : PowerSeries ℝ →ₐ[ℝ] PowerSeries R
MolecularDynamics.textbookFormalOperatorCalculus_subst.{u_1} {R : Type u_1} [Ring R] [Algebra ℝ R]
  (P : { P // PowerSeries.constantCoeff P = 0 }) (g : { g // PowerSeries.constantCoeff g = 0 }) (f : PowerSeries ℝ) :
  (MolecularDynamics.textbookFormalOperatorCalculusHom P) (PowerSeries.subst (↑g) f) =
    (MolecularDynamics.textbookFormalOperatorCalculusHom
        ⟨(MolecularDynamics.textbookFormalOperatorCalculusHom P) ↑g, ⋯⟩)
      f
MolecularDynamics.textbookFormalOperatorCalculus_exp.{u_1} {R : Type u_1} [Ring R] [Algebra ℝ R]
  (P : { P // PowerSeries.constantCoeff P = 0 }) :
  (MolecularDynamics.textbookFormalOperatorCalculusHom P) (PowerSeries.exp ℝ) =
    MolecularDynamics.textbookFormalZeroConstantExponential P
MolecularDynamics.textbookFormalOperatorCalculus_log.{u_1} {R : Type u_1} [Ring R] [Algebra ℝ R]
  (P : { P // PowerSeries.constantCoeff P = 0 }) :
  (MolecularDynamics.textbookFormalOperatorCalculusHom P) (PowerSeries.log ℝ) =
    MolecularDynamics.textbookFormalOperatorLogarithm (1 + ↑P)
MolecularDynamics.textbookFormalLogarithmExponential_eq.{u_1} {R : Type u_1} [Ring R] [Algebra ℝ R] (S : PowerSeries R)
  (hS : PowerSeries.constantCoeff S = 1) : MolecularDynamics.textbookFormalLogarithmExponential S = S
MolecularDynamics.textbookFormalOperatorLogarithm_exp.{u_1} {R : Type u_1} [Ring R] [Algebra ℝ R]
  (P : { P // PowerSeries.constantCoeff P = 0 }) :
  MolecularDynamics.textbookFormalOperatorLogarithm (MolecularDynamics.textbookFormalZeroConstantExponential P) = ↑P
MolecularDynamics.textbookSymmetricGeneratorExponential_eq.{u_1} {R : Type u_1} [Ring R] [Algebra ℝ R] (X Y Z : R) :
  MolecularDynamics.textbookSymmetricGeneratorExponential X Y Z =
    MolecularDynamics.textbookSymmetricOperatorComposition X Y Z
MolecularDynamics.textbookFormalOperatorTimeNeg.{u_1} {R : Type u_1} [Ring R] [Algebra ℝ R] :
  PowerSeries R →ₐ[ℝ] PowerSeries R
MolecularDynamics.textbookFormalZeroConstantExponential_mul_neg.{u_1} {R : Type u_1} [Ring R] [Algebra ℝ R]
  (P : { P // PowerSeries.constantCoeff P = 0 }) :
  MolecularDynamics.textbookFormalZeroConstantExponential P *
      MolecularDynamics.textbookFormalZeroConstantExponential ⟨-↑P, ⋯⟩ =
    1
MolecularDynamics.textbookFormalOperatorExponential_mul_neg.{u_1} {R : Type u_1} [Ring R] [Algebra ℝ R] (A : R) :
  MolecularDynamics.textbookFormalOperatorExponential A * MolecularDynamics.textbookFormalOperatorExponential (-A) = 1
MolecularDynamics.textbookSymmetricOperatorComposition_inverse.{u_1} {R : Type u_1} [Ring R] [Algebra ℝ R] (X Y Z : R) :
  MolecularDynamics.textbookSymmetricOperatorComposition X Y Z *
      MolecularDynamics.textbookSymmetricOperatorComposition (-X) (-Y) (-Z) =
    1
MolecularDynamics.textbookSymmetricOperatorLogarithm_timeNeg.{u_1} {R : Type u_1} [Ring R] [Algebra ℝ R] (X Y Z : R) :
  MolecularDynamics.textbookFormalOperatorTimeNeg
      (MolecularDynamics.textbookFormalOperatorLogarithm
        (MolecularDynamics.textbookSymmetricOperatorComposition X Y Z)) =
    -MolecularDynamics.textbookFormalOperatorLogarithm (MolecularDynamics.textbookSymmetricOperatorComposition X Y Z)
MolecularDynamics.textbookSymmetricModifiedGenerator_odd_coeff_zero.{u_1} {R : Type u_1} [Ring R] [Algebra ℝ R]
  (X Y Z : R) (n : ℕ) : (PowerSeries.coeff (2 * n + 1)) (MolecularDynamics.textbookSymmetricModifiedGenerator X Y Z) = 0
MolecularDynamics.textbookLangevinPhase (Nc : ℕ) : Type
MolecularDynamics.textbookLangevinDrift {Nc : ℕ} (U : (Fin Nc → ℝ) → ℝ) (γ : ℝ) :
  MolecularDynamics.textbookLangevinPhase Nc → MolecularDynamics.textbookLangevinPhase Nc
MolecularDynamics.textbookLangevinNoise (Nc : ℕ) (σ : ℝ) (i : Fin Nc) :
  MolecularDynamics.textbookLangevinPhase Nc → MolecularDynamics.textbookLangevinPhase Nc
MolecularDynamics.textbookLangevinSeed {Nc : ℕ} (U : (Fin Nc → ℝ) → ℝ) (γ σ : ℝ) :
  Set (MolecularDynamics.textbookLangevinPhase Nc → MolecularDynamics.textbookLangevinPhase Nc)
MolecularDynamics.textbookLangevinForce_contDiff {Nc : ℕ} (U : (Fin Nc → ℝ) → ℝ) (hU : ContDiff ℝ (↑⊤) U) :
  ContDiff ℝ (↑⊤) (MolecularDynamics.textbookPotentialForce U)
MolecularDynamics.textbookLangevinSeed_contDiff {Nc : ℕ} (U : (Fin Nc → ℝ) → ℝ) (hU : ContDiff ℝ (↑⊤) U) (γ σ : ℝ)
  (V : MolecularDynamics.textbookLangevinPhase Nc → MolecularDynamics.textbookLangevinPhase Nc) :
  V ∈ MolecularDynamics.textbookLangevinSeed U γ σ → ContDiff ℝ (↑⊤) V
MolecularDynamics.textbookLangevinDrift_noise_bracket {Nc : ℕ} (U : (Fin Nc → ℝ) → ℝ) (hU : ContDiff ℝ 2 U) (γ σ : ℝ)
  (i : Fin Nc) (z : MolecularDynamics.textbookLangevinPhase Nc) :
  VectorField.lieBracket ℝ (MolecularDynamics.textbookLangevinDrift U γ)
      (MolecularDynamics.textbookLangevinNoise Nc σ i) z =
    (-σ • Pi.single i 1, (σ * γ) • Pi.single i 1)
MolecularDynamics.textbookLangevinBracketFamily (Nc : ℕ) (γ σ : ℝ) :
  Fin Nc ⊕ Fin Nc → MolecularDynamics.textbookLangevinPhase Nc
MolecularDynamics.textbookLangevinBracketFamily_linearIndependent (Nc : ℕ) (γ σ : ℝ) (hσ : σ ≠ 0) :
  LinearIndependent ℝ (MolecularDynamics.textbookLangevinBracketFamily Nc γ σ)
MolecularDynamics.textbookLangevin_hormander {Nc : ℕ} (U : (Fin Nc → ℝ) → ℝ) (hU : ContDiff ℝ 2 U) (γ σ : ℝ)
  (hσ : σ ≠ 0) (z : MolecularDynamics.textbookLangevinPhase Nc) :
  MolecularDynamics.textbookHormanderAt (MolecularDynamics.textbookLangevinSeed U γ σ) z
MolecularDynamics.textbookLangevin_hormander_physicalNoise {Nc : ℕ} (U : (Fin Nc → ℝ) → ℝ) (hU : ContDiff ℝ (↑⊤) U)
  (γ θ : ℝ) (hγ : 0 < γ) (hθ : 0 < θ) (z : MolecularDynamics.textbookLangevinPhase Nc) :
  MolecularDynamics.textbookHormanderAt (MolecularDynamics.textbookLangevinSeed U γ √(2 * γ * θ)) z
MolecularDynamics.textbookLangevinControlPosition {Nc : ℕ} (T : ℝ) (x y : MolecularDynamics.textbookLangevinPhase Nc)
  (t : ℝ) : Fin Nc → ℝ
MolecularDynamics.textbookLangevinControlMomentum {Nc : ℕ} (T : ℝ) (x y : MolecularDynamics.textbookLangevinPhase Nc)
  (t : ℝ) : Fin Nc → ℝ
MolecularDynamics.textbookLangevinControlRate {Nc : ℕ} (U : (Fin Nc → ℝ) → ℝ) (γ σ T : ℝ)
  (x y : MolecularDynamics.textbookLangevinPhase Nc) (t : ℝ) : Fin Nc → ℝ
MolecularDynamics.textbookLangevinControlPath {Nc : ℕ} (U : (Fin Nc → ℝ) → ℝ) (γ σ T : ℝ)
  (x y : MolecularDynamics.textbookLangevinPhase Nc) (t : ℝ) : Fin Nc → ℝ
MolecularDynamics.textbookLangevinControlPosition_hasDerivAt {Nc : ℕ} (T : ℝ)
  (x y : MolecularDynamics.textbookLangevinPhase Nc) (t : ℝ) :
  HasDerivAt (MolecularDynamics.textbookLangevinControlPosition T x y)
    (MolecularDynamics.textbookLangevinControlMomentum T x y t) t
MolecularDynamics.textbookLangevinControl_endpoints {Nc : ℕ} (T : ℝ) (hT : 0 < T)
  (x y : MolecularDynamics.textbookLangevinPhase Nc) :
  MolecularDynamics.textbookLangevinControlPosition T x y 0 = x.1 ∧
    MolecularDynamics.textbookLangevinControlMomentum T x y 0 = x.2 ∧
      MolecularDynamics.textbookLangevinControlPosition T x y T = y.1 ∧
        MolecularDynamics.textbookLangevinControlMomentum T x y T = y.2
MolecularDynamics.textbookLangevinControlPath_hasDerivAt {Nc : ℕ} (U : (Fin Nc → ℝ) → ℝ) (hU : ContDiff ℝ (↑⊤) U)
  (γ σ T : ℝ) (x y : MolecularDynamics.textbookLangevinPhase Nc) (t : ℝ) :
  HasDerivAt (MolecularDynamics.textbookLangevinControlPath U γ σ T x y)
    (MolecularDynamics.textbookLangevinControlRate U γ σ T x y t) t
MolecularDynamics.textbookLangevinControlPath_contDiff {Nc : ℕ} (U : (Fin Nc → ℝ) → ℝ) (hU : ContDiff ℝ (↑⊤) U)
  (γ σ T : ℝ) (x y : MolecularDynamics.textbookLangevinPhase Nc) :
  ContDiff ℝ (↑⊤) (MolecularDynamics.textbookLangevinControlPath U γ σ T x y)
MolecularDynamics.textbookLangevinControlMomentum_hasDerivAt {Nc : ℕ} (U : (Fin Nc → ℝ) → ℝ) (hU : ContDiff ℝ (↑⊤) U)
  (γ σ T : ℝ) (hσ : σ ≠ 0) (x y : MolecularDynamics.textbookLangevinPhase Nc) (t : ℝ) :
  HasDerivAt (MolecularDynamics.textbookLangevinControlMomentum T x y)
    (MolecularDynamics.textbookPotentialForce U (MolecularDynamics.textbookLangevinControlPosition T x y t) -
        γ • MolecularDynamics.textbookLangevinControlMomentum T x y t +
      σ • deriv (MolecularDynamics.textbookLangevinControlPath U γ σ T x y) t)
    t
MolecularDynamics.textbookLangevinControlledEndpoint {Nc : ℕ} (U : (Fin Nc → ℝ) → ℝ) (hU : ContDiff ℝ (↑⊤) U)
  (γ σ T : ℝ) (hσ : σ ≠ 0) (hT : 0 < T) (x y : MolecularDynamics.textbookLangevinPhase Nc) :
  ∃ q p R,
    ContDiff ℝ (↑⊤) q ∧
      ContDiff ℝ (↑⊤) p ∧
        ContDiff ℝ (↑⊤) R ∧
          q 0 = x.1 ∧
            p 0 = x.2 ∧
              q T = y.1 ∧
                p T = y.2 ∧
                  R 0 = 0 ∧
                    ∀ (t : ℝ),
                      HasDerivAt q (p t) t ∧
                        HasDerivAt p (MolecularDynamics.textbookPotentialForce U (q t) - γ • p t + σ • deriv R t) t
MolecularDynamics.textbookLangevinIntegralSolution {Nc : ℕ} (U : (Fin Nc → ℝ) → ℝ) (γ σ T : ℝ)
  (x : MolecularDynamics.textbookLangevinPhase Nc) (W q p : ℝ → Fin Nc → ℝ) : Prop
MolecularDynamics.textbookLangevinNoiseCompensated {Nc : ℕ} (σ : ℝ) (W q p : ℝ → Fin Nc → ℝ) (t : ℝ) :
  MolecularDynamics.textbookLangevinPhase Nc
MolecularDynamics.textbookLangevinDrivenField {Nc : ℕ} (U : (Fin Nc → ℝ) → ℝ) (γ σ : ℝ) (W : ℝ → Fin Nc → ℝ) (t : ℝ)
  (z : MolecularDynamics.textbookLangevinPhase Nc) : MolecularDynamics.textbookLangevinPhase Nc
MolecularDynamics.textbookLangevinNoiseCompensated_continuousOn {Nc : ℕ} (U : (Fin Nc → ℝ) → ℝ) (γ σ T : ℝ)
  (x : MolecularDynamics.textbookLangevinPhase Nc) (W q p : ℝ → Fin Nc → ℝ)
  (h : MolecularDynamics.textbookLangevinIntegralSolution U γ σ T x W q p) :
  ContinuousOn (MolecularDynamics.textbookLangevinNoiseCompensated σ W q p) (Set.Icc 0 T)
MolecularDynamics.textbookLangevinNoiseCompensated_hasDerivWithinAt {Nc : ℕ} (U : (Fin Nc → ℝ) → ℝ)
  (hU : ContDiff ℝ 2 U) (γ σ T : ℝ) (x : MolecularDynamics.textbookLangevinPhase Nc) (W q p : ℝ → Fin Nc → ℝ)
  (h : MolecularDynamics.textbookLangevinIntegralSolution U γ σ T x W q p) (t : ℝ) (ht : t ∈ Set.Ico 0 T) :
  HasDerivWithinAt (MolecularDynamics.textbookLangevinNoiseCompensated σ W q p)
    (MolecularDynamics.textbookLangevinDrivenField U γ σ W t
      (MolecularDynamics.textbookLangevinNoiseCompensated σ W q p t))
    (Set.Ici t) t
MolecularDynamics.textbookLangevinNoiseCompensated_initial {Nc : ℕ} (U : (Fin Nc → ℝ) → ℝ) (γ σ T : ℝ) (hT : 0 ≤ T)
  (x : MolecularDynamics.textbookLangevinPhase Nc) (W q p : ℝ → Fin Nc → ℝ)
  (h : MolecularDynamics.textbookLangevinIntegralSolution U γ σ T x W q p) :
  MolecularDynamics.textbookLangevinNoiseCompensated σ W q p 0 = x
MolecularDynamics.textbookLangevinControl_integralSolution {Nc : ℕ} (U : (Fin Nc → ℝ) → ℝ) (hU : ContDiff ℝ (↑⊤) U)
  (γ σ T : ℝ) (hσ : σ ≠ 0) (hT : 0 < T) (x y : MolecularDynamics.textbookLangevinPhase Nc) :
  MolecularDynamics.textbookLangevinIntegralSolution U γ σ T x
    (MolecularDynamics.textbookLangevinControlPath U γ σ T x y)
    (MolecularDynamics.textbookLangevinControlPosition T x y) (MolecularDynamics.textbookLangevinControlMomentum T x y)
MolecularDynamics.textbookLangevinNoiseCompensated_dist_le {Nc : ℕ} (U : (Fin Nc → ℝ) → ℝ) (hU : ContDiff ℝ 2 U)
  (L : NNReal) (hF : LipschitzWith L (MolecularDynamics.textbookPotentialForce U)) (γ σ T ε : ℝ) (hT : 0 ≤ T)
  (hε : 0 ≤ ε) (x : MolecularDynamics.textbookLangevinPhase Nc) (W R q p qr pr : ℝ → Fin Nc → ℝ)
  (hW : MolecularDynamics.textbookLangevinIntegralSolution U γ σ T x W q p)
  (hR : MolecularDynamics.textbookLangevinIntegralSolution U γ σ T x R qr pr)
  (htube : ∀ t ∈ Set.Icc 0 T, ‖W t - R t‖ ≤ ε) (t : ℝ) (ht : t ∈ Set.Icc 0 T) :
  dist (MolecularDynamics.textbookLangevinNoiseCompensated σ W q p t)
      (MolecularDynamics.textbookLangevinNoiseCompensated σ R qr pr t) ≤
    gronwallBound 0 (1 + ↑L + ‖γ‖) ((1 + ‖γ‖) * ‖σ‖ * ε) t
MolecularDynamics.textbookLangevinNoise_phase_dist_le {Nc : ℕ} (U : (Fin Nc → ℝ) → ℝ) (hU : ContDiff ℝ 2 U) (L : NNReal)
  (hF : LipschitzWith L (MolecularDynamics.textbookPotentialForce U)) (γ σ T ε : ℝ) (hT : 0 ≤ T) (hε : 0 ≤ ε)
  (x : MolecularDynamics.textbookLangevinPhase Nc) (W R q p qr pr : ℝ → Fin Nc → ℝ)
  (hW : MolecularDynamics.textbookLangevinIntegralSolution U γ σ T x W q p)
  (hR : MolecularDynamics.textbookLangevinIntegralSolution U γ σ T x R qr pr)
  (htube : ∀ t ∈ Set.Icc 0 T, ‖W t - R t‖ ≤ ε) (t : ℝ) (ht : t ∈ Set.Icc 0 T) :
  dist (q t, p t) (qr t, pr t) ≤ gronwallBound 0 (1 + ↑L + ‖γ‖) ((1 + ‖γ‖) * ‖σ‖ * ε) t + ‖σ‖ * ε
MolecularDynamics.textbookLangevinControlledEndpoint_stable_globalLip {Nc : ℕ} (U : (Fin Nc → ℝ) → ℝ)
  (hU : ContDiff ℝ (↑⊤) U) (L : NNReal) (hF : LipschitzWith L (MolecularDynamics.textbookPotentialForce U))
  (γ σ T δ : ℝ) (hσ : σ ≠ 0) (hT : 0 < T) (hδ : 0 < δ) (x y : MolecularDynamics.textbookLangevinPhase Nc) :
  ∃ ε > 0,
    ∀ (W q p : ℝ → Fin Nc → ℝ),
      MolecularDynamics.textbookLangevinIntegralSolution U γ σ T x W q p →
        (∀ t ∈ Set.Icc 0 T, ‖W t - MolecularDynamics.textbookLangevinControlPath U γ σ T x y t‖ ≤ ε) →
          dist (q T, p T) y < δ
MolecularDynamics.textbookLangevinSmoothCutoff {Nc : ℕ} (U : (Fin Nc → ℝ) → ℝ) (R : ℝ) (hR : 0 < R) (q : Fin Nc → ℝ) : ℝ
MolecularDynamics.textbookLangevinSmoothCutoff_contDiff {Nc : ℕ} (U : (Fin Nc → ℝ) → ℝ) (hU : ContDiff ℝ (↑⊤) U) (R : ℝ)
  (hR : 0 < R) : ContDiff ℝ (↑⊤) (MolecularDynamics.textbookLangevinSmoothCutoff U R hR)
MolecularDynamics.textbookLangevinSmoothCutoff_hasCompactSupport {Nc : ℕ} (U : (Fin Nc → ℝ) → ℝ) (R : ℝ) (hR : 0 < R) :
  HasCompactSupport (MolecularDynamics.textbookLangevinSmoothCutoff U R hR)
MolecularDynamics.textbookLangevinSmoothCutoff_eq {Nc : ℕ} (U : (Fin Nc → ℝ) → ℝ) (R : ℝ) (hR : 0 < R) (q : Fin Nc → ℝ)
  (hq : ‖q‖ ≤ R) : MolecularDynamics.textbookLangevinSmoothCutoff U R hR q = U q
MolecularDynamics.textbookLangevinSmoothCutoff_force_eq {Nc : ℕ} (U : (Fin Nc → ℝ) → ℝ) (R : ℝ) (hR : 0 < R)
  (q : Fin Nc → ℝ) (hq : ‖q‖ < R) :
  MolecularDynamics.textbookPotentialForce (MolecularDynamics.textbookLangevinSmoothCutoff U R hR) q =
    MolecularDynamics.textbookPotentialForce U q
MolecularDynamics.textbookPotentialForce_hasCompactSupport {Nc : ℕ} (U : (Fin Nc → ℝ) → ℝ) (hU : HasCompactSupport U) :
  HasCompactSupport (MolecularDynamics.textbookPotentialForce U)
MolecularDynamics.textbookLangevinSmoothCutoff_force_lipschitz {Nc : ℕ} (U : (Fin Nc → ℝ) → ℝ) (hU : ContDiff ℝ (↑⊤) U)
  (R : ℝ) (hR : 0 < R) :
  ∃ L,
    LipschitzWith L (MolecularDynamics.textbookPotentialForce (MolecularDynamics.textbookLangevinSmoothCutoff U R hR))
MolecularDynamics.textbookContinuous_firstExit {d : ℝ → ℝ} {T r : ℝ} (hd : ContinuousOn d (Set.Icc 0 T)) (h0 : d 0 < r)
  (hhit : ∃ t ∈ Set.Icc 0 T, r ≤ d t) : ∃ τ ∈ Set.Icc 0 T, d τ = r ∧ ∀ s ∈ Set.Icc 0 τ, d s ≤ r
MolecularDynamics.textbookLangevinIntegralSolution_changePotential {Nc : ℕ} (U V : (Fin Nc → ℝ) → ℝ) (γ σ T S : ℝ)
  (hST : S ≤ T) (x : MolecularDynamics.textbookLangevinPhase Nc) (W q p : ℝ → Fin Nc → ℝ)
  (h : MolecularDynamics.textbookLangevinIntegralSolution U γ σ T x W q p)
  (hF :
    ∀ s ∈ Set.Icc 0 S,
      MolecularDynamics.textbookPotentialForce V (q s) = MolecularDynamics.textbookPotentialForce U (q s)) :
  MolecularDynamics.textbookLangevinIntegralSolution V γ σ S x W q p
MolecularDynamics.textbookLangevinControlledEndpoint_stable {Nc : ℕ} (U : (Fin Nc → ℝ) → ℝ) (hU : ContDiff ℝ (↑⊤) U)
  (γ σ T δ : ℝ) (hσ : σ ≠ 0) (hT : 0 < T) (hδ : 0 < δ) (x y : MolecularDynamics.textbookLangevinPhase Nc) :
  ∃ ε > 0,
    ∀ (W q p : ℝ → Fin Nc → ℝ),
      MolecularDynamics.textbookLangevinIntegralSolution U γ σ T x W q p →
        (∀ t ∈ Set.Icc 0 T, ‖W t - MolecularDynamics.textbookLangevinControlPath U γ σ T x y t‖ ≤ ε) →
          dist (q T, p T) y < δ
MolecularDynamics.textbookBrownianBridge.{u_1} {Ω : Type u_1} (B : NNReal → Ω → ℝ) (T s : NNReal) (ω : Ω) : ℝ
MolecularDynamics.textbookBrownianBridge_terminal.{u_1} {Ω : Type u_1} (B : NNReal → Ω → ℝ) (T : NNReal) (hT : T ≠ 0)
  (ω : Ω) : MolecularDynamics.textbookBrownianBridge B T T ω = 0
MolecularDynamics.textbookBrownianBridge_jointGaussian.{u_1} {Ω : Type u_1} [MeasurableSpace Ω] (B : NNReal → Ω → ℝ)
  (P : MeasureTheory.Measure Ω) (hB : ProbabilityTheory.IsPreBrownianReal B P) (T : NNReal) :
  ProbabilityTheory.IsGaussianProcess
    (Sum.elim (fun s ω => MolecularDynamics.textbookBrownianBridge B T (↑s) ω) fun x ω => B T ω) P
MolecularDynamics.textbookBrownianBridge_covariance_terminal.{u_1} {Ω : Type u_1} [MeasurableSpace Ω]
  (B : NNReal → Ω → ℝ) (P : MeasureTheory.Measure Ω) (hB : ProbabilityTheory.IsPreBrownianReal B P) (T : NNReal)
  (hT : T ≠ 0) (s : ↑(Set.Iic T)) :
  ProbabilityTheory.covariance (MolecularDynamics.textbookBrownianBridge B T ↑s) (B T) P = 0
MolecularDynamics.textbookBrownianBridge_indep_terminal.{u_1} {Ω : Type u_1} [MeasurableSpace Ω] (B : NNReal → Ω → ℝ)
  (P : MeasureTheory.Measure Ω) (hB : ProbabilityTheory.IsPreBrownianReal B P) (T : NNReal) (hT : T ≠ 0) :
  ProbabilityTheory.IndepFun (fun ω s => MolecularDynamics.textbookBrownianBridge B T (↑s) ω) (B T) P
MolecularDynamics.textbookBrownianBridge_continuous.{u_1} {Ω : Type u_1} [MeasurableSpace Ω] (B : NNReal → Ω → ℝ)
  (P : MeasureTheory.Measure Ω) (hB : ProbabilityTheory.IsBrownianReal B P) (T : NNReal) :
  ∀ᵐ (ω : Ω) ∂P, Continuous fun s => MolecularDynamics.textbookBrownianBridge B T s ω
MolecularDynamics.textbookBrownian_endpoint_ball_pos.{u_1} {Ω : Type u_1} [MeasurableSpace Ω] (B : NNReal → Ω → ℝ)
  (P : MeasureTheory.Measure Ω) (hB : ProbabilityTheory.IsPreBrownianReal B P) (T : NNReal) (hT : T ≠ 0) (a ε : ℝ)
  (hε : 0 < ε) : 0 < P {ω | B T ω ∈ Metric.ball a ε}
MolecularDynamics.textbookBrownianBridgeSampleTube.{u_1} {Ω : Type u_1} (B : NNReal → Ω → ℝ) (T : NNReal)
  (u : ℕ → ↑(Set.Icc 0 1)) (ε : ℝ) : Set Ω
MolecularDynamics.textbookBrownianBridgeSampleTube_nullMeasurable.{u_1} {Ω : Type u_1} [MeasurableSpace Ω]
  (B : NNReal → Ω → ℝ) (P : MeasureTheory.Measure Ω) (hB : ProbabilityTheory.IsPreBrownianReal B P) (T : NNReal)
  (u : ℕ → ↑(Set.Icc 0 1)) (ε : ℝ) :
  MeasureTheory.NullMeasurableSet (MolecularDynamics.textbookBrownianBridgeSampleTube B T u ε) P
MolecularDynamics.textbookBrownianBridgeSampleTube_short_pos.{u_1} {Ω : Type u_1} [MeasurableSpace Ω]
  (B : NNReal → Ω → ℝ) (P : MeasureTheory.Measure Ω) (hB : ProbabilityTheory.IsBrownianReal B P)
  (u : ℕ → ↑(Set.Icc 0 1)) (ε : ℝ) (hε : 0 < ε) :
  ∃ η, 0 < η ∧ ∀ T ∈ Set.Ioc 0 η, 0 < P (MolecularDynamics.textbookBrownianBridgeSampleTube B T u ε)
MolecularDynamics.textbookBrownianBridgeSampleTube_exists_pos.{u_1} {Ω : Type u_1} [MeasurableSpace Ω]
  (B : NNReal → Ω → ℝ) (P : MeasureTheory.Measure Ω) (hB : ProbabilityTheory.IsBrownianReal B P)
  (u : ℕ → ↑(Set.Icc 0 1)) (ε : ℝ) (hε : 0 < ε) :
  ∃ T, 0 < T ∧ 0 < P (MolecularDynamics.textbookBrownianBridgeSampleTube B T u ε)
MolecularDynamics.textbookBrownianBridgeSampleTube_ae_full.{u_1} {Ω : Type u_1} [MeasurableSpace Ω] (B : NNReal → Ω → ℝ)
  (P : MeasureTheory.Measure Ω) (hB : ProbabilityTheory.IsBrownianReal B P) (T : NNReal) (hT : T ≠ 0)
  (u : ℕ → ↑(Set.Icc 0 1)) (hu : DenseRange u) (ε : ℝ) :
  ∀ᵐ (ω : Ω) ∂P,
    ω ∈ MolecularDynamics.textbookBrownianBridgeSampleTube B T u ε ↔
      ∀ s ∈ Set.Icc 0 T, |MolecularDynamics.textbookBrownianBridge B T s ω| ≤ ε
MolecularDynamics.textbookBrownianBridgeSampleTube_inter_ball.{u_1} {Ω : Type u_1} [MeasurableSpace Ω]
  (B : NNReal → Ω → ℝ) (P : MeasureTheory.Measure Ω) (hB : ProbabilityTheory.IsPreBrownianReal B P) (T : NNReal)
  (hT : T ≠ 0) (u : ℕ → ↑(Set.Icc 0 1)) (ε a δ : ℝ) :
  P (MolecularDynamics.textbookBrownianBridgeSampleTube B T u ε ∩ {ω | B T ω ∈ Metric.ball a δ}) =
    P (MolecularDynamics.textbookBrownianBridgeSampleTube B T u ε) * P {ω | B T ω ∈ Metric.ball a δ}
MolecularDynamics.textbookBrownianBridgeSampleTube_short_joint_pos.{u_1} {Ω : Type u_1} [MeasurableSpace Ω]
  (B : NNReal → Ω → ℝ) (P : MeasureTheory.Measure Ω) (hB : ProbabilityTheory.IsBrownianReal B P)
  (u : ℕ → ↑(Set.Icc 0 1)) (ε : ℝ) (hε : 0 < ε) :
  ∃ η,
    0 < η ∧
      ∀ T ∈ Set.Ioc 0 η,
        ∀ (a δ : ℝ),
          0 < δ → 0 < P (MolecularDynamics.textbookBrownianBridgeSampleTube B T u ε ∩ {ω | B T ω ∈ Metric.ball a δ})
MolecularDynamics.textbookWienerLinearTube.{u_1} {Ω : Type u_1} (B : NNReal → Ω → ℝ) (T : NNReal) (a ε : ℝ) : Set Ω
MolecularDynamics.textbookWienerLinearTube_nullMeasurable.{u_1} {Ω : Type u_1} [MeasurableSpace Ω] (B : NNReal → Ω → ℝ)
  (P : MeasureTheory.Measure Ω) (hB : ProbabilityTheory.IsBrownianReal B P) (T : NNReal) (hT : 0 < T) (a ε : ℝ) :
  MeasureTheory.NullMeasurableSet (MolecularDynamics.textbookWienerLinearTube B T a ε) P
MolecularDynamics.textbookWienerLinearTube_short_pos.{u_1} {Ω : Type u_1} [MeasurableSpace Ω] (B : NNReal → Ω → ℝ)
  (P : MeasureTheory.Measure Ω) (hB : ProbabilityTheory.IsBrownianReal B P) (ε : ℝ) (hε : 0 < ε) :
  ∃ η, 0 < η ∧ ∀ T ∈ Set.Ioc 0 η, ∀ (a : ℝ), 0 < P (MolecularDynamics.textbookWienerLinearTube B T a ε)
MolecularDynamics.textbookWienerSamples_finiteLaw.{u_1} {Ω : Type u_1} [MeasurableSpace Ω] (B : NNReal → Ω → ℝ)
  (P : MeasureTheory.Measure Ω) (hB : ProbabilityTheory.IsPreBrownianReal B P) (t : ℕ → NNReal) (I : Finset ℕ) :
  MeasureTheory.Measure.map (fun ω i => B (t ↑i) ω) P =
    MeasureTheory.Measure.map (fun z i => z ⟨t ↑i, ⋯⟩)
      (ProbabilityTheory.BrownianReal.projectiveFamily (Finset.image t I))
MolecularDynamics.textbookWienerSamples_law_eq.{u_1, u_2} {Ω : Type u_1} {Ω' : Type u_2} [MeasurableSpace Ω]
  [MeasurableSpace Ω'] (B : NNReal → Ω → ℝ) (P : MeasureTheory.Measure Ω) (hB : ProbabilityTheory.IsPreBrownianReal B P)
  (C : NNReal → Ω' → ℝ) (Q : MeasureTheory.Measure Ω') (hC : ProbabilityTheory.IsPreBrownianReal C Q) (t : ℕ → NNReal) :
  MeasureTheory.Measure.map (fun ω n => B (t n) ω) P = MeasureTheory.Measure.map (fun ω n => C (t n) ω) Q
MolecularDynamics.textbookWienerLinearTube_ae_samples.{u_1} {Ω : Type u_1} [MeasurableSpace Ω] (B : NNReal → Ω → ℝ)
  (P : MeasureTheory.Measure Ω) (hB : ProbabilityTheory.IsBrownianReal B P) (T : NNReal) (hT : 0 < T)
  (u : ℕ → ↑(Set.Icc 0 1)) (hu : DenseRange u) (a ε : ℝ) :
  {ω | ∀ (k : ℕ), |B (T * ↑(u k)) ω - ↑(T * ↑(u k)) / ↑T * a| ≤ ε} =ᵐ[P]
    MolecularDynamics.textbookWienerLinearTube B T a ε
MolecularDynamics.textbookWienerLinearTube_measure_eq.{u_1, u_2} {Ω : Type u_1} {Ω' : Type u_2} [MeasurableSpace Ω]
  [MeasurableSpace Ω'] (B : NNReal → Ω → ℝ) (P : MeasureTheory.Measure Ω) (hB : ProbabilityTheory.IsBrownianReal B P)
  (C : NNReal → Ω' → ℝ) (Q : MeasureTheory.Measure Ω') (hC : ProbabilityTheory.IsBrownianReal C Q) (T : NNReal)
  (hT : 0 < T) (a ε : ℝ) :
  P (MolecularDynamics.textbookWienerLinearTube B T a ε) = Q (MolecularDynamics.textbookWienerLinearTube C T a ε)
MolecularDynamics.textbookWienerLinearTube_shift_short_pos.{u_1} {Ω : Type u_1} [MeasurableSpace Ω] (B : NNReal → Ω → ℝ)
  (P : MeasureTheory.Measure Ω) (hB : ProbabilityTheory.IsBrownianReal B P) (ε : ℝ) (hε : 0 < ε) :
  ∃ η,
    0 < η ∧
      ∀ (s T : NNReal),
        T ∈ Set.Ioc 0 η →
          ∀ (a : ℝ), 0 < P (MolecularDynamics.textbookWienerLinearTube (fun t ω => B (s + t) ω - B s ω) T a ε)
MolecularDynamics.textbookWienerSegment.{u_1} {Ω : Type u_1} (B : NNReal → Ω → ℝ) (h : NNReal) (i : ℕ) (s : NNReal)
  (ω : Ω) : ℝ
MolecularDynamics.textbookWienerSegments_jointGaussian.{u_1} {Ω : Type u_1} [MeasurableSpace Ω] (B : NNReal → Ω → ℝ)
  (P : MeasureTheory.Measure Ω) (hB : ProbabilityTheory.IsPreBrownianReal B P) (h : NNReal) (K : ℕ) :
  ProbabilityTheory.IsGaussianProcess (fun z => MolecularDynamics.textbookWienerSegment B h ↑z.fst ↑z.snd) P
MolecularDynamics.textbookWienerSegments_independent.{u_1} {Ω : Type u_1} [MeasurableSpace Ω] (B : NNReal → Ω → ℝ)
  (P : MeasureTheory.Measure Ω) (hB : ProbabilityTheory.IsPreBrownianReal B P) (h : NNReal) (K : ℕ) :
  ProbabilityTheory.iIndepFun (fun i ω s => MolecularDynamics.textbookWienerSegment B h (↑i) (↑s) ω) P
MolecularDynamics.textbookBrownianBridgeJointTube_measure_eq.{u_1, u_2} {Ω : Type u_1} {Ω' : Type u_2}
  [MeasurableSpace Ω] [MeasurableSpace Ω'] (B : NNReal → Ω → ℝ) (P : MeasureTheory.Measure Ω)
  (hB : ProbabilityTheory.IsPreBrownianReal B P) (C : NNReal → Ω' → ℝ) (Q : MeasureTheory.Measure Ω')
  (hC : ProbabilityTheory.IsPreBrownianReal C Q) (T : NNReal) (u : ℕ → ↑(Set.Icc 0 1)) (ε a δ : ℝ) :
  P (MolecularDynamics.textbookBrownianBridgeSampleTube B T u ε ∩ {ω | B T ω ∈ Metric.ball a δ}) =
    Q (MolecularDynamics.textbookBrownianBridgeSampleTube C T u ε ∩ {ω | C T ω ∈ Metric.ball a δ})
MolecularDynamics.textbookBrownianBridgeJointTube_shift_short_pos.{u_1} {Ω : Type u_1} [MeasurableSpace Ω]
  (B : NNReal → Ω → ℝ) (P : MeasureTheory.Measure Ω) (hB : ProbabilityTheory.IsBrownianReal B P)
  (u : ℕ → ↑(Set.Icc 0 1)) (ε : ℝ) (hε : 0 < ε) :
  ∃ η,
    0 < η ∧
      ∀ (s T : NNReal),
        T ∈ Set.Ioc 0 η →
          ∀ (a δ : ℝ),
            0 < δ →
              0 <
                P
                  (MolecularDynamics.textbookBrownianBridgeSampleTube (fun t ω => B (s + t) ω - B s ω) T u ε ∩
                    {ω | B (s + T) ω - B s ω ∈ Metric.ball a δ})
MolecularDynamics.textbookWienerSegmentJointEvent.{u_1} {Ω : Type u_1} (B : NNReal → Ω → ℝ) (h : NNReal) (K : ℕ)
  (u : ℕ → ↑(Set.Icc 0 1)) (ε : ℝ) (a δ : Fin K → ℝ) : Set Ω
MolecularDynamics.textbookWienerSegmentJointEvent_nullMeasurable.{u_1} {Ω : Type u_1} [MeasurableSpace Ω]
  (B : NNReal → Ω → ℝ) (P : MeasureTheory.Measure Ω) (hB : ProbabilityTheory.IsPreBrownianReal B P) (h : NNReal) (K : ℕ)
  (u : ℕ → ↑(Set.Icc 0 1)) (ε : ℝ) (a δ : Fin K → ℝ) :
  MeasureTheory.NullMeasurableSet (MolecularDynamics.textbookWienerSegmentJointEvent B h K u ε a δ) P
MolecularDynamics.textbookWienerSegmentJointEvent_measure_prod.{u_1} {Ω : Type u_1} [MeasurableSpace Ω]
  (B : NNReal → Ω → ℝ) (P : MeasureTheory.Measure Ω) (hB : ProbabilityTheory.IsPreBrownianReal B P) (h : NNReal) (K : ℕ)
  (u : ℕ → ↑(Set.Icc 0 1)) (ε : ℝ) (a δ : Fin K → ℝ) :
  P (MolecularDynamics.textbookWienerSegmentJointEvent B h K u ε a δ) =
    ∏ i,
      P
        (MolecularDynamics.textbookBrownianBridgeSampleTube (MolecularDynamics.textbookWienerSegment B h ↑i) h u ε ∩
          {ω | MolecularDynamics.textbookWienerSegment B h (↑i) h ω ∈ Metric.ball (a i) (δ i)})
MolecularDynamics.textbookWienerSegmentJointEvent_short_pos.{u_1} {Ω : Type u_1} [MeasurableSpace Ω]
  (B : NNReal → Ω → ℝ) (P : MeasureTheory.Measure Ω) (hB : ProbabilityTheory.IsBrownianReal B P)
  (u : ℕ → ↑(Set.Icc 0 1)) (ε : ℝ) (hε : 0 < ε) :
  ∃ η,
    0 < η ∧
      ∀ h ∈ Set.Ioc 0 η,
        ∀ (K : ℕ) (a δ : Fin K → ℝ),
          (∀ (i : Fin K), 0 < δ i) → 0 < P (MolecularDynamics.textbookWienerSegmentJointEvent B h K u ε a δ)
MolecularDynamics.textbookWienerUniformGrid_cell (h : NNReal) (hh : 0 < h) (K : ℕ) (s : NNReal)
  (hs : s ≤ h * (↑K + 1)) : ∃ i, ∃ r ∈ Set.Icc 0 h, s = h * ↑↑i + r
MolecularDynamics.textbookWienerEndpointError_telescope.{u_1} {Ω : Type u_1} (B : NNReal → Ω → ℝ) (R : NNReal → ℝ)
  (h : NNReal) (j : ℕ) (ω : Ω) (hB0 : B 0 ω = 0) (hR0 : R 0 = 0) :
  B (h * ↑j) ω - R (h * ↑j) =
    ∑ k ∈ Finset.range j, (MolecularDynamics.textbookWienerSegment B h k h ω - (R (h * (↑k + 1)) - R (h * ↑k)))
MolecularDynamics.textbookWienerUniformGrid_exists (T η : NNReal) (hT : 0 < T) (hη : 0 < η) :
  ∃ K h, 0 < h ∧ h < η ∧ h * (↑K + 1) = T
MolecularDynamics.textbookWienerEndpointError_bound.{u_1} {Ω : Type u_1} (B : NNReal → Ω → ℝ) (R : NNReal → ℝ)
  (h : NNReal) (N j : ℕ) (ω : Ω) (δ : ℝ) (hδ : 0 ≤ δ) (hB0 : B 0 ω = 0) (hR0 : R 0 = 0) (hj : j ≤ N)
  (he : ∀ k < N, |MolecularDynamics.textbookWienerSegment B h k h ω - (R (h * (↑k + 1)) - R (h * ↑k))| ≤ δ) :
  |B (h * ↑j) ω - R (h * ↑j)| ≤ ↑N * δ
MolecularDynamics.textbookWienerGridTube_bound.{u_1} {Ω : Type u_1} (B : NNReal → Ω → ℝ) (R : NNReal → ℝ) (h : NNReal)
  (hh : 0 < h) (K : ℕ) (ω : Ω) (b δ α : ℝ) (hδ : 0 ≤ δ) (hB0 : B 0 ω = 0) (hR0 : R 0 = 0)
  (he :
    ∀ (i : Fin (K + 1)), |MolecularDynamics.textbookWienerSegment B h (↑i) h ω - (R (h * (↑↑i + 1)) - R (h * ↑↑i))| ≤ δ)
  (hb :
    ∀ (i : Fin (K + 1)),
      ∀ r ∈ Set.Icc 0 h,
        |MolecularDynamics.textbookBrownianBridge (MolecularDynamics.textbookWienerSegment B h ↑i) h r ω| ≤ b)
  (hR : ∀ (i : Fin (K + 1)), ∀ r ∈ Set.Icc 0 h, |R (h * ↑↑i + r) - R (h * ↑↑i)| ≤ α) (s : NNReal) :
  s ∈ Set.Icc 0 (h * (↑K + 1)) → |B s ω - R s| ≤ b + (↑K + 1) * δ + δ + 2 * α
MolecularDynamics.textbookWienerControlTube.{u_1} {Ω : Type u_1} (B : NNReal → Ω → ℝ) (T : NNReal) (R : NNReal → ℝ)
  (ε : ℝ) : Set Ω
MolecularDynamics.textbookWienerControlTube_ae_samples.{u_1} {Ω : Type u_1} [MeasurableSpace Ω] (B : NNReal → Ω → ℝ)
  (P : MeasureTheory.Measure Ω) (hB : ProbabilityTheory.IsBrownianReal B P) (T : NNReal) (hT : 0 < T) (R : NNReal → ℝ)
  (hR : ContinuousOn R (Set.Icc 0 T)) (u : ℕ → ↑(Set.Icc 0 1)) (hu : DenseRange u) (ε : ℝ) :
  {ω | ∀ (k : ℕ), |B (T * ↑(u k)) ω - R (T * ↑(u k))| ≤ ε} =ᵐ[P] MolecularDynamics.textbookWienerControlTube B T R ε
MolecularDynamics.textbookWienerControlTube_nullMeasurable.{u_1} {Ω : Type u_1} [MeasurableSpace Ω] (B : NNReal → Ω → ℝ)
  (P : MeasureTheory.Measure Ω) (hB : ProbabilityTheory.IsBrownianReal B P) (T : NNReal) (hT : 0 < T) (R : NNReal → ℝ)
  (hR : ContinuousOn R (Set.Icc 0 T)) (ε : ℝ) :
  MeasureTheory.NullMeasurableSet (MolecularDynamics.textbookWienerControlTube B T R ε) P
MolecularDynamics.textbookWienerControlTube_pos.{u_1} {Ω : Type u_1} [MeasurableSpace Ω] (B : NNReal → Ω → ℝ)
  (P : MeasureTheory.Measure Ω) (hB : ProbabilityTheory.IsBrownianReal B P) (T : NNReal) (hT : 0 < T) (R : NNReal → ℝ)
  (hR : ContinuousOn R (Set.Icc 0 T)) (hR0 : R 0 = 0) (ε : ℝ) (hε : 0 < ε) :
  0 < P (MolecularDynamics.textbookWienerControlTube B T R ε)
MolecularDynamics.textbookIsWienerVector.{u_1} {Nc : ℕ} {Ω : Type u_1} [MeasurableSpace Ω] (B : NNReal → Ω → Fin Nc → ℝ)
  (P : MeasureTheory.Measure Ω) : Prop
MolecularDynamics.textbookWienerVector_coordinate.{u_1} {Nc : ℕ} {Ω : Type u_1} [MeasurableSpace Ω]
  (B : NNReal → Ω → Fin Nc → ℝ) (P : MeasureTheory.Measure Ω) (hB : MolecularDynamics.textbookIsWienerVector B P)
  (i : Fin Nc) : ProbabilityTheory.IsBrownianReal (fun t ω => B t ω i) P
MolecularDynamics.textbookWienerVector_coordinates_independent.{u_1} {Nc : ℕ} {Ω : Type u_1} [MeasurableSpace Ω]
  (B : NNReal → Ω → Fin Nc → ℝ) (P : MeasureTheory.Measure Ω) (hB : MolecularDynamics.textbookIsWienerVector B P) :
  ProbabilityTheory.iIndepFun (fun i ω t => B t ω i) P
MolecularDynamics.textbookWienerVector_zero_ae.{u_1} {Nc : ℕ} {Ω : Type u_1} [MeasurableSpace Ω]
  (B : NNReal → Ω → Fin Nc → ℝ) (P : MeasureTheory.Measure Ω) (hB : MolecularDynamics.textbookIsWienerVector B P) :
  ∀ᵐ (ω : Ω) ∂P, B 0 ω = 0
MolecularDynamics.textbookWienerVectorControlTube.{u_1} {Nc : ℕ} {Ω : Type u_1} (B : NNReal → Ω → Fin Nc → ℝ)
  (T : NNReal) (R : NNReal → Fin Nc → ℝ) (ε : ℝ) : Set Ω
MolecularDynamics.textbookWienerVectorControlTube_eq_iInter.{u_1} {Nc : ℕ} {Ω : Type u_1} (B : NNReal → Ω → Fin Nc → ℝ)
  (T : NNReal) (R : NNReal → Fin Nc → ℝ) (ε : ℝ) (hε : 0 ≤ ε) :
  MolecularDynamics.textbookWienerVectorControlTube B T R ε =
    ⋂ i, MolecularDynamics.textbookWienerControlTube (fun t ω => B t ω i) T (fun t => R t i) ε
MolecularDynamics.textbookWienerVectorControlTube_nullMeasurable.{u_1} {Nc : ℕ} {Ω : Type u_1} [MeasurableSpace Ω]
  (B : NNReal → Ω → Fin Nc → ℝ) (P : MeasureTheory.Measure Ω) (hB : MolecularDynamics.textbookIsWienerVector B P)
  (T : NNReal) (hT : 0 < T) (R : NNReal → Fin Nc → ℝ) (hR : ContinuousOn R (Set.Icc 0 T)) (ε : ℝ) (hε : 0 ≤ ε) :
  MeasureTheory.NullMeasurableSet (MolecularDynamics.textbookWienerVectorControlTube B T R ε) P
MolecularDynamics.textbookWienerVectorControlTube_measure_prod.{u_1} {Nc : ℕ} {Ω : Type u_1} [MeasurableSpace Ω]
  (B : NNReal → Ω → Fin Nc → ℝ) (P : MeasureTheory.Measure Ω) (hB : MolecularDynamics.textbookIsWienerVector B P)
  (T : NNReal) (hT : 0 < T) (R : NNReal → Fin Nc → ℝ) (hR : ContinuousOn R (Set.Icc 0 T)) (ε : ℝ) (hε : 0 ≤ ε) :
  P (MolecularDynamics.textbookWienerVectorControlTube B T R ε) =
    ∏ i, P (MolecularDynamics.textbookWienerControlTube (fun t ω => B t ω i) T (fun t => R t i) ε)
MolecularDynamics.textbookWienerVectorControlTube_pos.{u_1} {Nc : ℕ} {Ω : Type u_1} [MeasurableSpace Ω]
  (B : NNReal → Ω → Fin Nc → ℝ) (P : MeasureTheory.Measure Ω) (hB : MolecularDynamics.textbookIsWienerVector B P)
  (T : NNReal) (hT : 0 < T) (R : NNReal → Fin Nc → ℝ) (hR : ContinuousOn R (Set.Icc 0 T)) (hR0 : R 0 = 0) (ε : ℝ)
  (hε : 0 < ε) : 0 < P (MolecularDynamics.textbookWienerVectorControlTube B T R ε)
MolecularDynamics.textbookWienerVectorRealControlTube.{u_1} {Nc : ℕ} {Ω : Type u_1} (B : NNReal → Ω → Fin Nc → ℝ)
  (T : ℝ) (R : ℝ → Fin Nc → ℝ) (ε : ℝ) : Set Ω
MolecularDynamics.textbookWienerVectorRealControlTube_eq.{u_1} {Nc : ℕ} {Ω : Type u_1} (B : NNReal → Ω → Fin Nc → ℝ)
  (T : ℝ) (hT : 0 ≤ T) (R : ℝ → Fin Nc → ℝ) (ε : ℝ) :
  MolecularDynamics.textbookWienerVectorRealControlTube B T R ε =
    MolecularDynamics.textbookWienerVectorControlTube B T.toNNReal (fun s => R ↑s) ε
MolecularDynamics.textbookWienerVectorRealControlTube_nullMeasurable.{u_1} {Nc : ℕ} {Ω : Type u_1} [MeasurableSpace Ω]
  (B : NNReal → Ω → Fin Nc → ℝ) (P : MeasureTheory.Measure Ω) (hB : MolecularDynamics.textbookIsWienerVector B P)
  (T : ℝ) (hT : 0 < T) (R : ℝ → Fin Nc → ℝ) (hR : Continuous R) (ε : ℝ) (hε : 0 ≤ ε) :
  MeasureTheory.NullMeasurableSet (MolecularDynamics.textbookWienerVectorRealControlTube B T R ε) P
MolecularDynamics.textbookWienerVectorRealControlTube_pos.{u_1} {Nc : ℕ} {Ω : Type u_1} [MeasurableSpace Ω]
  (B : NNReal → Ω → Fin Nc → ℝ) (P : MeasureTheory.Measure Ω) (hB : MolecularDynamics.textbookIsWienerVector B P)
  (T : ℝ) (hT : 0 < T) (R : ℝ → Fin Nc → ℝ) (hR : Continuous R) (hR0 : R 0 = 0) (ε : ℝ) (hε : 0 < ε) :
  0 < P (MolecularDynamics.textbookWienerVectorRealControlTube B T R ε)
MolecularDynamics.textbookLangevinEndpoint_ball_pos.{u_1} {Nc : ℕ} {Ω : Type u_1} [MeasurableSpace Ω]
  (B : NNReal → Ω → Fin Nc → ℝ) (P : MeasureTheory.Measure Ω) (hB : MolecularDynamics.textbookIsWienerVector B P)
  (U : (Fin Nc → ℝ) → ℝ) (hU : ContDiff ℝ (↑⊤) U) (γ σ T : ℝ) (hσ : σ ≠ 0) (hT : 0 < T)
  (x : MolecularDynamics.textbookLangevinPhase Nc) (q p : ℝ → Ω → Fin Nc → ℝ)
  (hSol :
    ∀ᵐ (sample : Ω) ∂P,
      MolecularDynamics.textbookLangevinIntegralSolution U γ σ T x (fun t => B t.toNNReal sample) (fun t => q t sample)
        fun t => p t sample)
  (hEnd : AEMeasurable (fun sample => (q T sample, p T sample)) P) (y : MolecularDynamics.textbookLangevinPhase Nc)
  (δ : ℝ) (hδ : 0 < δ) :
  MeasureTheory.NullMeasurableSet {sample | (q T sample, p T sample) ∈ Metric.ball y δ} P ∧
    0 < P {sample | (q T sample, p T sample) ∈ Metric.ball y δ}
MolecularDynamics.textbookLangevinEndpoint_open_pos.{u_1} {Nc : ℕ} {Ω : Type u_1} [MeasurableSpace Ω]
  (B : NNReal → Ω → Fin Nc → ℝ) (P : MeasureTheory.Measure Ω) (hB : MolecularDynamics.textbookIsWienerVector B P)
  (U : (Fin Nc → ℝ) → ℝ) (hU : ContDiff ℝ (↑⊤) U) (γ σ T : ℝ) (hσ : σ ≠ 0) (hT : 0 < T)
  (x : MolecularDynamics.textbookLangevinPhase Nc) (q p : ℝ → Ω → Fin Nc → ℝ)
  (hSol :
    ∀ᵐ (sample : Ω) ∂P,
      MolecularDynamics.textbookLangevinIntegralSolution U γ σ T x (fun t => B t.toNNReal sample) (fun t => q t sample)
        fun t => p t sample)
  (hEnd : AEMeasurable (fun sample => (q T sample, p T sample)) P)
  (C : Set (MolecularDynamics.textbookLangevinPhase Nc)) (hC : IsOpen C) (hCN : C.Nonempty) :
  MeasureTheory.NullMeasurableSet {sample | (q T sample, p T sample) ∈ C} P ∧
    0 < P {sample | (q T sample, p T sample) ∈ C}
MolecularDynamics.textbookLangevinEndpoint_physicalNoise_open_pos.{u_1} {Nc : ℕ} {Ω : Type u_1} [MeasurableSpace Ω]
  (B : NNReal → Ω → Fin Nc → ℝ) (P : MeasureTheory.Measure Ω) (hB : MolecularDynamics.textbookIsWienerVector B P)
  (U : (Fin Nc → ℝ) → ℝ) (hU : ContDiff ℝ (↑⊤) U) (γ β T : ℝ) (hγ : 0 < γ) (hβ : 0 < β) (hT : 0 < T)
  (x : MolecularDynamics.textbookLangevinPhase Nc) (q p : ℝ → Ω → Fin Nc → ℝ)
  (hSol :
    ∀ᵐ (sample : Ω) ∂P,
      MolecularDynamics.textbookLangevinIntegralSolution U γ (√(2 * γ * β⁻¹)) T x (fun t => B t.toNNReal sample)
        (fun t => q t sample) fun t => p t sample)
  (hEnd : AEMeasurable (fun sample => (q T sample, p T sample)) P)
  (C : Set (MolecularDynamics.textbookLangevinPhase Nc)) (hC : IsOpen C) (hCN : C.Nonempty) :
  MeasureTheory.NullMeasurableSet {sample | (q T sample, p T sample) ∈ C} P ∧
    0 < P {sample | (q T sample, p T sample) ∈ C}
MolecularDynamics.textbookLangevinPeriodicPhase (Nc : ℕ) : Type
MolecularDynamics.textbookLangevinPeriodicProjection {Nc : ℕ} (z : MolecularDynamics.textbookLangevinPhase Nc) :
  MolecularDynamics.textbookLangevinPeriodicPhase Nc
MolecularDynamics.textbookLangevinPeriodicProjection_continuous (Nc : ℕ) :
  Continuous MolecularDynamics.textbookLangevinPeriodicProjection
MolecularDynamics.textbookLangevinPeriodicProjection_surjective (Nc : ℕ) :
  Function.Surjective MolecularDynamics.textbookLangevinPeriodicProjection
MolecularDynamics.textbookLangevinPeriodicProjection_open_preimage {Nc : ℕ}
  (C : Set (MolecularDynamics.textbookLangevinPeriodicPhase Nc)) (hC : IsOpen C) (hCN : C.Nonempty) :
  IsOpen (MolecularDynamics.textbookLangevinPeriodicProjection ⁻¹' C) ∧
    (MolecularDynamics.textbookLangevinPeriodicProjection ⁻¹' C).Nonempty
MolecularDynamics.textbookLangevinProjectedEndpoint_open_pos.{u_1} {Nc : ℕ} {Ω : Type u_1} [MeasurableSpace Ω]
  (B : NNReal → Ω → Fin Nc → ℝ) (P : MeasureTheory.Measure Ω) (hB : MolecularDynamics.textbookIsWienerVector B P)
  (U : (Fin Nc → ℝ) → ℝ) (hU : ContDiff ℝ (↑⊤) U) (γ σ T : ℝ) (hσ : σ ≠ 0) (hT : 0 < T)
  (x : MolecularDynamics.textbookLangevinPhase Nc) (q p : ℝ → Ω → Fin Nc → ℝ)
  (hSol :
    ∀ᵐ (sample : Ω) ∂P,
      MolecularDynamics.textbookLangevinIntegralSolution U γ σ T x (fun t => B t.toNNReal sample) (fun t => q t sample)
        fun t => p t sample)
  (hEnd : AEMeasurable (fun sample => (q T sample, p T sample)) P)
  (C : Set (MolecularDynamics.textbookLangevinPeriodicPhase Nc)) (hC : IsOpen C) (hCN : C.Nonempty) :
  MeasureTheory.NullMeasurableSet
      {sample | MolecularDynamics.textbookLangevinPeriodicProjection (q T sample, p T sample) ∈ C} P ∧
    0 < P {sample | MolecularDynamics.textbookLangevinPeriodicProjection (q T sample, p T sample) ∈ C}
MolecularDynamics.textbookLangevinProjectedEndpoint_physicalNoise_open_pos.{u_1} {Nc : ℕ} {Ω : Type u_1}
  [MeasurableSpace Ω] (B : NNReal → Ω → Fin Nc → ℝ) (P : MeasureTheory.Measure Ω)
  (hB : MolecularDynamics.textbookIsWienerVector B P) (U : (Fin Nc → ℝ) → ℝ) (hU : ContDiff ℝ (↑⊤) U) (γ β T : ℝ)
  (hγ : 0 < γ) (hβ : 0 < β) (hT : 0 < T) (x : MolecularDynamics.textbookLangevinPhase Nc) (q p : ℝ → Ω → Fin Nc → ℝ)
  (hSol :
    ∀ᵐ (sample : Ω) ∂P,
      MolecularDynamics.textbookLangevinIntegralSolution U γ (√(2 * γ * β⁻¹)) T x (fun t => B t.toNNReal sample)
        (fun t => q t sample) fun t => p t sample)
  (hEnd : AEMeasurable (fun sample => (q T sample, p T sample)) P)
  (C : Set (MolecularDynamics.textbookLangevinPeriodicPhase Nc)) (hC : IsOpen C) (hCN : C.Nonempty) :
  MeasureTheory.NullMeasurableSet
      {sample | MolecularDynamics.textbookLangevinPeriodicProjection (q T sample, p T sample) ∈ C} P ∧
    0 < P {sample | MolecularDynamics.textbookLangevinPeriodicProjection (q T sample, p T sample) ∈ C}
MolecularDynamics.textbookUnitPeriodicPotential {Nc : ℕ} (U : (Fin Nc → ℝ) → ℝ) : Prop
MolecularDynamics.textbookUnitPeriodicPotential_fderiv {Nc : ℕ} (U : (Fin Nc → ℝ) → ℝ) (hU : ContDiff ℝ (↑⊤) U)
  (hP : MolecularDynamics.textbookUnitPeriodicPotential U) (q : Fin Nc → ℝ) (n : Fin Nc → ℤ) :
  fderiv ℝ U (q + fun i => ↑(n i)) = fderiv ℝ U q
MolecularDynamics.textbookUnitPeriodicPotential_force {Nc : ℕ} (U : (Fin Nc → ℝ) → ℝ) (hU : ContDiff ℝ (↑⊤) U)
  (hP : MolecularDynamics.textbookUnitPeriodicPotential U) (q : Fin Nc → ℝ) (n : Fin Nc → ℤ) :
  MolecularDynamics.textbookPotentialForce U (q + fun i => ↑(n i)) = MolecularDynamics.textbookPotentialForce U q
MolecularDynamics.textbookUnitPeriodicPotential_force_fderiv {Nc : ℕ} (U : (Fin Nc → ℝ) → ℝ) (hU : ContDiff ℝ (↑⊤) U)
  (hP : MolecularDynamics.textbookUnitPeriodicPotential U) (q : Fin Nc → ℝ) (n : Fin Nc → ℤ) :
  fderiv ℝ (MolecularDynamics.textbookPotentialForce U) (q + fun i => ↑(n i)) =
    fderiv ℝ (MolecularDynamics.textbookPotentialForce U) q
MolecularDynamics.textbookUnitPeriodicPotential_force_bound {Nc : ℕ} (U : (Fin Nc → ℝ) → ℝ) (hU : ContDiff ℝ (↑⊤) U)
  (hP : MolecularDynamics.textbookUnitPeriodicPotential U) :
  ∃ M, 0 ≤ M ∧ ∀ (q : Fin Nc → ℝ), ‖MolecularDynamics.textbookPotentialForce U q‖ ≤ M
MolecularDynamics.textbookUnitPeriodicPotential_force_derivative_bound {Nc : ℕ} (U : (Fin Nc → ℝ) → ℝ)
  (hU : ContDiff ℝ (↑⊤) U) (hP : MolecularDynamics.textbookUnitPeriodicPotential U) :
  ∃ M, 0 ≤ M ∧ ∀ (q : Fin Nc → ℝ), ‖fderiv ℝ (MolecularDynamics.textbookPotentialForce U) q‖ ≤ M
MolecularDynamics.textbookUnitPeriodicPotential_force_lipschitz {Nc : ℕ} (U : (Fin Nc → ℝ) → ℝ) (hU : ContDiff ℝ (↑⊤) U)
  (hP : MolecularDynamics.textbookUnitPeriodicPotential U) :
  ∃ L, LipschitzWith L (MolecularDynamics.textbookPotentialForce U)
MolecularDynamics.textbookLangevinPeriodicRepresentative {Nc : ℕ} (Q : UnitAddTorus (Fin Nc)) : Fin Nc → ℝ
MolecularDynamics.textbookLangevinPeriodicRepresentative_projects {Nc : ℕ} (Q : UnitAddTorus (Fin Nc)) :
  (fun i => ↑(MolecularDynamics.textbookLangevinPeriodicRepresentative Q i)) = Q
MolecularDynamics.textbookLangevinPeriodicForce {Nc : ℕ} (U : (Fin Nc → ℝ) → ℝ) (Q : UnitAddTorus (Fin Nc)) : Fin Nc → ℝ
MolecularDynamics.textbookLangevinPeriodicForce_lift {Nc : ℕ} (U : (Fin Nc → ℝ) → ℝ) (hU : ContDiff ℝ (↑⊤) U)
  (hP : MolecularDynamics.textbookUnitPeriodicPotential U) (q : Fin Nc → ℝ) :
  (MolecularDynamics.textbookLangevinPeriodicForce U fun i => ↑(q i)) = MolecularDynamics.textbookPotentialForce U q
MolecularDynamics.textbookLangevinPeriodicIntegralSolution {Nc : ℕ} (U : (Fin Nc → ℝ) → ℝ) (γ σ T : ℝ)
  (x : MolecularDynamics.textbookLangevinPeriodicPhase Nc) (W : ℝ → Fin Nc → ℝ) (q : ℝ → UnitAddTorus (Fin Nc))
  (p : ℝ → Fin Nc → ℝ) : Prop
MolecularDynamics.textbookLangevinPeriodicPositionLift {Nc : ℕ} (x : MolecularDynamics.textbookLangevinPeriodicPhase Nc)
  (p : ℝ → Fin Nc → ℝ) (t : ℝ) : Fin Nc → ℝ
MolecularDynamics.textbookLangevinPeriodicPositionLift_projects {Nc : ℕ} (U : (Fin Nc → ℝ) → ℝ) (γ σ T : ℝ)
  (x : MolecularDynamics.textbookLangevinPeriodicPhase Nc) (W : ℝ → Fin Nc → ℝ) (q : ℝ → UnitAddTorus (Fin Nc))
  (p : ℝ → Fin Nc → ℝ) (hSol : MolecularDynamics.textbookLangevinPeriodicIntegralSolution U γ σ T x W q p) (t : ℝ)
  (ht : t ∈ Set.Icc 0 T) : (fun i => ↑(MolecularDynamics.textbookLangevinPeriodicPositionLift x p t i)) = q t
MolecularDynamics.textbookLangevinPeriodicIntegralSolution_lift {Nc : ℕ} (U : (Fin Nc → ℝ) → ℝ) (hU : ContDiff ℝ (↑⊤) U)
  (hP : MolecularDynamics.textbookUnitPeriodicPotential U) (γ σ T : ℝ) (hT : 0 ≤ T)
  (x : MolecularDynamics.textbookLangevinPeriodicPhase Nc) (W : ℝ → Fin Nc → ℝ) (q : ℝ → UnitAddTorus (Fin Nc))
  (p : ℝ → Fin Nc → ℝ) (hSol : MolecularDynamics.textbookLangevinPeriodicIntegralSolution U γ σ T x W q p) :
  MolecularDynamics.textbookLangevinIntegralSolution U γ σ T
    (MolecularDynamics.textbookLangevinPeriodicRepresentative x.1, x.2) W
    (MolecularDynamics.textbookLangevinPeriodicPositionLift x p) p
MolecularDynamics.textbookLangevinPeriodicEndpoint_open_pos.{u_1} {Nc : ℕ} {Ω : Type u_1} [MeasurableSpace Ω]
  (B : NNReal → Ω → Fin Nc → ℝ) (P : MeasureTheory.Measure Ω) (hB : MolecularDynamics.textbookIsWienerVector B P)
  (U : (Fin Nc → ℝ) → ℝ) (hU : ContDiff ℝ (↑⊤) U) (hP : MolecularDynamics.textbookUnitPeriodicPotential U) (γ σ T : ℝ)
  (hσ : σ ≠ 0) (hT : 0 < T) (x : MolecularDynamics.textbookLangevinPeriodicPhase Nc) (q : ℝ → Ω → UnitAddTorus (Fin Nc))
  (p : ℝ → Ω → Fin Nc → ℝ)
  (hSol :
    ∀ᵐ (sample : Ω) ∂P,
      MolecularDynamics.textbookLangevinPeriodicIntegralSolution U γ σ T x (fun t => B t.toNNReal sample)
        (fun t => q t sample) fun t => p t sample)
  (hEnd : AEMeasurable (fun sample => (q T sample, p T sample)) P)
  (C : Set (MolecularDynamics.textbookLangevinPeriodicPhase Nc)) (hC : IsOpen C) (hCN : C.Nonempty) :
  MeasureTheory.NullMeasurableSet {sample | (q T sample, p T sample) ∈ C} P ∧
    0 < P {sample | (q T sample, p T sample) ∈ C}
MolecularDynamics.textbookLangevinPeriodicEndpoint_physicalNoise_open_pos.{u_1} {Nc : ℕ} {Ω : Type u_1}
  [MeasurableSpace Ω] (B : NNReal → Ω → Fin Nc → ℝ) (P : MeasureTheory.Measure Ω)
  (hB : MolecularDynamics.textbookIsWienerVector B P) (U : (Fin Nc → ℝ) → ℝ) (hU : ContDiff ℝ (↑⊤) U)
  (hP : MolecularDynamics.textbookUnitPeriodicPotential U) (γ β T : ℝ) (hγ : 0 < γ) (hβ : 0 < β) (hT : 0 < T)
  (x : MolecularDynamics.textbookLangevinPeriodicPhase Nc) (q : ℝ → Ω → UnitAddTorus (Fin Nc)) (p : ℝ → Ω → Fin Nc → ℝ)
  (hSol :
    ∀ᵐ (sample : Ω) ∂P,
      MolecularDynamics.textbookLangevinPeriodicIntegralSolution U γ (√(2 * γ * β⁻¹)) T x (fun t => B t.toNNReal sample)
        (fun t => q t sample) fun t => p t sample)
  (hEnd : AEMeasurable (fun sample => (q T sample, p T sample)) P)
  (C : Set (MolecularDynamics.textbookLangevinPeriodicPhase Nc)) (hC : IsOpen C) (hCN : C.Nonempty) :
  MeasureTheory.NullMeasurableSet {sample | (q T sample, p T sample) ∈ C} P ∧
    0 < P {sample | (q T sample, p T sample) ∈ C}
MolecularDynamics.textbookLangevinDrivenField_lipschitz {Nc : ℕ} (U : (Fin Nc → ℝ) → ℝ) (L : NNReal)
  (hF : LipschitzWith L (MolecularDynamics.textbookPotentialForce U)) (γ σ : ℝ) (W : ℝ → Fin Nc → ℝ) (t : ℝ) :
  LipschitzWith (1 + L + ‖γ‖₊) (MolecularDynamics.textbookLangevinDrivenField U γ σ W t)
MolecularDynamics.textbookLangevinDrivenField_exists {Nc : ℕ} (U : (Fin Nc → ℝ) → ℝ) (L : NNReal)
  (hF : LipschitzWith L (MolecularDynamics.textbookPotentialForce U)) (γ σ T : ℝ)
  (x : MolecularDynamics.textbookLangevinPhase Nc) (W : ℝ → Fin Nc → ℝ) (hW : Continuous W) :
  ∃ α, α 0 = x ∧ ∀ t ∈ Set.Icc 0 T, HasDerivAt α (MolecularDynamics.textbookLangevinDrivenField U γ σ W t (α t)) t
MolecularDynamics.textbookLangevinIntegralSolution_exists_globalLip {Nc : ℕ} (U : (Fin Nc → ℝ) → ℝ) (L : NNReal)
  (hF : LipschitzWith L (MolecularDynamics.textbookPotentialForce U)) (γ σ T : ℝ) (hT : 0 ≤ T)
  (x : MolecularDynamics.textbookLangevinPhase Nc) (W : ℝ → Fin Nc → ℝ) (hW : ContinuousOn W (Set.Icc 0 T))
  (hW0 : W 0 = 0) : ∃ q p, MolecularDynamics.textbookLangevinIntegralSolution U γ σ T x W q p
MolecularDynamics.textbookLangevinPeriodicIntegralSolution_exists {Nc : ℕ} (U : (Fin Nc → ℝ) → ℝ)
  (hU : ContDiff ℝ (↑⊤) U) (hP : MolecularDynamics.textbookUnitPeriodicPotential U) (γ σ T : ℝ) (hT : 0 ≤ T)
  (x : MolecularDynamics.textbookLangevinPeriodicPhase Nc) (W : ℝ → Fin Nc → ℝ) (hW : ContinuousOn W (Set.Icc 0 T))
  (hW0 : W 0 = 0) : ∃ q p, MolecularDynamics.textbookLangevinPeriodicIntegralSolution U γ σ T x W q p
MolecularDynamics.textbookLangevinPathNoise {Nc : ℕ} (T : ℝ) (hT : 0 ≤ T) (W : C(↑(Set.Icc 0 T), Fin Nc → ℝ)) (t : ℝ) :
  Fin Nc → ℝ
MolecularDynamics.textbookLangevinPathNoise_continuous {Nc : ℕ} (T : ℝ) (hT : 0 ≤ T)
  (W : C(↑(Set.Icc 0 T), Fin Nc → ℝ)) : Continuous (MolecularDynamics.textbookLangevinPathNoise T hT W)
MolecularDynamics.textbookLangevinPathNoise_zero {Nc : ℕ} (T : ℝ) (hT : 0 ≤ T) (W : C(↑(Set.Icc 0 T), Fin Nc → ℝ)) :
  MolecularDynamics.textbookLangevinPathNoise T hT W 0 = 0
MolecularDynamics.textbookLangevinPathSolution {Nc : ℕ} (U : (Fin Nc → ℝ) → ℝ) (L : NNReal)
  (hF : LipschitzWith L (MolecularDynamics.textbookPotentialForce U)) (γ σ T : ℝ) (hT : 0 ≤ T)
  (x : MolecularDynamics.textbookLangevinPhase Nc) (W : C(↑(Set.Icc 0 T), Fin Nc → ℝ)) :
  (ℝ → Fin Nc → ℝ) × (ℝ → Fin Nc → ℝ)
MolecularDynamics.textbookLangevinPathSolution_integralSolution {Nc : ℕ} (U : (Fin Nc → ℝ) → ℝ) (L : NNReal)
  (hF : LipschitzWith L (MolecularDynamics.textbookPotentialForce U)) (γ σ T : ℝ) (hT : 0 ≤ T)
  (x : MolecularDynamics.textbookLangevinPhase Nc) (W : C(↑(Set.Icc 0 T), Fin Nc → ℝ)) :
  MolecularDynamics.textbookLangevinIntegralSolution U γ σ T x (MolecularDynamics.textbookLangevinPathNoise T hT W)
    (MolecularDynamics.textbookLangevinPathSolution U L hF γ σ T hT x W).1
    (MolecularDynamics.textbookLangevinPathSolution U L hF γ σ T hT x W).2
MolecularDynamics.textbookLangevinPathEndpoint {Nc : ℕ} (U : (Fin Nc → ℝ) → ℝ) (L : NNReal)
  (hF : LipschitzWith L (MolecularDynamics.textbookPotentialForce U)) (γ σ T : ℝ) (hT : 0 ≤ T)
  (x : MolecularDynamics.textbookLangevinPhase Nc) (t : ℝ) (W : C(↑(Set.Icc 0 T), Fin Nc → ℝ)) :
  MolecularDynamics.textbookLangevinPhase Nc
MolecularDynamics.textbookLangevinPathEndpoint_lipschitz {Nc : ℕ} (U : (Fin Nc → ℝ) → ℝ) (hU : ContDiff ℝ 2 U)
  (L : NNReal) (hF : LipschitzWith L (MolecularDynamics.textbookPotentialForce U)) (γ σ T : ℝ) (hT : 0 ≤ T)
  (x : MolecularDynamics.textbookLangevinPhase Nc) (t : ℝ) (ht : t ∈ Set.Icc 0 T) :
  ∃ C, LipschitzWith C (MolecularDynamics.textbookLangevinPathEndpoint U L hF γ σ T hT x t)
MolecularDynamics.textbookLangevinPathEndpoint_continuous {Nc : ℕ} (U : (Fin Nc → ℝ) → ℝ) (hU : ContDiff ℝ 2 U)
  (L : NNReal) (hF : LipschitzWith L (MolecularDynamics.textbookPotentialForce U)) (γ σ T : ℝ) (hT : 0 ≤ T)
  (x : MolecularDynamics.textbookLangevinPhase Nc) (t : ℝ) (ht : t ∈ Set.Icc 0 T) :
  Continuous (MolecularDynamics.textbookLangevinPathEndpoint U L hF γ σ T hT x t)
MolecularDynamics.textbookLangevinIntegralSolution_unique_globalLip {Nc : ℕ} (U : (Fin Nc → ℝ) → ℝ)
  (hU : ContDiff ℝ 2 U) (L : NNReal) (hF : LipschitzWith L (MolecularDynamics.textbookPotentialForce U)) (γ σ T : ℝ)
  (hT : 0 ≤ T) (x : MolecularDynamics.textbookLangevinPhase Nc) (W q p qr pr : ℝ → Fin Nc → ℝ)
  (h : MolecularDynamics.textbookLangevinIntegralSolution U γ σ T x W q p)
  (hr : MolecularDynamics.textbookLangevinIntegralSolution U γ σ T x W qr pr) (t : ℝ) :
  t ∈ Set.Icc 0 T → (q t, p t) = (qr t, pr t)
MolecularDynamics.textbookWienerVectorContinuousPath.{u_1} {Nc : ℕ} {Ω : Type u_1} (B : NNReal → Ω → Fin Nc → ℝ) (T : ℝ)
  (sample : Ω) : C(↑(Set.Icc 0 T), Fin Nc → ℝ)
MolecularDynamics.textbookWienerVectorContinuousPath_eval.{u_1} {Nc : ℕ} {Ω : Type u_1} (B : NNReal → Ω → Fin Nc → ℝ)
  (T : ℝ) (sample : Ω) (hc : Continuous fun t => B t sample) (t : ↑(Set.Icc 0 T)) :
  (MolecularDynamics.textbookWienerVectorContinuousPath B T sample) t = B ⟨↑t, ⋯⟩ sample
MolecularDynamics.textbookWienerVectorContinuousPath_aemeasurable.{u_1} {Nc : ℕ} {Ω : Type u_1} [MeasurableSpace Ω]
  (B : NNReal → Ω → Fin Nc → ℝ) (P : MeasureTheory.Measure Ω) (hB : MolecularDynamics.textbookIsWienerVector B P)
  (T : ℝ) : AEMeasurable (MolecularDynamics.textbookWienerVectorContinuousPath B T) P
MolecularDynamics.textbookWienerVectorContinuousPath_noise_ae.{u_1} {Nc : ℕ} {Ω : Type u_1} [MeasurableSpace Ω]
  (B : NNReal → Ω → Fin Nc → ℝ) (P : MeasureTheory.Measure Ω) (hB : MolecularDynamics.textbookIsWienerVector B P)
  (T : ℝ) (hT : 0 ≤ T) :
  ∀ᵐ (sample : Ω) ∂P,
    ∀ t ∈ Set.Icc 0 T,
      MolecularDynamics.textbookLangevinPathNoise T hT (MolecularDynamics.textbookWienerVectorContinuousPath B T sample)
          t =
        B t.toNNReal sample
MolecularDynamics.textbookLangevinRandomSolution.{u_1} {Nc : ℕ} {Ω : Type u_1} (U : (Fin Nc → ℝ) → ℝ) (L : NNReal)
  (hF : LipschitzWith L (MolecularDynamics.textbookPotentialForce U)) (γ σ T : ℝ) (hT : 0 ≤ T)
  (x : MolecularDynamics.textbookLangevinPhase Nc) (B : NNReal → Ω → Fin Nc → ℝ) (sample : Ω) :
  (ℝ → Fin Nc → ℝ) × (ℝ → Fin Nc → ℝ)
MolecularDynamics.textbookLangevinRandomSolution_integralSolution_ae.{u_1} {Nc : ℕ} {Ω : Type u_1} [MeasurableSpace Ω]
  (B : NNReal → Ω → Fin Nc → ℝ) (P : MeasureTheory.Measure Ω) (hB : MolecularDynamics.textbookIsWienerVector B P)
  (U : (Fin Nc → ℝ) → ℝ) (L : NNReal) (hF : LipschitzWith L (MolecularDynamics.textbookPotentialForce U)) (γ σ T : ℝ)
  (hT : 0 ≤ T) (x : MolecularDynamics.textbookLangevinPhase Nc) :
  ∀ᵐ (sample : Ω) ∂P,
    MolecularDynamics.textbookLangevinIntegralSolution U γ σ T x (fun t => B t.toNNReal sample)
      (MolecularDynamics.textbookLangevinRandomSolution U L hF γ σ T hT x B sample).1
      (MolecularDynamics.textbookLangevinRandomSolution U L hF γ σ T hT x B sample).2
MolecularDynamics.textbookLangevinRandomSolution_endpoint_aemeasurable.{u_1} {Nc : ℕ} {Ω : Type u_1} [MeasurableSpace Ω]
  (B : NNReal → Ω → Fin Nc → ℝ) (P : MeasureTheory.Measure Ω) (hB : MolecularDynamics.textbookIsWienerVector B P)
  (U : (Fin Nc → ℝ) → ℝ) (hU : ContDiff ℝ 2 U) (L : NNReal)
  (hF : LipschitzWith L (MolecularDynamics.textbookPotentialForce U)) (γ σ T : ℝ) (hT : 0 ≤ T)
  (x : MolecularDynamics.textbookLangevinPhase Nc) (t : ℝ) (ht : t ∈ Set.Icc 0 T) :
  AEMeasurable
    (fun sample =>
      ((MolecularDynamics.textbookLangevinRandomSolution U L hF γ σ T hT x B sample).1 t,
        (MolecularDynamics.textbookLangevinRandomSolution U L hF γ σ T hT x B sample).2 t))
    P
MolecularDynamics.textbookLangevinRandomSolution_open_pos.{u_1} {Nc : ℕ} {Ω : Type u_1} [MeasurableSpace Ω]
  (B : NNReal → Ω → Fin Nc → ℝ) (P : MeasureTheory.Measure Ω) (hB : MolecularDynamics.textbookIsWienerVector B P)
  (U : (Fin Nc → ℝ) → ℝ) (hU : ContDiff ℝ (↑⊤) U) (L : NNReal)
  (hF : LipschitzWith L (MolecularDynamics.textbookPotentialForce U)) (γ σ T : ℝ) (hσ : σ ≠ 0) (hT : 0 < T)
  (x : MolecularDynamics.textbookLangevinPhase Nc) (C : Set (MolecularDynamics.textbookLangevinPhase Nc))
  (hC : IsOpen C) (hCN : C.Nonempty) :
  MeasureTheory.NullMeasurableSet
      {sample |
        ((MolecularDynamics.textbookLangevinRandomSolution U L hF γ σ T ⋯ x B sample).1 T,
            (MolecularDynamics.textbookLangevinRandomSolution U L hF γ σ T ⋯ x B sample).2 T) ∈
          C}
      P ∧
    0 <
      P
        {sample |
          ((MolecularDynamics.textbookLangevinRandomSolution U L hF γ σ T ⋯ x B sample).1 T,
              (MolecularDynamics.textbookLangevinRandomSolution U L hF γ σ T ⋯ x B sample).2 T) ∈
            C}
MolecularDynamics.textbookLangevinPeriodicRandomSolution_exists.{u_1} {Nc : ℕ} {Ω : Type u_1} [MeasurableSpace Ω]
  (B : NNReal → Ω → Fin Nc → ℝ) (P : MeasureTheory.Measure Ω) (hB : MolecularDynamics.textbookIsWienerVector B P)
  (U : (Fin Nc → ℝ) → ℝ) (hU : ContDiff ℝ (↑⊤) U) (hP : MolecularDynamics.textbookUnitPeriodicPotential U) (γ σ T : ℝ)
  (hT : 0 ≤ T) (x : MolecularDynamics.textbookLangevinPeriodicPhase Nc) :
  ∃ q p,
    (∀ᵐ (sample : Ω) ∂P,
        MolecularDynamics.textbookLangevinPeriodicIntegralSolution U γ σ T x (fun t => B t.toNNReal sample)
          (fun t => q t sample) fun t => p t sample) ∧
      ∀ t ∈ Set.Icc 0 T, AEMeasurable (fun sample => (q t sample, p t sample)) P
MolecularDynamics.textbookLangevinPeriodicRandomSolution_exists_open_pos.{u_1} {Nc : ℕ} {Ω : Type u_1}
  [MeasurableSpace Ω] (B : NNReal → Ω → Fin Nc → ℝ) (P : MeasureTheory.Measure Ω)
  (hB : MolecularDynamics.textbookIsWienerVector B P) (U : (Fin Nc → ℝ) → ℝ) (hU : ContDiff ℝ (↑⊤) U)
  (hP : MolecularDynamics.textbookUnitPeriodicPotential U) (γ σ T : ℝ) (hσ : σ ≠ 0) (hT : 0 < T)
  (x : MolecularDynamics.textbookLangevinPeriodicPhase Nc) :
  ∃ q p,
    (∀ᵐ (sample : Ω) ∂P,
        MolecularDynamics.textbookLangevinPeriodicIntegralSolution U γ σ T x (fun t => B t.toNNReal sample)
          (fun t => q t sample) fun t => p t sample) ∧
      (∀ t ∈ Set.Icc 0 T, AEMeasurable (fun sample => (q t sample, p t sample)) P) ∧
        ∀ (C : Set (MolecularDynamics.textbookLangevinPeriodicPhase Nc)),
          IsOpen C →
            C.Nonempty →
              MeasureTheory.NullMeasurableSet {sample | (q T sample, p T sample) ∈ C} P ∧
                0 < P {sample | (q T sample, p T sample) ∈ C}
MolecularDynamics.textbookLangevinPeriodicRandomSolution_physicalNoise_exists_open_pos.{u_1} {Nc : ℕ} {Ω : Type u_1}
  [MeasurableSpace Ω] (B : NNReal → Ω → Fin Nc → ℝ) (P : MeasureTheory.Measure Ω)
  (hB : MolecularDynamics.textbookIsWienerVector B P) (U : (Fin Nc → ℝ) → ℝ) (hU : ContDiff ℝ (↑⊤) U)
  (hP : MolecularDynamics.textbookUnitPeriodicPotential U) (γ β T : ℝ) (hγ : 0 < γ) (hβ : 0 < β) (hT : 0 < T)
  (x : MolecularDynamics.textbookLangevinPeriodicPhase Nc) :
  ∃ q p,
    (∀ᵐ (sample : Ω) ∂P,
        MolecularDynamics.textbookLangevinPeriodicIntegralSolution U γ (√(2 * γ * β⁻¹)) T x
          (fun t => B t.toNNReal sample) (fun t => q t sample) fun t => p t sample) ∧
      (∀ t ∈ Set.Icc 0 T, AEMeasurable (fun sample => (q t sample, p t sample)) P) ∧
        ∀ (C : Set (MolecularDynamics.textbookLangevinPeriodicPhase Nc)),
          IsOpen C →
            C.Nonempty →
              MeasureTheory.NullMeasurableSet {sample | (q T sample, p T sample) ∈ C} P ∧
                0 < P {sample | (q T sample, p T sample) ∈ C}
MolecularDynamics.textbookLangevinIntegralSolution_periodicProjection {Nc : ℕ} (U : (Fin Nc → ℝ) → ℝ)
  (hU : ContDiff ℝ (↑⊤) U) (hP : MolecularDynamics.textbookUnitPeriodicPotential U) (γ σ T : ℝ)
  (x : MolecularDynamics.textbookLangevinPeriodicPhase Nc) (W q p : ℝ → Fin Nc → ℝ)
  (hs :
    MolecularDynamics.textbookLangevinIntegralSolution U γ σ T
      (MolecularDynamics.textbookLangevinPeriodicRepresentative x.1, x.2) W q p) :
  MolecularDynamics.textbookLangevinPeriodicIntegralSolution U γ σ T x W (fun t i => ↑(q t i)) p
MolecularDynamics.textbookLangevinIntegralSolution_restrict {Nc : ℕ} (U : (Fin Nc → ℝ) → ℝ) (γ σ A T : ℝ) (hTA : T ≤ A)
  (x : MolecularDynamics.textbookLangevinPhase Nc) (W q p : ℝ → Fin Nc → ℝ)
  (h : MolecularDynamics.textbookLangevinIntegralSolution U γ σ A x W q p) :
  MolecularDynamics.textbookLangevinIntegralSolution U γ σ T x W q p
MolecularDynamics.textbookLangevinGlobalRandomPhase.{u_1} {Nc : ℕ} {Ω : Type u_1} (U : (Fin Nc → ℝ) → ℝ) (L : NNReal)
  (hF : LipschitzWith L (MolecularDynamics.textbookPotentialForce U)) (γ σ : ℝ)
  (x : MolecularDynamics.textbookLangevinPhase Nc) (B : NNReal → Ω → Fin Nc → ℝ) (t : ℝ) (sample : Ω) :
  MolecularDynamics.textbookLangevinPhase Nc
MolecularDynamics.textbookLangevinGlobalRandomPhase_integralSolution_ae.{u_1} {Nc : ℕ} {Ω : Type u_1}
  [MeasurableSpace Ω] (B : NNReal → Ω → Fin Nc → ℝ) (P : MeasureTheory.Measure Ω)
  (hB : MolecularDynamics.textbookIsWienerVector B P) (U : (Fin Nc → ℝ) → ℝ) (hU : ContDiff ℝ 2 U) (L : NNReal)
  (hF : LipschitzWith L (MolecularDynamics.textbookPotentialForce U)) (γ σ : ℝ)
  (x : MolecularDynamics.textbookLangevinPhase Nc) :
  ∀ᵐ (sample : Ω) ∂P,
    ∀ (T : ℝ),
      0 ≤ T →
        MolecularDynamics.textbookLangevinIntegralSolution U γ σ T x (fun t => B t.toNNReal sample)
          (fun t => (MolecularDynamics.textbookLangevinGlobalRandomPhase U L hF γ σ x B t sample).1) fun t =>
          (MolecularDynamics.textbookLangevinGlobalRandomPhase U L hF γ σ x B t sample).2
MolecularDynamics.textbookLangevinGlobalRandomPhase_endpoint_aemeasurable.{u_1} {Nc : ℕ} {Ω : Type u_1}
  [MeasurableSpace Ω] (B : NNReal → Ω → Fin Nc → ℝ) (P : MeasureTheory.Measure Ω)
  (hB : MolecularDynamics.textbookIsWienerVector B P) (U : (Fin Nc → ℝ) → ℝ) (hU : ContDiff ℝ 2 U) (L : NNReal)
  (hF : LipschitzWith L (MolecularDynamics.textbookPotentialForce U)) (γ σ : ℝ)
  (x : MolecularDynamics.textbookLangevinPhase Nc) (t : ℝ) (ht : 0 ≤ t) :
  AEMeasurable (MolecularDynamics.textbookLangevinGlobalRandomPhase U L hF γ σ x B t) P
MolecularDynamics.textbookLangevinGlobalRandomPhase_continuousOn_ae.{u_1} {Nc : ℕ} {Ω : Type u_1} [MeasurableSpace Ω]
  (B : NNReal → Ω → Fin Nc → ℝ) (P : MeasureTheory.Measure Ω) (hB : MolecularDynamics.textbookIsWienerVector B P)
  (U : (Fin Nc → ℝ) → ℝ) (hU : ContDiff ℝ 2 U) (L : NNReal)
  (hF : LipschitzWith L (MolecularDynamics.textbookPotentialForce U)) (γ σ : ℝ)
  (x : MolecularDynamics.textbookLangevinPhase Nc) :
  ∀ᵐ (sample : Ω) ∂P,
    ContinuousOn (fun t => MolecularDynamics.textbookLangevinGlobalRandomPhase U L hF γ σ x B t sample) (Set.Ici 0)
MolecularDynamics.textbookLangevinPeriodicGlobalRandomSolution_exists_open_pos.{u_1} {Nc : ℕ} {Ω : Type u_1}
  [MeasurableSpace Ω] (B : NNReal → Ω → Fin Nc → ℝ) (P : MeasureTheory.Measure Ω)
  (hB : MolecularDynamics.textbookIsWienerVector B P) (U : (Fin Nc → ℝ) → ℝ) (hU : ContDiff ℝ (↑⊤) U)
  (hP : MolecularDynamics.textbookUnitPeriodicPotential U) (γ σ : ℝ) (hσ : σ ≠ 0)
  (x : MolecularDynamics.textbookLangevinPeriodicPhase Nc) :
  ∃ q p,
    (∀ᵐ (sample : Ω) ∂P,
        ∀ (T : ℝ),
          0 ≤ T →
            MolecularDynamics.textbookLangevinPeriodicIntegralSolution U γ σ T x (fun t => B t.toNNReal sample)
              (fun t => q t sample) fun t => p t sample) ∧
      (∀ (t : ℝ), 0 ≤ t → AEMeasurable (fun sample => (q t sample, p t sample)) P) ∧
        ∀ (T : ℝ),
          0 < T →
            ∀ (C : Set (MolecularDynamics.textbookLangevinPeriodicPhase Nc)),
              IsOpen C →
                C.Nonempty →
                  MeasureTheory.NullMeasurableSet {sample | (q T sample, p T sample) ∈ C} P ∧
                    0 < P {sample | (q T sample, p T sample) ∈ C}
MolecularDynamics.textbookLangevinPeriodicGlobalRandomSolution_physicalNoise_exists_open_pos.{u_1} {Nc : ℕ}
  {Ω : Type u_1} [MeasurableSpace Ω] (B : NNReal → Ω → Fin Nc → ℝ) (P : MeasureTheory.Measure Ω)
  (hB : MolecularDynamics.textbookIsWienerVector B P) (U : (Fin Nc → ℝ) → ℝ) (hU : ContDiff ℝ (↑⊤) U)
  (hP : MolecularDynamics.textbookUnitPeriodicPotential U) (γ β : ℝ) (hγ : 0 < γ) (hβ : 0 < β)
  (x : MolecularDynamics.textbookLangevinPeriodicPhase Nc) :
  ∃ q p,
    (∀ᵐ (sample : Ω) ∂P,
        ∀ (T : ℝ),
          0 ≤ T →
            MolecularDynamics.textbookLangevinPeriodicIntegralSolution U γ (√(2 * γ * β⁻¹)) T x
              (fun t => B t.toNNReal sample) (fun t => q t sample) fun t => p t sample) ∧
      (∀ (t : ℝ), 0 ≤ t → AEMeasurable (fun sample => (q t sample, p t sample)) P) ∧
        ∀ (T : ℝ),
          0 < T →
            ∀ (C : Set (MolecularDynamics.textbookLangevinPeriodicPhase Nc)),
              IsOpen C →
                C.Nonempty →
                  MeasureTheory.NullMeasurableSet {sample | (q T sample, p T sample) ∈ C} P ∧
                    0 < P {sample | (q T sample, p T sample) ∈ C}
MolecularDynamics.textbookUnitPeriodicPotential_bound {Nc : ℕ} (U : (Fin Nc → ℝ) → ℝ) (hU : Continuous U)
  (hP : MolecularDynamics.textbookUnitPeriodicPotential U) : ∃ M, 0 ≤ M ∧ ∀ (q : Fin Nc → ℝ), ‖U q‖ ≤ M
MolecularDynamics.textbookLangevinHamiltonian {Nc : ℕ} (U : (Fin Nc → ℝ) → ℝ)
  (z : MolecularDynamics.textbookLangevinPhase Nc) : ℝ
MolecularDynamics.textbookLangevinHamiltonianPower {Nc : ℕ} (U : (Fin Nc → ℝ) → ℝ) (l : ℕ)
  (z : MolecularDynamics.textbookLangevinPhase Nc) : ℝ
MolecularDynamics.textbookLangevinDifferentialOperator {Nc : ℕ} (U : (Fin Nc → ℝ) → ℝ) (γ σ : ℝ)
  (f : MolecularDynamics.textbookLangevinPhase Nc → ℝ) (z : MolecularDynamics.textbookLangevinPhase Nc) : ℝ
MolecularDynamics.textbookLangevinLyapunov_printed_laplacian_bound_counterexample :
  deriv (deriv fun p => (p ^ 2 / 2 + 2) ^ 2) 4 = 52 ∧
    ¬deriv (deriv fun p => (p ^ 2 / 2 + 2) ^ 2) 4 ≤ 2 * (2 + 1 - 1) * (4 ^ 2 / 2 + 2) ^ (2 - 1)
MolecularDynamics.textbookLangevinHamiltonian_momentum_shift {Nc : ℕ} (U : (Fin Nc → ℝ) → ℝ)
  (z : MolecularDynamics.textbookLangevinPhase Nc) (j : Fin Nc) (t : ℝ) :
  MolecularDynamics.textbookLangevinHamiltonian U (z + t • (0, Pi.single j 1)) =
    MolecularDynamics.textbookLangevinHamiltonian U z + z.2 j * t + t ^ 2 / 2
MolecularDynamics.textbookLangevinHamiltonian_lower {Nc : ℕ} (U : (Fin Nc → ℝ) → ℝ) (hU : ∀ (q : Fin Nc → ℝ), 1 ≤ U q)
  (z : MolecularDynamics.textbookLangevinPhase Nc) : 1 ≤ MolecularDynamics.textbookLangevinHamiltonian U z
MolecularDynamics.textbookLangevinHamiltonianPower_pos {Nc : ℕ} (U : (Fin Nc → ℝ) → ℝ)
  (hU : ∀ (q : Fin Nc → ℝ), 1 ≤ U q) (l : ℕ) (z : MolecularDynamics.textbookLangevinPhase Nc) :
  0 < MolecularDynamics.textbookLangevinHamiltonianPower U l z
MolecularDynamics.textbookLangevinHamiltonianPower_momentum_second {Nc : ℕ} (U : (Fin Nc → ℝ) → ℝ) (l : ℕ) (hl : 1 ≤ l)
  (z : MolecularDynamics.textbookLangevinPhase Nc) (i : Fin Nc) :
  deriv (deriv fun t => MolecularDynamics.textbookLangevinHamiltonianPower U l (z + t • (0, Pi.single i 1))) 0 =
    ↑l * (↑l - 1) * MolecularDynamics.textbookLangevinHamiltonian U z ^ (l - 2) * z.2 i ^ 2 +
      ↑l * MolecularDynamics.textbookLangevinHamiltonian U z ^ (l - 1)
MolecularDynamics.textbookLangevinHamiltonianPower_momentum_laplacian {Nc : ℕ} (U : (Fin Nc → ℝ) → ℝ) (l : ℕ)
  (hl : 1 ≤ l) (z : MolecularDynamics.textbookLangevinPhase Nc) :
  ∑ i, deriv (deriv fun t => MolecularDynamics.textbookLangevinHamiltonianPower U l (z + t • (0, Pi.single i 1))) 0 =
    ↑l * (↑l - 1) * MolecularDynamics.textbookLangevinHamiltonian U z ^ (l - 2) * ∑ i, z.2 i ^ 2 +
      ↑Nc * ↑l * MolecularDynamics.textbookLangevinHamiltonian U z ^ (l - 1)
MolecularDynamics.textbookLangevinHamiltonianPower_momentum_laplacian_bound {Nc : ℕ} (U : (Fin Nc → ℝ) → ℝ)
  (hU : ∀ (q : Fin Nc → ℝ), 1 ≤ U q) (l : ℕ) (hl : 1 ≤ l) (z : MolecularDynamics.textbookLangevinPhase Nc) :
  ∑ i, deriv (deriv fun t => MolecularDynamics.textbookLangevinHamiltonianPower U l (z + t • (0, Pi.single i 1))) 0 ≤
    (2 * ↑l * (↑l - 1) + ↑Nc * ↑l) * MolecularDynamics.textbookLangevinHamiltonian U z ^ (l - 1)
MolecularDynamics.textbookLangevinHamiltonian_drift_hasDerivAt {Nc : ℕ} (U : (Fin Nc → ℝ) → ℝ) (hU : Differentiable ℝ U)
  (γ : ℝ) (z : MolecularDynamics.textbookLangevinPhase Nc) :
  HasDerivAt
    (fun t => MolecularDynamics.textbookLangevinHamiltonian U (z + t • MolecularDynamics.textbookLangevinDrift U γ z))
    (-γ * ∑ i, z.2 i ^ 2) 0
MolecularDynamics.textbookLangevinHamiltonianPower_drift_hasDerivAt {Nc : ℕ} (U : (Fin Nc → ℝ) → ℝ)
  (hU : Differentiable ℝ U) (γ : ℝ) (l : ℕ) (z : MolecularDynamics.textbookLangevinPhase Nc) :
  HasDerivAt
    (fun t =>
      MolecularDynamics.textbookLangevinHamiltonianPower U l (z + t • MolecularDynamics.textbookLangevinDrift U γ z))
    (-γ * ↑l * MolecularDynamics.textbookLangevinHamiltonian U z ^ (l - 1) * ∑ i, z.2 i ^ 2) 0
MolecularDynamics.textbookLangevinHamiltonianPower_differentialOperator {Nc : ℕ} (U : (Fin Nc → ℝ) → ℝ)
  (hU : Differentiable ℝ U) (γ σ : ℝ) (l : ℕ) (hl : 1 ≤ l) (z : MolecularDynamics.textbookLangevinPhase Nc) :
  MolecularDynamics.textbookLangevinDifferentialOperator U γ σ (MolecularDynamics.textbookLangevinHamiltonianPower U l)
      z =
    -γ * ↑l * MolecularDynamics.textbookLangevinHamiltonian U z ^ (l - 1) * ∑ i, z.2 i ^ 2 +
      σ ^ 2 / 2 *
        (↑l * (↑l - 1) * MolecularDynamics.textbookLangevinHamiltonian U z ^ (l - 2) * ∑ i, z.2 i ^ 2 +
          ↑Nc * ↑l * MolecularDynamics.textbookLangevinHamiltonian U z ^ (l - 1))
MolecularDynamics.textbookLangevinHamiltonianPower_periodic_lyapunov {Nc : ℕ} (U : (Fin Nc → ℝ) → ℝ)
  (hU : ContDiff ℝ (↑⊤) U) (hP : MolecularDynamics.textbookUnitPeriodicPotential U) (hL : ∀ (q : Fin Nc → ℝ), 1 ≤ U q)
  (γ σ : ℝ) (hγ : 0 < γ) (l : ℕ) (hl : 1 ≤ l) :
  ∃ δ,
    0 < δ ∧
      ∀ (z : MolecularDynamics.textbookLangevinPhase Nc),
        MolecularDynamics.textbookLangevinDifferentialOperator U γ σ
            (MolecularDynamics.textbookLangevinHamiltonianPower U l) z ≤
          -(γ * ↑l) * MolecularDynamics.textbookLangevinHamiltonianPower U l z + δ
MolecularDynamics.textbookLangevinHamiltonianPower_contDiff {Nc : ℕ} (U : (Fin Nc → ℝ) → ℝ) (hU : ContDiff ℝ (↑⊤) U)
  (l : ℕ) : ContDiff ℝ (↑⊤) (MolecularDynamics.textbookLangevinHamiltonianPower U l)
MolecularDynamics.textbookLangevinHamiltonianPower_momentum_coercive {Nc : ℕ} (U : (Fin Nc → ℝ) → ℝ)
  (hL : ∀ (q : Fin Nc → ℝ), 1 ≤ U q) (l : ℕ) (hl : 1 ≤ l) (z : MolecularDynamics.textbookLangevinPhase Nc) :
  ‖z.2‖ ^ 2 ≤ 2 * MolecularDynamics.textbookLangevinHamiltonianPower U l z
MolecularDynamics.textbookLangevinPeriodicProjection_isOpenQuotientMap (Nc : ℕ) :
  IsOpenQuotientMap MolecularDynamics.textbookLangevinPeriodicProjection
MolecularDynamics.textbookLangevinPeriodicHamiltonianPower {Nc : ℕ} (U : (Fin Nc → ℝ) → ℝ) (l : ℕ)
  (z : MolecularDynamics.textbookLangevinPeriodicPhase Nc) : ℝ
MolecularDynamics.textbookLangevinPeriodicHamiltonianPower_lift {Nc : ℕ} (U : (Fin Nc → ℝ) → ℝ)
  (hP : MolecularDynamics.textbookUnitPeriodicPotential U) (l : ℕ) (z : MolecularDynamics.textbookLangevinPhase Nc) :
  MolecularDynamics.textbookLangevinPeriodicHamiltonianPower U l
      (MolecularDynamics.textbookLangevinPeriodicProjection z) =
    MolecularDynamics.textbookLangevinHamiltonianPower U l z
MolecularDynamics.textbookLangevinPeriodicHamiltonianPower_continuous {Nc : ℕ} (U : (Fin Nc → ℝ) → ℝ)
  (hU : ContDiff ℝ (↑⊤) U) (hP : MolecularDynamics.textbookUnitPeriodicPotential U) (l : ℕ) :
  Continuous (MolecularDynamics.textbookLangevinPeriodicHamiltonianPower U l)
MolecularDynamics.textbookLangevinPeriodicHamiltonianPower_pos {Nc : ℕ} (U : (Fin Nc → ℝ) → ℝ)
  (hL : ∀ (q : Fin Nc → ℝ), 1 ≤ U q) (l : ℕ) (z : MolecularDynamics.textbookLangevinPeriodicPhase Nc) :
  0 < MolecularDynamics.textbookLangevinPeriodicHamiltonianPower U l z
MolecularDynamics.textbookLangevinPeriodicHamiltonianPower_momentum_coercive {Nc : ℕ} (U : (Fin Nc → ℝ) → ℝ)
  (hL : ∀ (q : Fin Nc → ℝ), 1 ≤ U q) (l : ℕ) (hl : 1 ≤ l) (z : MolecularDynamics.textbookLangevinPeriodicPhase Nc) :
  ‖z.2‖ ^ 2 ≤ 2 * MolecularDynamics.textbookLangevinPeriodicHamiltonianPower U l z
MolecularDynamics.textbookLangevinPeriodicHamiltonianPower_isCompact_sublevel {Nc : ℕ} (U : (Fin Nc → ℝ) → ℝ)
  (hU : ContDiff ℝ (↑⊤) U) (hP : MolecularDynamics.textbookUnitPeriodicPotential U) (hL : ∀ (q : Fin Nc → ℝ), 1 ≤ U q)
  (l : ℕ) (hl : 1 ≤ l) (R : ℝ) : IsCompact {z | MolecularDynamics.textbookLangevinPeriodicHamiltonianPower U l z ≤ R}
MolecularDynamics.textbookLangevinPeriodicHamiltonianPower_tendsto_atTop {Nc : ℕ} (U : (Fin Nc → ℝ) → ℝ)
  (hU : ContDiff ℝ (↑⊤) U) (hP : MolecularDynamics.textbookUnitPeriodicPotential U) (hL : ∀ (q : Fin Nc → ℝ), 1 ≤ U q)
  (l : ℕ) (hl : 1 ≤ l) :
  Filter.Tendsto (MolecularDynamics.textbookLangevinPeriodicHamiltonianPower U l)
    (Filter.cocompact (MolecularDynamics.textbookLangevinPeriodicPhase Nc)) Filter.atTop
MolecularDynamics.textbookLangevinPeriodicDifferentialOperator {Nc : ℕ} (U : (Fin Nc → ℝ) → ℝ) (γ σ : ℝ)
  (f : MolecularDynamics.textbookLangevinPeriodicPhase Nc → ℝ)
  (z : MolecularDynamics.textbookLangevinPeriodicPhase Nc) : ℝ
MolecularDynamics.textbookLangevinPeriodicHamiltonianPower_lyapunov {Nc : ℕ} (U : (Fin Nc → ℝ) → ℝ)
  (hU : ContDiff ℝ (↑⊤) U) (hP : MolecularDynamics.textbookUnitPeriodicPotential U) (hL : ∀ (q : Fin Nc → ℝ), 1 ≤ U q)
  (γ σ : ℝ) (hγ : 0 < γ) (l : ℕ) (hl : 1 ≤ l) :
  ∃ δ,
    0 < δ ∧
      ∀ (z : MolecularDynamics.textbookLangevinPeriodicPhase Nc),
        MolecularDynamics.textbookLangevinPeriodicDifferentialOperator U γ σ
            (MolecularDynamics.textbookLangevinPeriodicHamiltonianPower U l) z ≤
          -(γ * ↑l) * MolecularDynamics.textbookLangevinPeriodicHamiltonianPower U l z + δ
MolecularDynamics.textbookLangevinPeriodicHamiltonianPower_operator_lift {Nc : ℕ} (U : (Fin Nc → ℝ) → ℝ)
  (hU : ContDiff ℝ (↑⊤) U) (hP : MolecularDynamics.textbookUnitPeriodicPotential U) (γ σ : ℝ) (l : ℕ) (hl : 1 ≤ l)
  (z : MolecularDynamics.textbookLangevinPhase Nc) :
  MolecularDynamics.textbookLangevinPeriodicDifferentialOperator U γ σ
      (MolecularDynamics.textbookLangevinPeriodicHamiltonianPower U l)
      (MolecularDynamics.textbookLangevinPeriodicProjection z) =
    MolecularDynamics.textbookLangevinDifferentialOperator U γ σ
      (MolecularDynamics.textbookLangevinHamiltonianPower U l) z
MolecularDynamics.textbookLangevinLyapunov_physical_diffusion_coefficient (γ β : ℝ) (hγ : 0 < γ) (hβ : 0 < β) :
  √(2 * γ * β⁻¹) ^ 2 / 2 = γ * β⁻¹
MolecularDynamics.textbookLangevinPeriodicHamiltonianPower_physical_lyapunov {Nc : ℕ} (U : (Fin Nc → ℝ) → ℝ)
  (hU : ContDiff ℝ (↑⊤) U) (hP : MolecularDynamics.textbookUnitPeriodicPotential U) (hL : ∀ (q : Fin Nc → ℝ), 1 ≤ U q)
  (γ β : ℝ) (hγ : 0 < γ) (hβ : 0 < β) (l : ℕ) (hl : 1 ≤ l) :
  0 < γ * ↑l ∧
    √(2 * γ * β⁻¹) ^ 2 / 2 = γ * β⁻¹ ∧
      (∀ (z : MolecularDynamics.textbookLangevinPeriodicPhase Nc),
          0 < MolecularDynamics.textbookLangevinPeriodicHamiltonianPower U l z) ∧
        (∀ (R : ℝ), IsCompact {z | MolecularDynamics.textbookLangevinPeriodicHamiltonianPower U l z ≤ R}) ∧
          Filter.Tendsto (MolecularDynamics.textbookLangevinPeriodicHamiltonianPower U l)
              (Filter.cocompact (MolecularDynamics.textbookLangevinPeriodicPhase Nc)) Filter.atTop ∧
            ∃ δ,
              0 < δ ∧
                ∀ (z : MolecularDynamics.textbookLangevinPeriodicPhase Nc),
                  MolecularDynamics.textbookLangevinPeriodicDifferentialOperator U γ (√(2 * γ * β⁻¹))
                      (MolecularDynamics.textbookLangevinPeriodicHamiltonianPower U l) z ≤
                    -(γ * ↑l) * MolecularDynamics.textbookLangevinPeriodicHamiltonianPower U l z + δ
MolecularDynamics.textbookLangevinIntegralSolution_noise_congr {Nc : ℕ} (U : (Fin Nc → ℝ) → ℝ) (γ σ T : ℝ) (hT : 0 ≤ T)
  (x : MolecularDynamics.textbookLangevinPhase Nc) (W R q p : ℝ → Fin Nc → ℝ)
  (h : MolecularDynamics.textbookLangevinIntegralSolution U γ σ T x W q p) (he : Set.EqOn R W (Set.Icc 0 T)) :
  MolecularDynamics.textbookLangevinIntegralSolution U γ σ T x R q p
MolecularDynamics.textbookLangevinPathRestriction {Nc : ℕ} (A T : ℝ) (hTA : T ≤ A) (W : C(↑(Set.Icc 0 A), Fin Nc → ℝ)) :
  C(↑(Set.Icc 0 T), Fin Nc → ℝ)
MolecularDynamics.textbookLangevinPathRestriction_lipschitz {Nc : ℕ} (A T : ℝ) (hTA : T ≤ A) :
  LipschitzWith 1 (MolecularDynamics.textbookLangevinPathRestriction A T hTA)
MolecularDynamics.textbookLangevinPathEndpoint_restrict {Nc : ℕ} (U : (Fin Nc → ℝ) → ℝ) (hU : ContDiff ℝ 2 U)
  (L : NNReal) (hF : LipschitzWith L (MolecularDynamics.textbookPotentialForce U)) (γ σ A T : ℝ) (hA : 0 ≤ A)
  (hT : 0 ≤ T) (hTA : T ≤ A) (x : MolecularDynamics.textbookLangevinPhase Nc) (W : C(↑(Set.Icc 0 A), Fin Nc → ℝ))
  (t : ℝ) (ht : t ∈ Set.Icc 0 T) :
  MolecularDynamics.textbookLangevinPathEndpoint U L hF γ σ A hA x t W =
    MolecularDynamics.textbookLangevinPathEndpoint U L hF γ σ T hT x t
      (MolecularDynamics.textbookLangevinPathRestriction A T hTA W)
MolecularDynamics.textbookLangevinRandomSolution_integralSolution_of_cont.{u_1} {Nc : ℕ} {Ω : Type u_1}
  (B : NNReal → Ω → Fin Nc → ℝ) (U : (Fin Nc → ℝ) → ℝ) (L : NNReal)
  (hF : LipschitzWith L (MolecularDynamics.textbookPotentialForce U)) (γ σ T : ℝ) (hT : 0 ≤ T)
  (x : MolecularDynamics.textbookLangevinPhase Nc) (sample : Ω) (hc : Continuous fun t => B t sample)
  (hz : B 0 sample = 0) :
  MolecularDynamics.textbookLangevinIntegralSolution U γ σ T x (fun t => B t.toNNReal sample)
    (MolecularDynamics.textbookLangevinRandomSolution U L hF γ σ T hT x B sample).1
    (MolecularDynamics.textbookLangevinRandomSolution U L hF γ σ T hT x B sample).2
MolecularDynamics.textbookLangevinGlobalRandomPhase_history_endpoint_ae.{u_1} {Nc : ℕ} {Ω : Type u_1}
  [MeasurableSpace Ω] (B : NNReal → Ω → Fin Nc → ℝ) (P : MeasureTheory.Measure Ω)
  (hB : MolecularDynamics.textbookIsWienerVector B P) (U : (Fin Nc → ℝ) → ℝ) (hU : ContDiff ℝ 2 U) (L : NNReal)
  (hF : LipschitzWith L (MolecularDynamics.textbookPotentialForce U)) (γ σ : ℝ)
  (x : MolecularDynamics.textbookLangevinPhase Nc) :
  ∀ᵐ (sample : Ω) ∂P,
    ∀ (t : ℝ) (ht : 0 ≤ t),
      MolecularDynamics.textbookLangevinGlobalRandomPhase U L hF γ σ x B t sample =
        MolecularDynamics.textbookLangevinPathEndpoint U L hF γ σ t ht x t
          (MolecularDynamics.textbookWienerVectorContinuousPath B t sample)
MolecularDynamics.textbookLangevinIntegralSolution_shift {Nc : ℕ} (U : (Fin Nc → ℝ) → ℝ) (hU : ContDiff ℝ 2 U)
  (γ σ S T : ℝ) (hS : 0 ≤ S) (hT : 0 ≤ T) (x : MolecularDynamics.textbookLangevinPhase Nc) (W q p : ℝ → Fin Nc → ℝ)
  (h : MolecularDynamics.textbookLangevinIntegralSolution U γ σ (S + T) x W q p) :
  MolecularDynamics.textbookLangevinIntegralSolution U γ σ T (q S, p S) (fun t => W (S + t) - W S) (fun t => q (S + t))
    fun t => p (S + t)
MolecularDynamics.textbookLangevinPathSegment {Nc : ℕ} (A S T : ℝ) (hS : 0 ≤ S) (hT : 0 ≤ T) (hSTA : S + T ≤ A)
  (W : C(↑(Set.Icc 0 A), Fin Nc → ℝ)) : C(↑(Set.Icc 0 T), Fin Nc → ℝ)
MolecularDynamics.textbookLangevinPathSegment_zero {Nc : ℕ} (A S T : ℝ) (hS : 0 ≤ S) (hT : 0 ≤ T) (hSTA : S + T ≤ A)
  (W : C(↑(Set.Icc 0 A), Fin Nc → ℝ)) : (MolecularDynamics.textbookLangevinPathSegment A S T hS hT hSTA W) ⟨0, ⋯⟩ = 0
MolecularDynamics.textbookLangevinPathEndpoint_restart {Nc : ℕ} (U : (Fin Nc → ℝ) → ℝ) (hU : ContDiff ℝ 2 U)
  (L : NNReal) (hF : LipschitzWith L (MolecularDynamics.textbookPotentialForce U)) (γ σ A S T : ℝ) (hA : 0 ≤ A)
  (hS : 0 ≤ S) (hT : 0 ≤ T) (hSTA : S + T ≤ A) (x : MolecularDynamics.textbookLangevinPhase Nc)
  (W : C(↑(Set.Icc 0 A), Fin Nc → ℝ)) (t : ℝ) (ht : t ∈ Set.Icc 0 T) :
  MolecularDynamics.textbookLangevinPathEndpoint U L hF γ σ A hA x (S + t) W =
    MolecularDynamics.textbookLangevinPathEndpoint U L hF γ σ T hT
      (MolecularDynamics.textbookLangevinPathEndpoint U L hF γ σ A hA x S W) t
      (MolecularDynamics.textbookLangevinPathSegment A S T hS hT hSTA W)
MolecularDynamics.textbookLangevinGlobalRandomPhase_history_path_ae.{u_1} {Nc : ℕ} {Ω : Type u_1} [MeasurableSpace Ω]
  (B : NNReal → Ω → Fin Nc → ℝ) (P : MeasureTheory.Measure Ω) (hB : MolecularDynamics.textbookIsWienerVector B P)
  (U : (Fin Nc → ℝ) → ℝ) (hU : ContDiff ℝ 2 U) (L : NNReal)
  (hF : LipschitzWith L (MolecularDynamics.textbookPotentialForce U)) (γ σ : ℝ)
  (x : MolecularDynamics.textbookLangevinPhase Nc) :
  ∀ᵐ (sample : Ω) ∂P,
    ∀ (A : ℝ) (hA : 0 ≤ A),
      ∀ t ∈ Set.Icc 0 A,
        MolecularDynamics.textbookLangevinGlobalRandomPhase U L hF γ σ x B t sample =
          MolecularDynamics.textbookLangevinPathEndpoint U L hF γ σ A hA x t
            (MolecularDynamics.textbookWienerVectorContinuousPath B A sample)
MolecularDynamics.textbookLangevinGlobalRandomPhase_restart_ae.{u_1} {Nc : ℕ} {Ω : Type u_1} [MeasurableSpace Ω]
  (B : NNReal → Ω → Fin Nc → ℝ) (P : MeasureTheory.Measure Ω) (hB : MolecularDynamics.textbookIsWienerVector B P)
  (U : (Fin Nc → ℝ) → ℝ) (hU : ContDiff ℝ 2 U) (L : NNReal)
  (hF : LipschitzWith L (MolecularDynamics.textbookPotentialForce U)) (γ σ : ℝ)
  (x : MolecularDynamics.textbookLangevinPhase Nc) :
  ∀ᵐ (sample : Ω) ∂P,
    ∀ (S : ℝ) (hS : 0 ≤ S) (T : ℝ) (hT : 0 ≤ T),
      ∀ t ∈ Set.Icc 0 T,
        MolecularDynamics.textbookLangevinGlobalRandomPhase U L hF γ σ x B (S + t) sample =
          MolecularDynamics.textbookLangevinPathEndpoint U L hF γ σ T hT
            (MolecularDynamics.textbookLangevinGlobalRandomPhase U L hF γ σ x B S sample) t
            (MolecularDynamics.textbookLangevinPathSegment (S + T) S T hS hT ⋯
              (MolecularDynamics.textbookWienerVectorContinuousPath B (S + T) sample))
MolecularDynamics.textbookLangevinIntegralSolution_project {Nc : ℕ} (U : (Fin Nc → ℝ) → ℝ) (hU : ContDiff ℝ (↑⊤) U)
  (hP : MolecularDynamics.textbookUnitPeriodicPotential U) (γ σ T : ℝ) (x : MolecularDynamics.textbookLangevinPhase Nc)
  (W q p : ℝ → Fin Nc → ℝ) (h : MolecularDynamics.textbookLangevinIntegralSolution U γ σ T x W q p) :
  MolecularDynamics.textbookLangevinPeriodicIntegralSolution U γ σ T
    (MolecularDynamics.textbookLangevinPeriodicProjection x) W (fun t i => ↑(q t i)) p
MolecularDynamics.textbookLangevinPeriodicIntegralSolution_unique {Nc : ℕ} (U : (Fin Nc → ℝ) → ℝ)
  (hU : ContDiff ℝ (↑⊤) U) (hP : MolecularDynamics.textbookUnitPeriodicPotential U) (γ σ T : ℝ) (hT : 0 ≤ T)
  (x : MolecularDynamics.textbookLangevinPeriodicPhase Nc) (W : ℝ → Fin Nc → ℝ) (q r : ℝ → UnitAddTorus (Fin Nc))
  (p v : ℝ → Fin Nc → ℝ) (h : MolecularDynamics.textbookLangevinPeriodicIntegralSolution U γ σ T x W q p)
  (hr : MolecularDynamics.textbookLangevinPeriodicIntegralSolution U γ σ T x W r v) (t : ℝ) :
  t ∈ Set.Icc 0 T → (q t, p t) = (r t, v t)
MolecularDynamics.textbookLangevinPeriodicPathEndpoint {Nc : ℕ} (U : (Fin Nc → ℝ) → ℝ) (L : NNReal)
  (hF : LipschitzWith L (MolecularDynamics.textbookPotentialForce U)) (γ σ T : ℝ) (hT : 0 ≤ T)
  (x : MolecularDynamics.textbookLangevinPeriodicPhase Nc) (t : ℝ) (W : C(↑(Set.Icc 0 T), Fin Nc → ℝ)) :
  MolecularDynamics.textbookLangevinPeriodicPhase Nc
MolecularDynamics.textbookLangevinPeriodicPathEndpoint_lift {Nc : ℕ} (U : (Fin Nc → ℝ) → ℝ) (hU : ContDiff ℝ (↑⊤) U)
  (hP : MolecularDynamics.textbookUnitPeriodicPotential U) (L : NNReal)
  (hF : LipschitzWith L (MolecularDynamics.textbookPotentialForce U)) (γ σ T : ℝ) (hT : 0 ≤ T)
  (x : MolecularDynamics.textbookLangevinPhase Nc) (W : C(↑(Set.Icc 0 T), Fin Nc → ℝ)) (t : ℝ) (ht : t ∈ Set.Icc 0 T) :
  MolecularDynamics.textbookLangevinPeriodicPathEndpoint U L hF γ σ T hT
      (MolecularDynamics.textbookLangevinPeriodicProjection x) t W =
    MolecularDynamics.textbookLangevinPeriodicProjection
      (MolecularDynamics.textbookLangevinPathEndpoint U L hF γ σ T hT x t W)
MolecularDynamics.textbookLangevinPeriodicPathEndpoint_restart {Nc : ℕ} (U : (Fin Nc → ℝ) → ℝ) (hU : ContDiff ℝ (↑⊤) U)
  (hP : MolecularDynamics.textbookUnitPeriodicPotential U) (L : NNReal)
  (hF : LipschitzWith L (MolecularDynamics.textbookPotentialForce U)) (γ σ A S T : ℝ) (hA : 0 ≤ A) (hS : 0 ≤ S)
  (hT : 0 ≤ T) (hSTA : S + T ≤ A) (x : MolecularDynamics.textbookLangevinPeriodicPhase Nc)
  (W : C(↑(Set.Icc 0 A), Fin Nc → ℝ)) (t : ℝ) (ht : t ∈ Set.Icc 0 T) :
  MolecularDynamics.textbookLangevinPeriodicPathEndpoint U L hF γ σ A hA x (S + t) W =
    MolecularDynamics.textbookLangevinPeriodicPathEndpoint U L hF γ σ T hT
      (MolecularDynamics.textbookLangevinPeriodicPathEndpoint U L hF γ σ A hA x S W) t
      (MolecularDynamics.textbookLangevinPathSegment A S T hS hT hSTA W)
MolecularDynamics.textbookLangevinPeriodicGlobalRandomPhase.{u_1} {Nc : ℕ} {Ω : Type u_1} (U : (Fin Nc → ℝ) → ℝ)
  (L : NNReal) (hF : LipschitzWith L (MolecularDynamics.textbookPotentialForce U)) (γ σ : ℝ)
  (x : MolecularDynamics.textbookLangevinPeriodicPhase Nc) (B : NNReal → Ω → Fin Nc → ℝ) (t : ℝ) (sample : Ω) :
  MolecularDynamics.textbookLangevinPeriodicPhase Nc
MolecularDynamics.textbookLangevinPeriodicGlobalRandomPhase_integralSolution_ae.{u_1} {Nc : ℕ} {Ω : Type u_1}
  [MeasurableSpace Ω] (B : NNReal → Ω → Fin Nc → ℝ) (P : MeasureTheory.Measure Ω)
  (hB : MolecularDynamics.textbookIsWienerVector B P) (U : (Fin Nc → ℝ) → ℝ) (hU : ContDiff ℝ (↑⊤) U)
  (hP : MolecularDynamics.textbookUnitPeriodicPotential U) (L : NNReal)
  (hF : LipschitzWith L (MolecularDynamics.textbookPotentialForce U)) (γ σ : ℝ)
  (x : MolecularDynamics.textbookLangevinPeriodicPhase Nc) :
  ∀ᵐ (sample : Ω) ∂P,
    ∀ (T : ℝ),
      0 ≤ T →
        MolecularDynamics.textbookLangevinPeriodicIntegralSolution U γ σ T x (fun t => B t.toNNReal sample)
          (fun t => (MolecularDynamics.textbookLangevinPeriodicGlobalRandomPhase U L hF γ σ x B t sample).1) fun t =>
          (MolecularDynamics.textbookLangevinPeriodicGlobalRandomPhase U L hF γ σ x B t sample).2
MolecularDynamics.textbookLangevinPeriodicGlobalRandomPhase_endpoint_aemeasurable.{u_1} {Nc : ℕ} {Ω : Type u_1}
  [MeasurableSpace Ω] (B : NNReal → Ω → Fin Nc → ℝ) (P : MeasureTheory.Measure Ω)
  (hB : MolecularDynamics.textbookIsWienerVector B P) (U : (Fin Nc → ℝ) → ℝ) (hU : ContDiff ℝ 2 U) (L : NNReal)
  (hF : LipschitzWith L (MolecularDynamics.textbookPotentialForce U)) (γ σ : ℝ)
  (x : MolecularDynamics.textbookLangevinPeriodicPhase Nc) (t : ℝ) (ht : 0 ≤ t) :
  AEMeasurable (MolecularDynamics.textbookLangevinPeriodicGlobalRandomPhase U L hF γ σ x B t) P
MolecularDynamics.textbookLangevinPeriodicGlobalRandomPhase_history_endpoint_ae.{u_1} {Nc : ℕ} {Ω : Type u_1}
  [MeasurableSpace Ω] (B : NNReal → Ω → Fin Nc → ℝ) (P : MeasureTheory.Measure Ω)
  (hB : MolecularDynamics.textbookIsWienerVector B P) (U : (Fin Nc → ℝ) → ℝ) (hU : ContDiff ℝ 2 U) (L : NNReal)
  (hF : LipschitzWith L (MolecularDynamics.textbookPotentialForce U)) (γ σ : ℝ)
  (x : MolecularDynamics.textbookLangevinPeriodicPhase Nc) :
  ∀ᵐ (sample : Ω) ∂P,
    ∀ (t : ℝ) (ht : 0 ≤ t),
      MolecularDynamics.textbookLangevinPeriodicGlobalRandomPhase U L hF γ σ x B t sample =
        MolecularDynamics.textbookLangevinPeriodicPathEndpoint U L hF γ σ t ht x t
          (MolecularDynamics.textbookWienerVectorContinuousPath B t sample)
MolecularDynamics.textbookLangevinPeriodicGlobalRandomPhase_restart_ae.{u_1} {Nc : ℕ} {Ω : Type u_1} [MeasurableSpace Ω]
  (B : NNReal → Ω → Fin Nc → ℝ) (P : MeasureTheory.Measure Ω) (hB : MolecularDynamics.textbookIsWienerVector B P)
  (U : (Fin Nc → ℝ) → ℝ) (hU : ContDiff ℝ (↑⊤) U) (hP : MolecularDynamics.textbookUnitPeriodicPotential U) (L : NNReal)
  (hF : LipschitzWith L (MolecularDynamics.textbookPotentialForce U)) (γ σ : ℝ)
  (x : MolecularDynamics.textbookLangevinPeriodicPhase Nc) :
  ∀ᵐ (sample : Ω) ∂P,
    ∀ (S : ℝ) (hS : 0 ≤ S) (T : ℝ) (hT : 0 ≤ T),
      ∀ t ∈ Set.Icc 0 T,
        MolecularDynamics.textbookLangevinPeriodicGlobalRandomPhase U L hF γ σ x B (S + t) sample =
          MolecularDynamics.textbookLangevinPeriodicPathEndpoint U L hF γ σ T hT
            (MolecularDynamics.textbookLangevinPeriodicGlobalRandomPhase U L hF γ σ x B S sample) t
            (MolecularDynamics.textbookLangevinPathSegment (S + T) S T hS hT ⋯
              (MolecularDynamics.textbookWienerVectorContinuousPath B (S + T) sample))
MolecularDynamics.textbookWienerVectorFuture.{u_1} {Nc : ℕ} {Ω : Type u_1} (B : NNReal → Ω → Fin Nc → ℝ) (S t : NNReal)
  (ω : Ω) : Fin Nc → ℝ
MolecularDynamics.textbookWienerVectorFuture_gaussian.{u_1} {Nc : ℕ} {Ω : Type u_1} [MeasurableSpace Ω]
  (B : NNReal → Ω → Fin Nc → ℝ) (P : MeasureTheory.Measure Ω) (hB : MolecularDynamics.textbookIsWienerVector B P)
  (S : NNReal) :
  ProbabilityTheory.IsGaussianProcess (fun z ω => MolecularDynamics.textbookWienerVectorFuture B S z.snd ω z.fst) P
MolecularDynamics.textbookWienerVectorFuture_isWiener.{u_1} {Nc : ℕ} {Ω : Type u_1} [MeasurableSpace Ω]
  (B : NNReal → Ω → Fin Nc → ℝ) (P : MeasureTheory.Measure Ω) (hB : MolecularDynamics.textbookIsWienerVector B P)
  (S : NNReal) : MolecularDynamics.textbookIsWienerVector (MolecularDynamics.textbookWienerVectorFuture B S) P
MolecularDynamics.textbookWienerVectorFuture_hasLaw_eval.{u_1} {Nc : ℕ} {Ω : Type u_1} [MeasurableSpace Ω]
  (B : NNReal → Ω → Fin Nc → ℝ) (P : MeasureTheory.Measure Ω) (hB : MolecularDynamics.textbookIsWienerVector B P)
  (S t : NNReal) :
  ProbabilityTheory.HasLaw (MolecularDynamics.textbookWienerVectorFuture B S t)
    (MeasureTheory.Measure.pi fun x => ProbabilityTheory.gaussianReal 0 t) P
MolecularDynamics.textbookWienerVectorFuture_covariance_history.{u_1} {Nc : ℕ} {Ω : Type u_1} [MeasurableSpace Ω]
  (B : NNReal → Ω → Fin Nc → ℝ) (P : MeasureTheory.Measure Ω) (hB : MolecularDynamics.textbookIsWienerVector B P)
  (S t u : NNReal) (hu : u ≤ S) (i j : Fin Nc) :
  ProbabilityTheory.covariance (fun ω => MolecularDynamics.textbookWienerVectorFuture B S t ω i) (fun ω => B u ω j) P =
    0
MolecularDynamics.textbookWienerVectorFuture_independent_history.{u_1} {Nc : ℕ} {Ω : Type u_1} [MeasurableSpace Ω]
  (B : NNReal → Ω → Fin Nc → ℝ) (P : MeasureTheory.Measure Ω) (hB : MolecularDynamics.textbookIsWienerVector B P)
  (S : NNReal) :
  ProbabilityTheory.IndepFun (fun ω t => MolecularDynamics.textbookWienerVectorFuture B S t ω) (fun ω u => B (↑u) ω) P
MolecularDynamics.textbookWienerVectorSamples_law_eq.{u_1, u_2} {Nc : ℕ} {Ω : Type u_1} {Ω' : Type u_2}
  [MeasurableSpace Ω] [MeasurableSpace Ω'] (B : NNReal → Ω → Fin Nc → ℝ) (P : MeasureTheory.Measure Ω)
  (hB : MolecularDynamics.textbookIsWienerVector B P) (C : NNReal → Ω' → Fin Nc → ℝ) (Q : MeasureTheory.Measure Ω')
  (hC : MolecularDynamics.textbookIsWienerVector C Q) (t : ℕ → NNReal) :
  MeasureTheory.Measure.map (fun ω n => B (t n) ω) P = MeasureTheory.Measure.map (fun ω n => C (t n) ω) Q
MolecularDynamics.textbookWienerVectorFuture_samples_law.{u_1} {Nc : ℕ} {Ω : Type u_1} [MeasurableSpace Ω]
  (B : NNReal → Ω → Fin Nc → ℝ) (P : MeasureTheory.Measure Ω) (hB : MolecularDynamics.textbookIsWienerVector B P)
  (S : NNReal) (t : ℕ → NNReal) :
  MeasureTheory.Measure.map (fun ω n => MolecularDynamics.textbookWienerVectorFuture B S (t n) ω) P =
    MeasureTheory.Measure.map (fun ω n => B (t n) ω) P
MolecularDynamics.textbookWienerVectorContinuousPath_law_eq.{u_1, u_2} {Nc : ℕ} {Ω : Type u_1} {Ω' : Type u_2}
  [MeasurableSpace Ω] [MeasurableSpace Ω'] (B : NNReal → Ω → Fin Nc → ℝ) (P : MeasureTheory.Measure Ω)
  (hB : MolecularDynamics.textbookIsWienerVector B P) (C : NNReal → Ω' → Fin Nc → ℝ) (Q : MeasureTheory.Measure Ω')
  (hC : MolecularDynamics.textbookIsWienerVector C Q) (T : ℝ) (hT : 0 ≤ T) :
  MeasureTheory.Measure.map (MolecularDynamics.textbookWienerVectorContinuousPath B T) P =
    MeasureTheory.Measure.map (MolecularDynamics.textbookWienerVectorContinuousPath C T) Q
MolecularDynamics.textbookWienerVectorFuture_continuousPath_law.{u_1} {Nc : ℕ} {Ω : Type u_1} [MeasurableSpace Ω]
  (B : NNReal → Ω → Fin Nc → ℝ) (P : MeasureTheory.Measure Ω) (hB : MolecularDynamics.textbookIsWienerVector B P)
  (S : NNReal) (T : ℝ) (hT : 0 ≤ T) :
  MeasureTheory.Measure.map
      (MolecularDynamics.textbookWienerVectorContinuousPath (MolecularDynamics.textbookWienerVectorFuture B S) T) P =
    MeasureTheory.Measure.map (MolecularDynamics.textbookWienerVectorContinuousPath B T) P
MolecularDynamics.textbookWienerVectorFuture_continuousPath_independent_history.{u_1} {Nc : ℕ} {Ω : Type u_1}
  [MeasurableSpace Ω] (B : NNReal → Ω → Fin Nc → ℝ) (P : MeasureTheory.Measure Ω)
  (hB : MolecularDynamics.textbookIsWienerVector B P) (S : NNReal) (T : ℝ) :
  ProbabilityTheory.IndepFun
    (MolecularDynamics.textbookWienerVectorContinuousPath (MolecularDynamics.textbookWienerVectorFuture B S) T)
    (MolecularDynamics.textbookWienerVectorContinuousPath B ↑S) P
MolecularDynamics.textbookWienerVectorFuture_segment_ae.{u_1} {Nc : ℕ} {Ω : Type u_1} [MeasurableSpace Ω]
  (B : NNReal → Ω → Fin Nc → ℝ) (P : MeasureTheory.Measure Ω) (hB : MolecularDynamics.textbookIsWienerVector B P) :
  ∀ᵐ (sample : Ω) ∂P,
    ∀ (S : NNReal) (T : ℝ) (hT : 0 ≤ T),
      MolecularDynamics.textbookLangevinPathSegment (↑S + T) (↑S) T ⋯ hT ⋯
          (MolecularDynamics.textbookWienerVectorContinuousPath B (↑S + T) sample) =
        MolecularDynamics.textbookWienerVectorContinuousPath (MolecularDynamics.textbookWienerVectorFuture B S) T sample
MolecularDynamics.textbookLangevinGlobalRandomPhase_future_restart_ae.{u_1} {Nc : ℕ} {Ω : Type u_1} [MeasurableSpace Ω]
  (B : NNReal → Ω → Fin Nc → ℝ) (P : MeasureTheory.Measure Ω) (hB : MolecularDynamics.textbookIsWienerVector B P)
  (U : (Fin Nc → ℝ) → ℝ) (hU : ContDiff ℝ 2 U) (L : NNReal)
  (hF : LipschitzWith L (MolecularDynamics.textbookPotentialForce U)) (γ σ : ℝ)
  (x : MolecularDynamics.textbookLangevinPhase Nc) :
  ∀ᵐ (sample : Ω) ∂P,
    ∀ (S : NNReal) (T : ℝ) (hT : 0 ≤ T),
      ∀ t ∈ Set.Icc 0 T,
        MolecularDynamics.textbookLangevinGlobalRandomPhase U L hF γ σ x B (↑S + t) sample =
          MolecularDynamics.textbookLangevinPathEndpoint U L hF γ σ T hT
            (MolecularDynamics.textbookLangevinGlobalRandomPhase U L hF γ σ x B (↑S) sample) t
            (MolecularDynamics.textbookWienerVectorContinuousPath (MolecularDynamics.textbookWienerVectorFuture B S) T
              sample)
MolecularDynamics.textbookLangevinGlobalRandomPhase_history_aemeasurable.{u_1} {Nc : ℕ} {Ω : Type u_1}
  [MeasurableSpace Ω] (B : NNReal → Ω → Fin Nc → ℝ) (P : MeasureTheory.Measure Ω)
  (hB : MolecularDynamics.textbookIsWienerVector B P) (U : (Fin Nc → ℝ) → ℝ) (hU : ContDiff ℝ 2 U) (L : NNReal)
  (hF : LipschitzWith L (MolecularDynamics.textbookPotentialForce U)) (γ σ : ℝ)
  (x : MolecularDynamics.textbookLangevinPhase Nc) (S : NNReal) :
  AEMeasurable (fun sample t => MolecularDynamics.textbookLangevinGlobalRandomPhase U L hF γ σ x B (↑t) sample) P
MolecularDynamics.textbookLangevinGlobalRandomPhase_future_independent_history.{u_1} {Nc : ℕ} {Ω : Type u_1}
  [MeasurableSpace Ω] (B : NNReal → Ω → Fin Nc → ℝ) (P : MeasureTheory.Measure Ω)
  (hB : MolecularDynamics.textbookIsWienerVector B P) (U : (Fin Nc → ℝ) → ℝ) (hU : ContDiff ℝ 2 U) (L : NNReal)
  (hF : LipschitzWith L (MolecularDynamics.textbookPotentialForce U)) (γ σ : ℝ)
  (x : MolecularDynamics.textbookLangevinPhase Nc) (S : NNReal) (T : ℝ) :
  ProbabilityTheory.IndepFun
    (MolecularDynamics.textbookWienerVectorContinuousPath (MolecularDynamics.textbookWienerVectorFuture B S) T)
    (fun sample t => MolecularDynamics.textbookLangevinGlobalRandomPhase U L hF γ σ x B (↑t) sample) P
MolecularDynamics.textbookLangevinPeriodicGlobalRandomPhase_future_independent_history.{u_1} {Nc : ℕ} {Ω : Type u_1}
  [MeasurableSpace Ω] (B : NNReal → Ω → Fin Nc → ℝ) (P : MeasureTheory.Measure Ω)
  (hB : MolecularDynamics.textbookIsWienerVector B P) (U : (Fin Nc → ℝ) → ℝ) (hU : ContDiff ℝ 2 U) (L : NNReal)
  (hF : LipschitzWith L (MolecularDynamics.textbookPotentialForce U)) (γ σ : ℝ)
  (x : MolecularDynamics.textbookLangevinPeriodicPhase Nc) (S : NNReal) (T : ℝ) :
  ProbabilityTheory.IndepFun
    (MolecularDynamics.textbookWienerVectorContinuousPath (MolecularDynamics.textbookWienerVectorFuture B S) T)
    (fun sample t => MolecularDynamics.textbookLangevinPeriodicGlobalRandomPhase U L hF γ σ x B (↑t) sample) P
MolecularDynamics.textbookLangevinGlobalRandomPhase_future_history_product_law.{u_1} {Nc : ℕ} {Ω : Type u_1}
  [MeasurableSpace Ω] (B : NNReal → Ω → Fin Nc → ℝ) (P : MeasureTheory.Measure Ω)
  (hB : MolecularDynamics.textbookIsWienerVector B P) (U : (Fin Nc → ℝ) → ℝ) (hU : ContDiff ℝ 2 U) (L : NNReal)
  (hF : LipschitzWith L (MolecularDynamics.textbookPotentialForce U)) (γ σ : ℝ)
  (x : MolecularDynamics.textbookLangevinPhase Nc) (S : NNReal) (T : ℝ) (hT : 0 ≤ T) :
  MeasureTheory.Measure.map
      (fun sample =>
        (MolecularDynamics.textbookWienerVectorContinuousPath (MolecularDynamics.textbookWienerVectorFuture B S) T
            sample,
          fun t => MolecularDynamics.textbookLangevinGlobalRandomPhase U L hF γ σ x B (↑t) sample))
      P =
    (MeasureTheory.Measure.map (MolecularDynamics.textbookWienerVectorContinuousPath B T) P).prod
      (MeasureTheory.Measure.map
        (fun sample t => MolecularDynamics.textbookLangevinGlobalRandomPhase U L hF γ σ x B (↑t) sample) P)
MolecularDynamics.textbookLangevinNoiseCompensated_initial_dist_le {Nc : ℕ} (U : (Fin Nc → ℝ) → ℝ) (hU : ContDiff ℝ 2 U)
  (L : NNReal) (hF : LipschitzWith L (MolecularDynamics.textbookPotentialForce U)) (γ σ T : ℝ) (hT : 0 ≤ T)
  (x y : MolecularDynamics.textbookLangevinPhase Nc) (W q p qr pr : ℝ → Fin Nc → ℝ)
  (hx : MolecularDynamics.textbookLangevinIntegralSolution U γ σ T x W q p)
  (hy : MolecularDynamics.textbookLangevinIntegralSolution U γ σ T y W qr pr) (t : ℝ) (ht : t ∈ Set.Icc 0 T) :
  dist (MolecularDynamics.textbookLangevinNoiseCompensated σ W q p t)
      (MolecularDynamics.textbookLangevinNoiseCompensated σ W qr pr t) ≤
    dist x y * Real.exp ((1 + ↑L + ‖γ‖) * t)
MolecularDynamics.textbookLangevinIntegralSolution_initial_dist_le {Nc : ℕ} (U : (Fin Nc → ℝ) → ℝ) (hU : ContDiff ℝ 2 U)
  (L : NNReal) (hF : LipschitzWith L (MolecularDynamics.textbookPotentialForce U)) (γ σ T : ℝ) (hT : 0 ≤ T)
  (x y : MolecularDynamics.textbookLangevinPhase Nc) (W q p qr pr : ℝ → Fin Nc → ℝ)
  (hx : MolecularDynamics.textbookLangevinIntegralSolution U γ σ T x W q p)
  (hy : MolecularDynamics.textbookLangevinIntegralSolution U γ σ T y W qr pr) (t : ℝ) (ht : t ∈ Set.Icc 0 T) :
  dist (q t, p t) (qr t, pr t) ≤ dist x y * Real.exp ((1 + ↑L + ‖γ‖) * t)
MolecularDynamics.textbookLangevinPathEndpoint_initial_lipschitz {Nc : ℕ} (U : (Fin Nc → ℝ) → ℝ) (hU : ContDiff ℝ 2 U)
  (L : NNReal) (hF : LipschitzWith L (MolecularDynamics.textbookPotentialForce U)) (γ σ T : ℝ) (hT : 0 ≤ T) (t : ℝ)
  (ht : t ∈ Set.Icc 0 T) (W : C(↑(Set.Icc 0 T), Fin Nc → ℝ)) :
  LipschitzWith ⟨Real.exp ((1 + ↑L + ‖γ‖) * t), ⋯⟩ fun x =>
    MolecularDynamics.textbookLangevinPathEndpoint U L hF γ σ T hT x t W
MolecularDynamics.textbookLangevinPathEndpoint_joint_continuous {Nc : ℕ} (U : (Fin Nc → ℝ) → ℝ) (hU : ContDiff ℝ 2 U)
  (L : NNReal) (hF : LipschitzWith L (MolecularDynamics.textbookPotentialForce U)) (γ σ T : ℝ) (hT : 0 ≤ T) (t : ℝ)
  (ht : t ∈ Set.Icc 0 T) : Continuous fun z => MolecularDynamics.textbookLangevinPathEndpoint U L hF γ σ T hT z.1 t z.2
MolecularDynamics.textbookLangevinPathEndpoint_joint_measurable {Nc : ℕ} (U : (Fin Nc → ℝ) → ℝ) (hU : ContDiff ℝ 2 U)
  (L : NNReal) (hF : LipschitzWith L (MolecularDynamics.textbookPotentialForce U)) (γ σ T : ℝ) (hT : 0 ≤ T) (t : ℝ)
  (ht : t ∈ Set.Icc 0 T) : Measurable fun z => MolecularDynamics.textbookLangevinPathEndpoint U L hF γ σ T hT z.1 t z.2
MolecularDynamics.textbookLangevinRandomInitial_endpoint_aemeasurable.{u_1} {Nc : ℕ} {Ω : Type u_1} [MeasurableSpace Ω]
  (B : NNReal → Ω → Fin Nc → ℝ) (P : MeasureTheory.Measure Ω) (hB : MolecularDynamics.textbookIsWienerVector B P)
  (U : (Fin Nc → ℝ) → ℝ) (hU : ContDiff ℝ 2 U) (L : NNReal)
  (hF : LipschitzWith L (MolecularDynamics.textbookPotentialForce U)) (γ σ T : ℝ) (hT : 0 ≤ T)
  (X : Ω → MolecularDynamics.textbookLangevinPhase Nc) (hX : AEMeasurable X P) (t : ℝ) (ht : t ∈ Set.Icc 0 T) :
  AEMeasurable
    (fun sample =>
      MolecularDynamics.textbookLangevinPathEndpoint U L hF γ σ T hT (X sample) t
        (MolecularDynamics.textbookWienerVectorContinuousPath B T sample))
    P
MolecularDynamics.textbookLangevinPeriodicPathEndpoint_joint_continuous {Nc : ℕ} (U : (Fin Nc → ℝ) → ℝ)
  (hU : ContDiff ℝ (↑⊤) U) (hP : MolecularDynamics.textbookUnitPeriodicPotential U) (L : NNReal)
  (hF : LipschitzWith L (MolecularDynamics.textbookPotentialForce U)) (γ σ T : ℝ) (hT : 0 ≤ T) (t : ℝ)
  (ht : t ∈ Set.Icc 0 T) :
  Continuous fun z => MolecularDynamics.textbookLangevinPeriodicPathEndpoint U L hF γ σ T hT z.1 t z.2
MolecularDynamics.textbookLangevinPeriodicPathEndpoint_joint_measurable {Nc : ℕ} (U : (Fin Nc → ℝ) → ℝ)
  (hU : ContDiff ℝ (↑⊤) U) (hP : MolecularDynamics.textbookUnitPeriodicPotential U) (L : NNReal)
  (hF : LipschitzWith L (MolecularDynamics.textbookPotentialForce U)) (γ σ T : ℝ) (hT : 0 ≤ T) (t : ℝ)
  (ht : t ∈ Set.Icc 0 T) :
  Measurable fun z => MolecularDynamics.textbookLangevinPeriodicPathEndpoint U L hF γ σ T hT z.1 t z.2
MolecularDynamics.textbookLangevinPeriodicRandomInitial_endpoint_aemeasurable.{u_1} {Nc : ℕ} {Ω : Type u_1}
  [MeasurableSpace Ω] (B : NNReal → Ω → Fin Nc → ℝ) (P : MeasureTheory.Measure Ω)
  (hB : MolecularDynamics.textbookIsWienerVector B P) (U : (Fin Nc → ℝ) → ℝ) (hU : ContDiff ℝ (↑⊤) U)
  (hP : MolecularDynamics.textbookUnitPeriodicPotential U) (L : NNReal)
  (hF : LipschitzWith L (MolecularDynamics.textbookPotentialForce U)) (γ σ T : ℝ) (hT : 0 ≤ T)
  (X : Ω → MolecularDynamics.textbookLangevinPeriodicPhase Nc) (hX : AEMeasurable X P) (t : ℝ) (ht : t ∈ Set.Icc 0 T) :
  AEMeasurable
    (fun sample =>
      MolecularDynamics.textbookLangevinPeriodicPathEndpoint U L hF γ σ T hT (X sample) t
        (MolecularDynamics.textbookWienerVectorContinuousPath B T sample))
    P
MolecularDynamics.textbookLangevinTransitionKernel.{u_1} {Nc : ℕ} {Ω : Type u_1} [MeasurableSpace Ω]
  (B : NNReal → Ω → Fin Nc → ℝ) (P : MeasureTheory.Measure Ω) (U : (Fin Nc → ℝ) → ℝ) (hU : ContDiff ℝ 2 U) (L : NNReal)
  (hF : LipschitzWith L (MolecularDynamics.textbookPotentialForce U)) (γ σ : ℝ) (T : NNReal) :
  ProbabilityTheory.Kernel (MolecularDynamics.textbookLangevinPhase Nc) (MolecularDynamics.textbookLangevinPhase Nc)
MolecularDynamics.textbookLangevinTransitionKernel_isMarkov.{u_1} {Nc : ℕ} {Ω : Type u_1} [MeasurableSpace Ω]
  (B : NNReal → Ω → Fin Nc → ℝ) (P : MeasureTheory.Measure Ω) (hB : MolecularDynamics.textbookIsWienerVector B P)
  (U : (Fin Nc → ℝ) → ℝ) (hU : ContDiff ℝ 2 U) (L : NNReal)
  (hF : LipschitzWith L (MolecularDynamics.textbookPotentialForce U)) (γ σ : ℝ) (T : NNReal) :
  ProbabilityTheory.IsMarkovKernel (MolecularDynamics.textbookLangevinTransitionKernel B P U hU L hF γ σ T)
MolecularDynamics.textbookLangevinTransitionKernel_apply.{u_1} {Nc : ℕ} {Ω : Type u_1} [MeasurableSpace Ω]
  (B : NNReal → Ω → Fin Nc → ℝ) (P : MeasureTheory.Measure Ω) (hB : MolecularDynamics.textbookIsWienerVector B P)
  (U : (Fin Nc → ℝ) → ℝ) (hU : ContDiff ℝ 2 U) (L : NNReal)
  (hF : LipschitzWith L (MolecularDynamics.textbookPotentialForce U)) (γ σ : ℝ) (T : NNReal)
  (x : MolecularDynamics.textbookLangevinPhase Nc) :
  (MolecularDynamics.textbookLangevinTransitionKernel B P U hU L hF γ σ T) x =
    MeasureTheory.Measure.map (MolecularDynamics.textbookLangevinPathEndpoint U L hF γ σ ↑T ⋯ x ↑T)
      (MeasureTheory.Measure.map (MolecularDynamics.textbookWienerVectorContinuousPath B ↑T) P)
MolecularDynamics.textbookLangevinTransitionKernel_global_law.{u_1} {Nc : ℕ} {Ω : Type u_1} [MeasurableSpace Ω]
  (B : NNReal → Ω → Fin Nc → ℝ) (P : MeasureTheory.Measure Ω) (hB : MolecularDynamics.textbookIsWienerVector B P)
  (U : (Fin Nc → ℝ) → ℝ) (hU : ContDiff ℝ 2 U) (L : NNReal)
  (hF : LipschitzWith L (MolecularDynamics.textbookPotentialForce U)) (γ σ : ℝ) (T : NNReal)
  (x : MolecularDynamics.textbookLangevinPhase Nc) :
  (MolecularDynamics.textbookLangevinTransitionKernel B P U hU L hF γ σ T) x =
    MeasureTheory.Measure.map (MolecularDynamics.textbookLangevinGlobalRandomPhase U L hF γ σ x B ↑T) P
MolecularDynamics.textbookLangevinTransitionKernel_wiener_law_invariant.{u_1, u_2} {Nc : ℕ} {Ω : Type u_1}
  {Ω' : Type u_2} [MeasurableSpace Ω] [MeasurableSpace Ω'] (B : NNReal → Ω → Fin Nc → ℝ) (P : MeasureTheory.Measure Ω)
  (hB : MolecularDynamics.textbookIsWienerVector B P) (C : NNReal → Ω' → Fin Nc → ℝ) (Q : MeasureTheory.Measure Ω')
  (hC : MolecularDynamics.textbookIsWienerVector C Q) (U : (Fin Nc → ℝ) → ℝ) (hU : ContDiff ℝ 2 U) (L : NNReal)
  (hF : LipschitzWith L (MolecularDynamics.textbookPotentialForce U)) (γ σ : ℝ) (T : NNReal) :
  MolecularDynamics.textbookLangevinTransitionKernel B P U hU L hF γ σ T =
    MolecularDynamics.textbookLangevinTransitionKernel C Q U hU L hF γ σ T
MolecularDynamics.textbookLangevinGlobalRandomPhase_history_transition_joint_law.{u_1} {Nc : ℕ} {Ω : Type u_1}
  [MeasurableSpace Ω] (B : NNReal → Ω → Fin Nc → ℝ) (P : MeasureTheory.Measure Ω)
  (hB : MolecularDynamics.textbookIsWienerVector B P) (U : (Fin Nc → ℝ) → ℝ) (hU : ContDiff ℝ 2 U) (L : NNReal)
  (hF : LipschitzWith L (MolecularDynamics.textbookPotentialForce U)) (γ σ : ℝ)
  (x : MolecularDynamics.textbookLangevinPhase Nc) (S T : NNReal) :
  MeasureTheory.Measure.map
      (fun sample =>
        (fun t => MolecularDynamics.textbookLangevinGlobalRandomPhase U L hF γ σ x B (↑t) sample,
          MolecularDynamics.textbookLangevinGlobalRandomPhase U L hF γ σ x B (↑S + ↑T) sample))
      P =
    (MeasureTheory.Measure.map
          (fun sample t => MolecularDynamics.textbookLangevinGlobalRandomPhase U L hF γ σ x B (↑t) sample) P).compProd
      ((MolecularDynamics.textbookLangevinTransitionKernel B P U hU L hF γ σ T).comap (fun h => h ⟨↑S, ⋯⟩) ⋯)
MolecularDynamics.textbookLangevinGlobalRandomPhase_condDistrib_history.{u_1} {Nc : ℕ} {Ω : Type u_1}
  [MeasurableSpace Ω] (B : NNReal → Ω → Fin Nc → ℝ) (P : MeasureTheory.Measure Ω)
  (hB : MolecularDynamics.textbookIsWienerVector B P) (U : (Fin Nc → ℝ) → ℝ) (hU : ContDiff ℝ 2 U) (L : NNReal)
  (hF : LipschitzWith L (MolecularDynamics.textbookPotentialForce U)) (γ σ : ℝ)
  (x : MolecularDynamics.textbookLangevinPhase Nc) (S T : NNReal) :
  ∀ᵐ (sample : Ω) ∂P,
    ((ProbabilityTheory.condDistrib (MolecularDynamics.textbookLangevinGlobalRandomPhase U L hF γ σ x B (↑S + ↑T))
          (fun sample t => MolecularDynamics.textbookLangevinGlobalRandomPhase U L hF γ σ x B (↑t) sample) P)
        fun t => MolecularDynamics.textbookLangevinGlobalRandomPhase U L hF γ σ x B (↑t) sample) =
      (MolecularDynamics.textbookLangevinTransitionKernel B P U hU L hF γ σ T)
        (MolecularDynamics.textbookLangevinGlobalRandomPhase U L hF γ σ x B (↑S) sample)
MolecularDynamics.textbookLangevinPeriodicTransitionKernel.{u_1} {Nc : ℕ} {Ω : Type u_1} [MeasurableSpace Ω]
  (B : NNReal → Ω → Fin Nc → ℝ) (P : MeasureTheory.Measure Ω) (U : (Fin Nc → ℝ) → ℝ) (hU : ContDiff ℝ (↑⊤) U)
  (hP : MolecularDynamics.textbookUnitPeriodicPotential U) (L : NNReal)
  (hF : LipschitzWith L (MolecularDynamics.textbookPotentialForce U)) (γ σ : ℝ) (T : NNReal) :
  ProbabilityTheory.Kernel (MolecularDynamics.textbookLangevinPeriodicPhase Nc)
    (MolecularDynamics.textbookLangevinPeriodicPhase Nc)
MolecularDynamics.textbookLangevinPeriodicTransitionKernel_isMarkov.{u_1} {Nc : ℕ} {Ω : Type u_1} [MeasurableSpace Ω]
  (B : NNReal → Ω → Fin Nc → ℝ) (P : MeasureTheory.Measure Ω) (hB : MolecularDynamics.textbookIsWienerVector B P)
  (U : (Fin Nc → ℝ) → ℝ) (hU : ContDiff ℝ (↑⊤) U) (hP : MolecularDynamics.textbookUnitPeriodicPotential U) (L : NNReal)
  (hF : LipschitzWith L (MolecularDynamics.textbookPotentialForce U)) (γ σ : ℝ) (T : NNReal) :
  ProbabilityTheory.IsMarkovKernel (MolecularDynamics.textbookLangevinPeriodicTransitionKernel B P U hU hP L hF γ σ T)
MolecularDynamics.textbookLangevinPeriodicTransitionKernel_apply.{u_1} {Nc : ℕ} {Ω : Type u_1} [MeasurableSpace Ω]
  (B : NNReal → Ω → Fin Nc → ℝ) (P : MeasureTheory.Measure Ω) (hB : MolecularDynamics.textbookIsWienerVector B P)
  (U : (Fin Nc → ℝ) → ℝ) (hU : ContDiff ℝ (↑⊤) U) (hP : MolecularDynamics.textbookUnitPeriodicPotential U) (L : NNReal)
  (hF : LipschitzWith L (MolecularDynamics.textbookPotentialForce U)) (γ σ : ℝ) (T : NNReal)
  (x : MolecularDynamics.textbookLangevinPeriodicPhase Nc) :
  (MolecularDynamics.textbookLangevinPeriodicTransitionKernel B P U hU hP L hF γ σ T) x =
    MeasureTheory.Measure.map (MolecularDynamics.textbookLangevinPeriodicPathEndpoint U L hF γ σ ↑T ⋯ x ↑T)
      (MeasureTheory.Measure.map (MolecularDynamics.textbookWienerVectorContinuousPath B ↑T) P)
MolecularDynamics.textbookLangevinPeriodicTransitionKernel_global_law.{u_1} {Nc : ℕ} {Ω : Type u_1} [MeasurableSpace Ω]
  (B : NNReal → Ω → Fin Nc → ℝ) (P : MeasureTheory.Measure Ω) (hB : MolecularDynamics.textbookIsWienerVector B P)
  (U : (Fin Nc → ℝ) → ℝ) (hU : ContDiff ℝ (↑⊤) U) (hP : MolecularDynamics.textbookUnitPeriodicPotential U) (L : NNReal)
  (hF : LipschitzWith L (MolecularDynamics.textbookPotentialForce U)) (γ σ : ℝ) (T : NNReal)
  (x : MolecularDynamics.textbookLangevinPeriodicPhase Nc) :
  (MolecularDynamics.textbookLangevinPeriodicTransitionKernel B P U hU hP L hF γ σ T) x =
    MeasureTheory.Measure.map (MolecularDynamics.textbookLangevinPeriodicGlobalRandomPhase U L hF γ σ x B ↑T) P
MolecularDynamics.textbookLangevinPeriodicTransitionKernel_wiener_law_invariant.{u_1, u_2} {Nc : ℕ} {Ω : Type u_1}
  {Ω' : Type u_2} [MeasurableSpace Ω] [MeasurableSpace Ω'] (B : NNReal → Ω → Fin Nc → ℝ) (P : MeasureTheory.Measure Ω)
  (hB : MolecularDynamics.textbookIsWienerVector B P) (C : NNReal → Ω' → Fin Nc → ℝ) (Q : MeasureTheory.Measure Ω')
  (hC : MolecularDynamics.textbookIsWienerVector C Q) (U : (Fin Nc → ℝ) → ℝ) (hU : ContDiff ℝ (↑⊤) U)
  (hP : MolecularDynamics.textbookUnitPeriodicPotential U) (L : NNReal)
  (hF : LipschitzWith L (MolecularDynamics.textbookPotentialForce U)) (γ σ : ℝ) (T : NNReal) :
  MolecularDynamics.textbookLangevinPeriodicTransitionKernel B P U hU hP L hF γ σ T =
    MolecularDynamics.textbookLangevinPeriodicTransitionKernel C Q U hU hP L hF γ σ T
MolecularDynamics.textbookLangevinPeriodicGlobalRandomPhase_history_aemeasurable.{u_1} {Nc : ℕ} {Ω : Type u_1}
  [MeasurableSpace Ω] (B : NNReal → Ω → Fin Nc → ℝ) (P : MeasureTheory.Measure Ω)
  (hB : MolecularDynamics.textbookIsWienerVector B P) (U : (Fin Nc → ℝ) → ℝ) (hU : ContDiff ℝ 2 U) (L : NNReal)
  (hF : LipschitzWith L (MolecularDynamics.textbookPotentialForce U)) (γ σ : ℝ)
  (x : MolecularDynamics.textbookLangevinPeriodicPhase Nc) (S : NNReal) :
  AEMeasurable (fun sample t => MolecularDynamics.textbookLangevinPeriodicGlobalRandomPhase U L hF γ σ x B (↑t) sample)
    P
MolecularDynamics.textbookLangevinPeriodicGlobalRandomPhase_future_restart_ae.{u_1} {Nc : ℕ} {Ω : Type u_1}
  [MeasurableSpace Ω] (B : NNReal → Ω → Fin Nc → ℝ) (P : MeasureTheory.Measure Ω)
  (hB : MolecularDynamics.textbookIsWienerVector B P) (U : (Fin Nc → ℝ) → ℝ) (hU : ContDiff ℝ (↑⊤) U)
  (hP : MolecularDynamics.textbookUnitPeriodicPotential U) (L : NNReal)
  (hF : LipschitzWith L (MolecularDynamics.textbookPotentialForce U)) (γ σ : ℝ)
  (x : MolecularDynamics.textbookLangevinPeriodicPhase Nc) :
  ∀ᵐ (sample : Ω) ∂P,
    ∀ (S : NNReal) (T : ℝ) (hT : 0 ≤ T),
      ∀ t ∈ Set.Icc 0 T,
        MolecularDynamics.textbookLangevinPeriodicGlobalRandomPhase U L hF γ σ x B (↑S + t) sample =
          MolecularDynamics.textbookLangevinPeriodicPathEndpoint U L hF γ σ T hT
            (MolecularDynamics.textbookLangevinPeriodicGlobalRandomPhase U L hF γ σ x B (↑S) sample) t
            (MolecularDynamics.textbookWienerVectorContinuousPath (MolecularDynamics.textbookWienerVectorFuture B S) T
              sample)
MolecularDynamics.textbookLangevinPeriodicGlobalRandomPhase_history_transition_joint_law.{u_1} {Nc : ℕ} {Ω : Type u_1}
  [MeasurableSpace Ω] (B : NNReal → Ω → Fin Nc → ℝ) (P : MeasureTheory.Measure Ω)
  (hB : MolecularDynamics.textbookIsWienerVector B P) (U : (Fin Nc → ℝ) → ℝ) (hU : ContDiff ℝ (↑⊤) U)
  (hP : MolecularDynamics.textbookUnitPeriodicPotential U) (L : NNReal)
  (hF : LipschitzWith L (MolecularDynamics.textbookPotentialForce U)) (γ σ : ℝ)
  (x : MolecularDynamics.textbookLangevinPeriodicPhase Nc) (S T : NNReal) :
  MeasureTheory.Measure.map
      (fun sample =>
        (fun t => MolecularDynamics.textbookLangevinPeriodicGlobalRandomPhase U L hF γ σ x B (↑t) sample,
          MolecularDynamics.textbookLangevinPeriodicGlobalRandomPhase U L hF γ σ x B (↑S + ↑T) sample))
      P =
    (MeasureTheory.Measure.map
          (fun sample t => MolecularDynamics.textbookLangevinPeriodicGlobalRandomPhase U L hF γ σ x B (↑t) sample)
          P).compProd
      ((MolecularDynamics.textbookLangevinPeriodicTransitionKernel B P U hU hP L hF γ σ T).comap (fun h => h ⟨↑S, ⋯⟩) ⋯)
MolecularDynamics.textbookLangevinPeriodicGlobalRandomPhase_condDistrib_history.{u_1} {Nc : ℕ} {Ω : Type u_1}
  [MeasurableSpace Ω] (B : NNReal → Ω → Fin Nc → ℝ) (P : MeasureTheory.Measure Ω)
  (hB : MolecularDynamics.textbookIsWienerVector B P) (U : (Fin Nc → ℝ) → ℝ) (hU : ContDiff ℝ (↑⊤) U)
  (hP : MolecularDynamics.textbookUnitPeriodicPotential U) (L : NNReal)
  (hF : LipschitzWith L (MolecularDynamics.textbookPotentialForce U)) (γ σ : ℝ)
  (x : MolecularDynamics.textbookLangevinPeriodicPhase Nc) (S T : NNReal) :
  ∀ᵐ (sample : Ω) ∂P,
    ((ProbabilityTheory.condDistrib
          (MolecularDynamics.textbookLangevinPeriodicGlobalRandomPhase U L hF γ σ x B (↑S + ↑T))
          (fun sample t => MolecularDynamics.textbookLangevinPeriodicGlobalRandomPhase U L hF γ σ x B (↑t) sample) P)
        fun t => MolecularDynamics.textbookLangevinPeriodicGlobalRandomPhase U L hF γ σ x B (↑t) sample) =
      (MolecularDynamics.textbookLangevinPeriodicTransitionKernel B P U hU hP L hF γ σ T)
        (MolecularDynamics.textbookLangevinPeriodicGlobalRandomPhase U L hF γ σ x B (↑S) sample)
MolecularDynamics.textbookLangevinPeriodicGlobalRandomPhase_condDistrib_history_of_periodic.{u_1} {Nc : ℕ}
  {Ω : Type u_1} [MeasurableSpace Ω] (B : NNReal → Ω → Fin Nc → ℝ) (P : MeasureTheory.Measure Ω)
  (hB : MolecularDynamics.textbookIsWienerVector B P) (U : (Fin Nc → ℝ) → ℝ) (hU : ContDiff ℝ (↑⊤) U)
  (hP : MolecularDynamics.textbookUnitPeriodicPotential U) (γ σ : ℝ)
  (x : MolecularDynamics.textbookLangevinPeriodicPhase Nc) :
  ∃ L,
    ∃ (hF : LipschitzWith L (MolecularDynamics.textbookPotentialForce U)),
      ∀ (S T : NNReal),
        ∀ᵐ (sample : Ω) ∂P,
          ((ProbabilityTheory.condDistrib
                (MolecularDynamics.textbookLangevinPeriodicGlobalRandomPhase U L hF γ σ x B (↑S + ↑T))
                (fun sample t => MolecularDynamics.textbookLangevinPeriodicGlobalRandomPhase U L hF γ σ x B (↑t) sample)
                P)
              fun t => MolecularDynamics.textbookLangevinPeriodicGlobalRandomPhase U L hF γ σ x B (↑t) sample) =
            (MolecularDynamics.textbookLangevinPeriodicTransitionKernel B P U hU hP L hF γ σ T)
              (MolecularDynamics.textbookLangevinPeriodicGlobalRandomPhase U L hF γ σ x B (↑S) sample)
MolecularDynamics.textbookLangevinPathEndpoint_initial {Nc : ℕ} (U : (Fin Nc → ℝ) → ℝ) (L : NNReal)
  (hF : LipschitzWith L (MolecularDynamics.textbookPotentialForce U)) (γ σ T : ℝ) (hT : 0 ≤ T)
  (x : MolecularDynamics.textbookLangevinPhase Nc) (W : C(↑(Set.Icc 0 T), Fin Nc → ℝ)) :
  MolecularDynamics.textbookLangevinPathEndpoint U L hF γ σ T hT x 0 W = x
MolecularDynamics.textbookLangevinPeriodicPathEndpoint_initial {Nc : ℕ} (U : (Fin Nc → ℝ) → ℝ) (L : NNReal)
  (hF : LipschitzWith L (MolecularDynamics.textbookPotentialForce U)) (γ σ T : ℝ) (hT : 0 ≤ T)
  (x : MolecularDynamics.textbookLangevinPeriodicPhase Nc) (W : C(↑(Set.Icc 0 T), Fin Nc → ℝ)) :
  MolecularDynamics.textbookLangevinPeriodicPathEndpoint U L hF γ σ T hT x 0 W = x
MolecularDynamics.textbookLangevinTransitionKernel_zero.{u_1} {Nc : ℕ} {Ω : Type u_1} [MeasurableSpace Ω]
  (B : NNReal → Ω → Fin Nc → ℝ) (P : MeasureTheory.Measure Ω) (hB : MolecularDynamics.textbookIsWienerVector B P)
  (U : (Fin Nc → ℝ) → ℝ) (hU : ContDiff ℝ 2 U) (L : NNReal)
  (hF : LipschitzWith L (MolecularDynamics.textbookPotentialForce U)) (γ σ : ℝ) :
  MolecularDynamics.textbookLangevinTransitionKernel B P U hU L hF γ σ 0 = ProbabilityTheory.Kernel.id
MolecularDynamics.textbookLangevinPeriodicTransitionKernel_zero.{u_1} {Nc : ℕ} {Ω : Type u_1} [MeasurableSpace Ω]
  (B : NNReal → Ω → Fin Nc → ℝ) (P : MeasureTheory.Measure Ω) (hB : MolecularDynamics.textbookIsWienerVector B P)
  (U : (Fin Nc → ℝ) → ℝ) (hU : ContDiff ℝ (↑⊤) U) (hP : MolecularDynamics.textbookUnitPeriodicPotential U) (L : NNReal)
  (hF : LipschitzWith L (MolecularDynamics.textbookPotentialForce U)) (γ σ : ℝ) :
  MolecularDynamics.textbookLangevinPeriodicTransitionKernel B P U hU hP L hF γ σ 0 = ProbabilityTheory.Kernel.id
MolecularDynamics.textbookLangevinGlobalRandomPhase_transition_marginal.{u_1} {Nc : ℕ} {Ω : Type u_1}
  [MeasurableSpace Ω] (B : NNReal → Ω → Fin Nc → ℝ) (P : MeasureTheory.Measure Ω)
  (hB : MolecularDynamics.textbookIsWienerVector B P) (U : (Fin Nc → ℝ) → ℝ) (hU : ContDiff ℝ 2 U) (L : NNReal)
  (hF : LipschitzWith L (MolecularDynamics.textbookPotentialForce U)) (γ σ : ℝ)
  (x : MolecularDynamics.textbookLangevinPhase Nc) (S T : NNReal) :
  MeasureTheory.Measure.map (MolecularDynamics.textbookLangevinGlobalRandomPhase U L hF γ σ x B (↑S + ↑T)) P =
    (MeasureTheory.Measure.map (MolecularDynamics.textbookLangevinGlobalRandomPhase U L hF γ σ x B ↑S) P).bind
      ⇑(MolecularDynamics.textbookLangevinTransitionKernel B P U hU L hF γ σ T)
MolecularDynamics.textbookLangevinTransitionKernel_add.{u_1} {Nc : ℕ} {Ω : Type u_1} [MeasurableSpace Ω]
  (B : NNReal → Ω → Fin Nc → ℝ) (P : MeasureTheory.Measure Ω) (hB : MolecularDynamics.textbookIsWienerVector B P)
  (U : (Fin Nc → ℝ) → ℝ) (hU : ContDiff ℝ 2 U) (L : NNReal)
  (hF : LipschitzWith L (MolecularDynamics.textbookPotentialForce U)) (γ σ : ℝ) (S T : NNReal) :
  MolecularDynamics.textbookLangevinTransitionKernel B P U hU L hF γ σ (S + T) =
    (MolecularDynamics.textbookLangevinTransitionKernel B P U hU L hF γ σ T).comp
      (MolecularDynamics.textbookLangevinTransitionKernel B P U hU L hF γ σ S)
MolecularDynamics.textbookLangevinPeriodicGlobalRandomPhase_transition_marginal.{u_1} {Nc : ℕ} {Ω : Type u_1}
  [MeasurableSpace Ω] (B : NNReal → Ω → Fin Nc → ℝ) (P : MeasureTheory.Measure Ω)
  (hB : MolecularDynamics.textbookIsWienerVector B P) (U : (Fin Nc → ℝ) → ℝ) (hU : ContDiff ℝ (↑⊤) U)
  (hP : MolecularDynamics.textbookUnitPeriodicPotential U) (L : NNReal)
  (hF : LipschitzWith L (MolecularDynamics.textbookPotentialForce U)) (γ σ : ℝ)
  (x : MolecularDynamics.textbookLangevinPeriodicPhase Nc) (S T : NNReal) :
  MeasureTheory.Measure.map (MolecularDynamics.textbookLangevinPeriodicGlobalRandomPhase U L hF γ σ x B (↑S + ↑T)) P =
    (MeasureTheory.Measure.map (MolecularDynamics.textbookLangevinPeriodicGlobalRandomPhase U L hF γ σ x B ↑S) P).bind
      ⇑(MolecularDynamics.textbookLangevinPeriodicTransitionKernel B P U hU hP L hF γ σ T)
MolecularDynamics.textbookLangevinPeriodicTransitionKernel_add.{u_1} {Nc : ℕ} {Ω : Type u_1} [MeasurableSpace Ω]
  (B : NNReal → Ω → Fin Nc → ℝ) (P : MeasureTheory.Measure Ω) (hB : MolecularDynamics.textbookIsWienerVector B P)
  (U : (Fin Nc → ℝ) → ℝ) (hU : ContDiff ℝ (↑⊤) U) (hP : MolecularDynamics.textbookUnitPeriodicPotential U) (L : NNReal)
  (hF : LipschitzWith L (MolecularDynamics.textbookPotentialForce U)) (γ σ : ℝ) (S T : NNReal) :
  MolecularDynamics.textbookLangevinPeriodicTransitionKernel B P U hU hP L hF γ σ (S + T) =
    (MolecularDynamics.textbookLangevinPeriodicTransitionKernel B P U hU hP L hF γ σ T).comp
      (MolecularDynamics.textbookLangevinPeriodicTransitionKernel B P U hU hP L hF γ σ S)
MolecularDynamics.textbookLangevinPeriodicTransitionKernel_semigroup_of_periodic.{u_1} {Nc : ℕ} {Ω : Type u_1}
  [MeasurableSpace Ω] (B : NNReal → Ω → Fin Nc → ℝ) (P : MeasureTheory.Measure Ω)
  (hB : MolecularDynamics.textbookIsWienerVector B P) (U : (Fin Nc → ℝ) → ℝ) (hU : ContDiff ℝ (↑⊤) U)
  (hP : MolecularDynamics.textbookUnitPeriodicPotential U) (γ σ : ℝ) :
  ∃ L,
    ∃ (hF : LipschitzWith L (MolecularDynamics.textbookPotentialForce U)),
      (∀ (T : NNReal),
          ProbabilityTheory.IsMarkovKernel
            (MolecularDynamics.textbookLangevinPeriodicTransitionKernel B P U hU hP L hF γ σ T)) ∧
        MolecularDynamics.textbookLangevinPeriodicTransitionKernel B P U hU hP L hF γ σ 0 =
            ProbabilityTheory.Kernel.id ∧
          ∀ (S T : NNReal),
            MolecularDynamics.textbookLangevinPeriodicTransitionKernel B P U hU hP L hF γ σ (S + T) =
              (MolecularDynamics.textbookLangevinPeriodicTransitionKernel B P U hU hP L hF γ σ T).comp
                (MolecularDynamics.textbookLangevinPeriodicTransitionKernel B P U hU hP L hF γ σ S)
MolecularDynamics.textbookWienerVector_completed_measurable.{u_1} {Nc : ℕ} {Ω : Type u_1} [MeasurableSpace Ω]
  (B : NNReal → Ω → Fin Nc → ℝ) (P : MeasureTheory.Measure Ω) (hB : MolecularDynamics.textbookIsWienerVector B P)
  (t : NNReal) : Measurable (B t)
MolecularDynamics.textbookWienerVectorCompletedFiltration.{u_1} {Nc : ℕ} {Ω : Type u_1} [MeasurableSpace Ω]
  (B : NNReal → Ω → Fin Nc → ℝ) (P : MeasureTheory.Measure Ω) (hB : MolecularDynamics.textbookIsWienerVector B P) :
  MeasureTheory.Filtration NNReal inferInstance
MolecularDynamics.textbookWienerVectorCompletedFiltration_null_measurable.{u_1} {Nc : ℕ} {Ω : Type u_1}
  [MeasurableSpace Ω] (B : NNReal → Ω → Fin Nc → ℝ) (P : MeasureTheory.Measure Ω)
  (hB : MolecularDynamics.textbookIsWienerVector B P) (S : NNReal) (a : Set Ω) (ha : P a = 0) : MeasurableSet a
MolecularDynamics.textbookWienerVectorCompletedFiltration_eval_measurable.{u_1} {Nc : ℕ} {Ω : Type u_1}
  [MeasurableSpace Ω] (B : NNReal → Ω → Fin Nc → ℝ) (P : MeasureTheory.Measure Ω)
  (hB : MolecularDynamics.textbookIsWienerVector B P) (S t : NNReal) (ht : t ≤ S) : Measurable (B t)
MolecularDynamics.textbookWienerVectorCompletedFiltration_trim_complete.{u_1} {Nc : ℕ} {Ω : Type u_1}
  [MeasurableSpace Ω] (B : NNReal → Ω → Fin Nc → ℝ) (P : MeasureTheory.Measure Ω)
  (hB : MolecularDynamics.textbookIsWienerVector B P) (S : NNReal) : (P.completion.trim ⋯).IsComplete
MolecularDynamics.textbookWienerVectorCompletedFiltration_trim_ae.{u_1} {Nc : ℕ} {Ω : Type u_1} [MeasurableSpace Ω]
  (B : NNReal → Ω → Fin Nc → ℝ) (P : MeasureTheory.Measure Ω) (hB : MolecularDynamics.textbookIsWienerVector B P)
  (S : NNReal) : MeasureTheory.ae (P.completion.trim ⋯) = MeasureTheory.ae P
MolecularDynamics.textbookWienerVectorContinuousPath_filtration_measurable.{u_1} {Nc : ℕ} {Ω : Type u_1}
  [MeasurableSpace Ω] (B : NNReal → Ω → Fin Nc → ℝ) (P : MeasureTheory.Measure Ω)
  (hB : MolecularDynamics.textbookIsWienerVector B P) (S : NNReal) :
  Measurable (MolecularDynamics.textbookWienerVectorContinuousPath B ↑S)
MolecularDynamics.textbookWienerVectorCompletedFiltration_adapted.{u_1} {Nc : ℕ} {Ω : Type u_1} [MeasurableSpace Ω]
  (B : NNReal → Ω → Fin Nc → ℝ) (P : MeasureTheory.Measure Ω) (hB : MolecularDynamics.textbookIsWienerVector B P) :
  MeasureTheory.Adapted (MolecularDynamics.textbookWienerVectorCompletedFiltration B P hB) B
MolecularDynamics.textbookLangevinGlobalRandomPhase_adapted.{u_1} {Nc : ℕ} {Ω : Type u_1} [MeasurableSpace Ω]
  (B : NNReal → Ω → Fin Nc → ℝ) (P : MeasureTheory.Measure Ω) (hB : MolecularDynamics.textbookIsWienerVector B P)
  (U : (Fin Nc → ℝ) → ℝ) (hU : ContDiff ℝ 2 U) (L : NNReal)
  (hF : LipschitzWith L (MolecularDynamics.textbookPotentialForce U)) (γ σ : ℝ)
  (x : MolecularDynamics.textbookLangevinPhase Nc) :
  MeasureTheory.Adapted (MolecularDynamics.textbookWienerVectorCompletedFiltration B P hB) fun S =>
    MolecularDynamics.textbookLangevinGlobalRandomPhase U L hF γ σ x B ↑S
MolecularDynamics.textbookLangevinPeriodicGlobalRandomPhase_adapted.{u_1} {Nc : ℕ} {Ω : Type u_1} [MeasurableSpace Ω]
  (B : NNReal → Ω → Fin Nc → ℝ) (P : MeasureTheory.Measure Ω) (hB : MolecularDynamics.textbookIsWienerVector B P)
  (U : (Fin Nc → ℝ) → ℝ) (hU : ContDiff ℝ 2 U) (L : NNReal)
  (hF : LipschitzWith L (MolecularDynamics.textbookPotentialForce U)) (γ σ : ℝ)
  (x : MolecularDynamics.textbookLangevinPeriodicPhase Nc) :
  MeasureTheory.Adapted (MolecularDynamics.textbookWienerVectorCompletedFiltration B P hB) fun S =>
    MolecularDynamics.textbookLangevinPeriodicGlobalRandomPhase U L hF γ σ x B ↑S
MolecularDynamics.textbookLangevinPeriodicGlobalRandomPhase_adapted_of_periodic.{u_1} {Nc : ℕ} {Ω : Type u_1}
  [MeasurableSpace Ω] (B : NNReal → Ω → Fin Nc → ℝ) (P : MeasureTheory.Measure Ω)
  (hB : MolecularDynamics.textbookIsWienerVector B P) (U : (Fin Nc → ℝ) → ℝ) (hU : ContDiff ℝ (↑⊤) U)
  (hP : MolecularDynamics.textbookUnitPeriodicPotential U) (γ σ : ℝ)
  (x : MolecularDynamics.textbookLangevinPeriodicPhase Nc) :
  ∃ L,
    ∃ (hF : LipschitzWith L (MolecularDynamics.textbookPotentialForce U)),
      MeasureTheory.Adapted (MolecularDynamics.textbookWienerVectorCompletedFiltration B P hB) fun S =>
        MolecularDynamics.textbookLangevinPeriodicGlobalRandomPhase U L hF γ σ x B ↑S
MolecularDynamics.textbookWienerVectorCompletedFiltration_le_eventual_path.{u_1} {Nc : ℕ} {Ω : Type u_1}
  [MeasurableSpace Ω] (B : NNReal → Ω → Fin Nc → ℝ) (P : MeasureTheory.Measure Ω)
  (hB : MolecularDynamics.textbookIsWienerVector B P) (S : NNReal) :
  ↑(MolecularDynamics.textbookWienerVectorCompletedFiltration B P hB) S ≤
    eventuallyMeasurableSpace
      (MeasurableSpace.comap (MolecularDynamics.textbookWienerVectorContinuousPath B ↑S) inferInstance)
      (MeasureTheory.ae P)
MolecularDynamics.textbookWienerVectorCompletedFiltration_event_ae_path.{u_1} {Nc : ℕ} {Ω : Type u_1}
  [MeasurableSpace Ω] (B : NNReal → Ω → Fin Nc → ℝ) (P : MeasureTheory.Measure Ω)
  (hB : MolecularDynamics.textbookIsWienerVector B P) (S : NNReal) (a : Set Ω) (ha : MeasurableSet a) :
  ∃ c, MeasurableSet c ∧ a =ᵐ[P] c
MolecularDynamics.textbookWienerVectorFuture_independent_completed_filtration.{u_1} {Nc : ℕ} {Ω : Type u_1}
  [MeasurableSpace Ω] (B : NNReal → Ω → Fin Nc → ℝ) (P : MeasureTheory.Measure Ω)
  (hB : MolecularDynamics.textbookIsWienerVector B P) (S : NNReal) (T : ℝ) :
  ProbabilityTheory.Indep
    (MeasurableSpace.comap
      (MolecularDynamics.textbookWienerVectorContinuousPath (MolecularDynamics.textbookWienerVectorFuture B S) T)
      inferInstance)
    (↑(MolecularDynamics.textbookWienerVectorCompletedFiltration B P hB) S) P.completion
MolecularDynamics.textbookWienerVectorContinuousPath_completion_law.{u_1} {Nc : ℕ} {Ω : Type u_1} [MeasurableSpace Ω]
  (B : NNReal → Ω → Fin Nc → ℝ) (P : MeasureTheory.Measure Ω) (hB : MolecularDynamics.textbookIsWienerVector B P)
  (T : ℝ) :
  MeasureTheory.Measure.map (MolecularDynamics.textbookWienerVectorContinuousPath B T) P.completion =
    MeasureTheory.Measure.map (MolecularDynamics.textbookWienerVectorContinuousPath B T) P
MolecularDynamics.textbookLangevinGlobalRandomPhase_future_independent_current_completed.{u_1} {Nc : ℕ} {Ω : Type u_1}
  [MeasurableSpace Ω] (B : NNReal → Ω → Fin Nc → ℝ) (P : MeasureTheory.Measure Ω)
  (hB : MolecularDynamics.textbookIsWienerVector B P) (U : (Fin Nc → ℝ) → ℝ) (hU : ContDiff ℝ 2 U) (L : NNReal)
  (hF : LipschitzWith L (MolecularDynamics.textbookPotentialForce U)) (γ σ : ℝ)
  (x : MolecularDynamics.textbookLangevinPhase Nc) (S : NNReal) (T : ℝ) :
  ProbabilityTheory.IndepFun
    (MolecularDynamics.textbookWienerVectorContinuousPath (MolecularDynamics.textbookWienerVectorFuture B S) T)
    (MolecularDynamics.textbookLangevinGlobalRandomPhase U L hF γ σ x B ↑S) P.completion
MolecularDynamics.textbookLangevinPeriodicGlobalRandomPhase_future_independent_current_completed.{u_1} {Nc : ℕ}
  {Ω : Type u_1} [MeasurableSpace Ω] (B : NNReal → Ω → Fin Nc → ℝ) (P : MeasureTheory.Measure Ω)
  (hB : MolecularDynamics.textbookIsWienerVector B P) (U : (Fin Nc → ℝ) → ℝ) (hU : ContDiff ℝ 2 U) (L : NNReal)
  (hF : LipschitzWith L (MolecularDynamics.textbookPotentialForce U)) (γ σ : ℝ)
  (x : MolecularDynamics.textbookLangevinPeriodicPhase Nc) (S : NNReal) (T : ℝ) :
  ProbabilityTheory.IndepFun
    (MolecularDynamics.textbookWienerVectorContinuousPath (MolecularDynamics.textbookWienerVectorFuture B S) T)
    (MolecularDynamics.textbookLangevinPeriodicGlobalRandomPhase U L hF γ σ x B ↑S) P.completion
MolecularDynamics.textbookLangevinGlobalRandomPhase_future_current_product_law_completed.{u_1} {Nc : ℕ} {Ω : Type u_1}
  [MeasurableSpace Ω] (B : NNReal → Ω → Fin Nc → ℝ) (P : MeasureTheory.Measure Ω)
  (hB : MolecularDynamics.textbookIsWienerVector B P) (U : (Fin Nc → ℝ) → ℝ) (hU : ContDiff ℝ 2 U) (L : NNReal)
  (hF : LipschitzWith L (MolecularDynamics.textbookPotentialForce U)) (γ σ : ℝ)
  (x : MolecularDynamics.textbookLangevinPhase Nc) (S : NNReal) (T : ℝ) (hT : 0 ≤ T) :
  MeasureTheory.Measure.map
      (fun sample =>
        (MolecularDynamics.textbookWienerVectorContinuousPath (MolecularDynamics.textbookWienerVectorFuture B S) T
            sample,
          MolecularDynamics.textbookLangevinGlobalRandomPhase U L hF γ σ x B (↑S) sample))
      P.completion =
    (MeasureTheory.Measure.map (MolecularDynamics.textbookWienerVectorContinuousPath B T) P).prod
      (MeasureTheory.Measure.map (MolecularDynamics.textbookLangevinGlobalRandomPhase U L hF γ σ x B ↑S) P.completion)
MolecularDynamics.textbookLangevinPeriodicGlobalRandomPhase_future_current_product_law_completed.{u_1} {Nc : ℕ}
  {Ω : Type u_1} [MeasurableSpace Ω] (B : NNReal → Ω → Fin Nc → ℝ) (P : MeasureTheory.Measure Ω)
  (hB : MolecularDynamics.textbookIsWienerVector B P) (U : (Fin Nc → ℝ) → ℝ) (hU : ContDiff ℝ 2 U) (L : NNReal)
  (hF : LipschitzWith L (MolecularDynamics.textbookPotentialForce U)) (γ σ : ℝ)
  (x : MolecularDynamics.textbookLangevinPeriodicPhase Nc) (S : NNReal) (T : ℝ) (hT : 0 ≤ T) :
  MeasureTheory.Measure.map
      (fun sample =>
        (MolecularDynamics.textbookWienerVectorContinuousPath (MolecularDynamics.textbookWienerVectorFuture B S) T
            sample,
          MolecularDynamics.textbookLangevinPeriodicGlobalRandomPhase U L hF γ σ x B (↑S) sample))
      P.completion =
    (MeasureTheory.Measure.map (MolecularDynamics.textbookWienerVectorContinuousPath B T) P).prod
      (MeasureTheory.Measure.map (MolecularDynamics.textbookLangevinPeriodicGlobalRandomPhase U L hF γ σ x B ↑S)
        P.completion)
MolecularDynamics.textbookWienerVectorCompletedHistorySpace.{u_1} {Nc : ℕ} {Ω : Type u_1} [MeasurableSpace Ω]
  (_B : NNReal → Ω → Fin Nc → ℝ) (_P : MeasureTheory.Measure Ω) (_hB : MolecularDynamics.textbookIsWienerVector _B _P)
  (_S : NNReal) : Type u_1
MolecularDynamics.textbookWienerVectorCompletedHistoryObservation.{u_1} {Nc : ℕ} {Ω : Type u_1} [MeasurableSpace Ω]
  (B : NNReal → Ω → Fin Nc → ℝ) (P : MeasureTheory.Measure Ω) (hB : MolecularDynamics.textbookIsWienerVector B P)
  (S : NNReal) :
  MeasureTheory.NullMeasurableSpace Ω P → MolecularDynamics.textbookWienerVectorCompletedHistorySpace B P hB S
MolecularDynamics.textbookWienerVectorCompletedHistoryObservation_measurable.{u_1} {Nc : ℕ} {Ω : Type u_1}
  [MeasurableSpace Ω] (B : NNReal → Ω → Fin Nc → ℝ) (P : MeasureTheory.Measure Ω)
  (hB : MolecularDynamics.textbookIsWienerVector B P) (S : NNReal) :
  Measurable (MolecularDynamics.textbookWienerVectorCompletedHistoryObservation B P hB S)
MolecularDynamics.textbookWienerVectorFuture_completed_history_product_law.{u_1} {Nc : ℕ} {Ω : Type u_1}
  [MeasurableSpace Ω] (B : NNReal → Ω → Fin Nc → ℝ) (P : MeasureTheory.Measure Ω)
  (hB : MolecularDynamics.textbookIsWienerVector B P) (S T : NNReal) :
  MeasureTheory.Measure.map
      (fun sample =>
        (MolecularDynamics.textbookWienerVectorCompletedHistoryObservation B P hB S sample,
          MolecularDynamics.textbookWienerVectorContinuousPath (MolecularDynamics.textbookWienerVectorFuture B S) (↑T)
            sample))
      P.completion =
    (MeasureTheory.Measure.map (MolecularDynamics.textbookWienerVectorCompletedHistoryObservation B P hB S)
          P.completion).prod
      (MeasureTheory.Measure.map (MolecularDynamics.textbookWienerVectorContinuousPath B ↑T) P)
MolecularDynamics.textbookLangevinGlobalRandomPhase_completed_history_transition_joint_law.{u_1} {Nc : ℕ} {Ω : Type u_1}
  [MeasurableSpace Ω] (B : NNReal → Ω → Fin Nc → ℝ) (P : MeasureTheory.Measure Ω)
  (hB : MolecularDynamics.textbookIsWienerVector B P) (U : (Fin Nc → ℝ) → ℝ) (hU : ContDiff ℝ 2 U) (L : NNReal)
  (hF : LipschitzWith L (MolecularDynamics.textbookPotentialForce U)) (γ σ : ℝ)
  (x : MolecularDynamics.textbookLangevinPhase Nc) (S T : NNReal) :
  MeasureTheory.Measure.map
      (fun sample =>
        (MolecularDynamics.textbookWienerVectorCompletedHistoryObservation B P hB S sample,
          MolecularDynamics.textbookLangevinGlobalRandomPhase U L hF γ σ x B (↑S + ↑T) sample))
      P.completion =
    (MeasureTheory.Measure.map (MolecularDynamics.textbookWienerVectorCompletedHistoryObservation B P hB S)
          P.completion).compProd
      ((MolecularDynamics.textbookLangevinTransitionKernel B P U hU L hF γ σ T).comap
        (fun sample => MolecularDynamics.textbookLangevinGlobalRandomPhase U L hF γ σ x B (↑S) sample) ⋯)
MolecularDynamics.textbookLangevinGlobalRandomPhase_condDistrib_completed_history.{u_1} {Nc : ℕ} {Ω : Type u_1}
  [MeasurableSpace Ω] (B : NNReal → Ω → Fin Nc → ℝ) (P : MeasureTheory.Measure Ω)
  (hB : MolecularDynamics.textbookIsWienerVector B P) (U : (Fin Nc → ℝ) → ℝ) (hU : ContDiff ℝ 2 U) (L : NNReal)
  (hF : LipschitzWith L (MolecularDynamics.textbookPotentialForce U)) (γ σ : ℝ)
  (x : MolecularDynamics.textbookLangevinPhase Nc) (S T : NNReal) :
  ∀ᵐ (sample : MeasureTheory.NullMeasurableSpace Ω P) ∂P.completion,
    (ProbabilityTheory.condDistrib (MolecularDynamics.textbookLangevinGlobalRandomPhase U L hF γ σ x B (↑S + ↑T))
          (MolecularDynamics.textbookWienerVectorCompletedHistoryObservation B P hB S) P.completion)
        (MolecularDynamics.textbookWienerVectorCompletedHistoryObservation B P hB S sample) =
      (MolecularDynamics.textbookLangevinTransitionKernel B P U hU L hF γ σ T)
        (MolecularDynamics.textbookLangevinGlobalRandomPhase U L hF γ σ x B (↑S) sample)
MolecularDynamics.textbookLangevinPeriodicGlobalRandomPhase_completed_history_transition_joint_law.{u_1} {Nc : ℕ}
  {Ω : Type u_1} [MeasurableSpace Ω] (B : NNReal → Ω → Fin Nc → ℝ) (P : MeasureTheory.Measure Ω)
  (hB : MolecularDynamics.textbookIsWienerVector B P) (U : (Fin Nc → ℝ) → ℝ) (hU : ContDiff ℝ (↑⊤) U)
  (hP : MolecularDynamics.textbookUnitPeriodicPotential U) (L : NNReal)
  (hF : LipschitzWith L (MolecularDynamics.textbookPotentialForce U)) (γ σ : ℝ)
  (x : MolecularDynamics.textbookLangevinPeriodicPhase Nc) (S T : NNReal) :
  MeasureTheory.Measure.map
      (fun sample =>
        (MolecularDynamics.textbookWienerVectorCompletedHistoryObservation B P hB S sample,
          MolecularDynamics.textbookLangevinPeriodicGlobalRandomPhase U L hF γ σ x B (↑S + ↑T) sample))
      P.completion =
    (MeasureTheory.Measure.map (MolecularDynamics.textbookWienerVectorCompletedHistoryObservation B P hB S)
          P.completion).compProd
      ((MolecularDynamics.textbookLangevinPeriodicTransitionKernel B P U hU hP L hF γ σ T).comap
        (fun sample => MolecularDynamics.textbookLangevinPeriodicGlobalRandomPhase U L hF γ σ x B (↑S) sample) ⋯)
MolecularDynamics.textbookLangevinPeriodicGlobalRandomPhase_condDistrib_completed_history.{u_1} {Nc : ℕ} {Ω : Type u_1}
  [MeasurableSpace Ω] (B : NNReal → Ω → Fin Nc → ℝ) (P : MeasureTheory.Measure Ω)
  (hB : MolecularDynamics.textbookIsWienerVector B P) (U : (Fin Nc → ℝ) → ℝ) (hU : ContDiff ℝ (↑⊤) U)
  (hP : MolecularDynamics.textbookUnitPeriodicPotential U) (L : NNReal)
  (hF : LipschitzWith L (MolecularDynamics.textbookPotentialForce U)) (γ σ : ℝ)
  (x : MolecularDynamics.textbookLangevinPeriodicPhase Nc) (S T : NNReal) :
  ∀ᵐ (sample : MeasureTheory.NullMeasurableSpace Ω P) ∂P.completion,
    (ProbabilityTheory.condDistrib
          (MolecularDynamics.textbookLangevinPeriodicGlobalRandomPhase U L hF γ σ x B (↑S + ↑T))
          (MolecularDynamics.textbookWienerVectorCompletedHistoryObservation B P hB S) P.completion)
        (MolecularDynamics.textbookWienerVectorCompletedHistoryObservation B P hB S sample) =
      (MolecularDynamics.textbookLangevinPeriodicTransitionKernel B P U hU hP L hF γ σ T)
        (MolecularDynamics.textbookLangevinPeriodicGlobalRandomPhase U L hF γ σ x B (↑S) sample)
MolecularDynamics.textbookWienerVectorCompletedHistoryObservation_law.{u_1} {Nc : ℕ} {Ω : Type u_1} [MeasurableSpace Ω]
  (B : NNReal → Ω → Fin Nc → ℝ) (P : MeasureTheory.Measure Ω) (hB : MolecularDynamics.textbookIsWienerVector B P)
  (S : NNReal) :
  MeasureTheory.Measure.map (MolecularDynamics.textbookWienerVectorCompletedHistoryObservation B P hB S) P.completion =
    P.completion.trim ⋯
MolecularDynamics.textbookLangevinPeriodicGlobalRandomPhase_condDistrib_completed_history_of_periodic.{u_1} {Nc : ℕ}
  {Ω : Type u_1} [MeasurableSpace Ω] (B : NNReal → Ω → Fin Nc → ℝ) (P : MeasureTheory.Measure Ω)
  (hB : MolecularDynamics.textbookIsWienerVector B P) (U : (Fin Nc → ℝ) → ℝ) (hU : ContDiff ℝ (↑⊤) U)
  (hP : MolecularDynamics.textbookUnitPeriodicPotential U) (γ σ : ℝ)
  (x : MolecularDynamics.textbookLangevinPeriodicPhase Nc) :
  ∃ L,
    ∃ (hF : LipschitzWith L (MolecularDynamics.textbookPotentialForce U)),
      ∀ (S T : NNReal),
        ∀ᵐ (sample : MeasureTheory.NullMeasurableSpace Ω P) ∂P.completion,
          (ProbabilityTheory.condDistrib
                (MolecularDynamics.textbookLangevinPeriodicGlobalRandomPhase U L hF γ σ x B (↑S + ↑T))
                (MolecularDynamics.textbookWienerVectorCompletedHistoryObservation B P hB S) P.completion)
              (MolecularDynamics.textbookWienerVectorCompletedHistoryObservation B P hB S sample) =
            (MolecularDynamics.textbookLangevinPeriodicTransitionKernel B P U hU hP L hF γ σ T)
              (MolecularDynamics.textbookLangevinPeriodicGlobalRandomPhase U L hF γ σ x B (↑S) sample)
MolecularDynamics.textbookWienerVectorContinuousPath_restrict.{u_1} {Nc : ℕ} {Ω : Type u_1}
  (B : NNReal → Ω → Fin Nc → ℝ) (A T : ℝ) (hTA : T ≤ A) (sample : Ω) :
  MolecularDynamics.textbookLangevinPathRestriction A T hTA
      (MolecularDynamics.textbookWienerVectorContinuousPath B A sample) =
    MolecularDynamics.textbookWienerVectorContinuousPath B T sample
MolecularDynamics.textbookLangevinGlobalRandomPhase_history_endpoint.{u_1} {Nc : ℕ} {Ω : Type u_1}
  (B : NNReal → Ω → Fin Nc → ℝ) (U : (Fin Nc → ℝ) → ℝ) (hU : ContDiff ℝ 2 U) (L : NNReal)
  (hF : LipschitzWith L (MolecularDynamics.textbookPotentialForce U)) (γ σ : ℝ)
  (x : MolecularDynamics.textbookLangevinPhase Nc) (sample : Ω) (t : ℝ) (ht : 0 ≤ t) :
  MolecularDynamics.textbookLangevinGlobalRandomPhase U L hF γ σ x B t sample =
    MolecularDynamics.textbookLangevinPathEndpoint U L hF γ σ t ht x t
      (MolecularDynamics.textbookWienerVectorContinuousPath B t sample)
MolecularDynamics.textbookLangevinGlobalRandomPhase_fixed_endpoint.{u_1} {Nc : ℕ} {Ω : Type u_1}
  (B : NNReal → Ω → Fin Nc → ℝ) (U : (Fin Nc → ℝ) → ℝ) (hU : ContDiff ℝ 2 U) (L : NNReal)
  (hF : LipschitzWith L (MolecularDynamics.textbookPotentialForce U)) (γ σ : ℝ)
  (x : MolecularDynamics.textbookLangevinPhase Nc) (sample : Ω) (A : ℝ) (hA : 0 ≤ A) (t : ℝ) (ht : t ∈ Set.Icc 0 A) :
  MolecularDynamics.textbookLangevinGlobalRandomPhase U L hF γ σ x B t sample =
    MolecularDynamics.textbookLangevinPathEndpoint U L hF γ σ A hA x t
      (MolecularDynamics.textbookWienerVectorContinuousPath B A sample)
MolecularDynamics.textbookLangevinGlobalRandomPhase_continuousOn.{u_1} {Nc : ℕ} {Ω : Type u_1}
  (B : NNReal → Ω → Fin Nc → ℝ) (U : (Fin Nc → ℝ) → ℝ) (hU : ContDiff ℝ 2 U) (L : NNReal)
  (hF : LipschitzWith L (MolecularDynamics.textbookPotentialForce U)) (γ σ : ℝ)
  (x : MolecularDynamics.textbookLangevinPhase Nc) (sample : Ω) :
  ContinuousOn (fun t => MolecularDynamics.textbookLangevinGlobalRandomPhase U L hF γ σ x B t sample) (Set.Ici 0)
MolecularDynamics.textbookLangevinGlobalRandomPhase_nnreal_continuous.{u_1} {Nc : ℕ} {Ω : Type u_1}
  (B : NNReal → Ω → Fin Nc → ℝ) (U : (Fin Nc → ℝ) → ℝ) (hU : ContDiff ℝ 2 U) (L : NNReal)
  (hF : LipschitzWith L (MolecularDynamics.textbookPotentialForce U)) (γ σ : ℝ)
  (x : MolecularDynamics.textbookLangevinPhase Nc) (sample : Ω) :
  Continuous fun t => MolecularDynamics.textbookLangevinGlobalRandomPhase U L hF γ σ x B (↑t) sample
MolecularDynamics.textbookLangevinPeriodicGlobalRandomPhase_nnreal_continuous.{u_1} {Nc : ℕ} {Ω : Type u_1}
  (B : NNReal → Ω → Fin Nc → ℝ) (U : (Fin Nc → ℝ) → ℝ) (hU : ContDiff ℝ 2 U) (L : NNReal)
  (hF : LipschitzWith L (MolecularDynamics.textbookPotentialForce U)) (γ σ : ℝ)
  (x : MolecularDynamics.textbookLangevinPeriodicPhase Nc) (sample : Ω) :
  Continuous fun t => MolecularDynamics.textbookLangevinPeriodicGlobalRandomPhase U L hF γ σ x B (↑t) sample
MolecularDynamics.textbookLangevinGlobalRandomPhase_isProgressive.{u_1} {Nc : ℕ} {Ω : Type u_1} [MeasurableSpace Ω]
  (B : NNReal → Ω → Fin Nc → ℝ) (P : MeasureTheory.Measure Ω) (hB : MolecularDynamics.textbookIsWienerVector B P)
  (U : (Fin Nc → ℝ) → ℝ) (hU : ContDiff ℝ 2 U) (L : NNReal)
  (hF : LipschitzWith L (MolecularDynamics.textbookPotentialForce U)) (γ σ : ℝ)
  (x : MolecularDynamics.textbookLangevinPhase Nc) :
  MeasureTheory.IsProgressive (MolecularDynamics.textbookWienerVectorCompletedFiltration B P hB) fun t =>
    MolecularDynamics.textbookLangevinGlobalRandomPhase U L hF γ σ x B ↑t
MolecularDynamics.textbookLangevinPeriodicGlobalRandomPhase_isProgressive.{u_1} {Nc : ℕ} {Ω : Type u_1}
  [MeasurableSpace Ω] (B : NNReal → Ω → Fin Nc → ℝ) (P : MeasureTheory.Measure Ω)
  (hB : MolecularDynamics.textbookIsWienerVector B P) (U : (Fin Nc → ℝ) → ℝ) (hU : ContDiff ℝ 2 U) (L : NNReal)
  (hF : LipschitzWith L (MolecularDynamics.textbookPotentialForce U)) (γ σ : ℝ)
  (x : MolecularDynamics.textbookLangevinPeriodicPhase Nc) :
  MeasureTheory.IsProgressive (MolecularDynamics.textbookWienerVectorCompletedFiltration B P hB) fun t =>
    MolecularDynamics.textbookLangevinPeriodicGlobalRandomPhase U L hF γ σ x B ↑t
MolecularDynamics.textbookLangevinPeriodicGlobalRandomPhase_isProgressive_of_periodic.{u_1} {Nc : ℕ} {Ω : Type u_1}
  [MeasurableSpace Ω] (B : NNReal → Ω → Fin Nc → ℝ) (P : MeasureTheory.Measure Ω)
  (hB : MolecularDynamics.textbookIsWienerVector B P) (U : (Fin Nc → ℝ) → ℝ) (hU : ContDiff ℝ (↑⊤) U)
  (hP : MolecularDynamics.textbookUnitPeriodicPotential U) (γ σ : ℝ)
  (x : MolecularDynamics.textbookLangevinPeriodicPhase Nc) :
  ∃ L,
    ∃ (hF : LipschitzWith L (MolecularDynamics.textbookPotentialForce U)),
      MeasureTheory.IsProgressive (MolecularDynamics.textbookWienerVectorCompletedFiltration B P hB) fun t =>
        MolecularDynamics.textbookLangevinPeriodicGlobalRandomPhase U L hF γ σ x B ↑t
MolecularDynamics.textbookCanonicalPartition {Nc : ℕ} (H : MolecularDynamics.SymplecticCoordinates Nc → ℝ) (β : ℝ) : ℝ
MolecularDynamics.textbookCanonicalAverage {Nc : ℕ} (H : MolecularDynamics.SymplecticCoordinates Nc → ℝ) (β : ℝ)
  (f : MolecularDynamics.SymplecticCoordinates Nc → ℝ) : ℝ
MolecularDynamics.textbookCanonicalPartition_pos {Nc : ℕ} (H : MolecularDynamics.SymplecticCoordinates Nc → ℝ) (β : ℝ)
  (hρ : MeasureTheory.Integrable (MolecularDynamics.textbookHamiltonianGibbsWeight H β) MeasureTheory.volume) :
  0 < MolecularDynamics.textbookCanonicalPartition H β
MolecularDynamics.textbookCanonicalAverage_one {Nc : ℕ} (H : MolecularDynamics.SymplecticCoordinates Nc → ℝ) (β : ℝ)
  (hρ : MeasureTheory.Integrable (MolecularDynamics.textbookHamiltonianGibbsWeight H β) MeasureTheory.volume) :
  (MolecularDynamics.textbookCanonicalAverage H β fun x => 1) = 1
MolecularDynamics.textbookHamiltonianGibbsWeight_hasFDerivAt {Nc : ℕ}
  (H : MolecularDynamics.SymplecticCoordinates Nc → ℝ) (β : ℝ) (z : MolecularDynamics.SymplecticCoordinates Nc)
  (hH : DifferentiableAt ℝ H z) :
  HasFDerivAt (MolecularDynamics.textbookHamiltonianGibbsWeight H β)
    (MolecularDynamics.textbookHamiltonianGibbsWeight H β z • -β • fderiv ℝ H z) z
MolecularDynamics.textbookCanonicalWeightedFlux_divergence {Nc : ℕ} (H : MolecularDynamics.SymplecticCoordinates Nc → ℝ)
  (G : MolecularDynamics.SymplecticCoordinates Nc → MolecularDynamics.SymplecticCoordinates Nc) (β : ℝ)
  (z : MolecularDynamics.SymplecticCoordinates Nc) (hH : DifferentiableAt ℝ H z) (hG : DifferentiableAt ℝ G z) :
  MolecularDynamics.textbookDivergence (fun x => MolecularDynamics.textbookHamiltonianGibbsWeight H β x • G x) z =
    MolecularDynamics.textbookHamiltonianGibbsWeight H β z *
      (MolecularDynamics.textbookDivergence G z - β * MolecularDynamics.textbookLieDerivative G H z)
MolecularDynamics.textbookCanonicalWeightedFlux_divergence_integrable {Nc : ℕ}
  (H : MolecularDynamics.SymplecticCoordinates Nc → ℝ)
  (G : MolecularDynamics.SymplecticCoordinates Nc → MolecularDynamics.SymplecticCoordinates Nc) (β : ℝ)
  (hH : Differentiable ℝ H) (hG : Differentiable ℝ G)
  (hdiv :
    MeasureTheory.Integrable
      (fun z => MolecularDynamics.textbookDivergence G z * MolecularDynamics.textbookHamiltonianGibbsWeight H β z)
      MeasureTheory.volume)
  (henergy :
    MeasureTheory.Integrable
      (fun z => MolecularDynamics.textbookLieDerivative G H z * MolecularDynamics.textbookHamiltonianGibbsWeight H β z)
      MeasureTheory.volume) :
  MeasureTheory.Integrable
    (MolecularDynamics.textbookDivergence fun z => MolecularDynamics.textbookHamiltonianGibbsWeight H β z • G z)
    MeasureTheory.volume
MolecularDynamics.textbookCompactPhaseField_integral_fderiv_eq_zero {Nc : ℕ}
  (G : MolecularDynamics.SymplecticCoordinates Nc → MolecularDynamics.SymplecticCoordinates Nc) (hG : ContDiff ℝ 1 G)
  (hs : HasCompactSupport G) (v : MolecularDynamics.SymplecticCoordinates Nc) :
  ∫ (z : MolecularDynamics.SymplecticCoordinates Nc), (fderiv ℝ G z) v = 0
MolecularDynamics.textbookPhaseField_divergence_coordinates {Nc : ℕ}
  (G : MolecularDynamics.SymplecticCoordinates Nc → MolecularDynamics.SymplecticCoordinates Nc)
  (z : MolecularDynamics.SymplecticCoordinates Nc) :
  MolecularDynamics.textbookDivergence G z = ∑ i, (fderiv ℝ G z) (Pi.single i 1) i
MolecularDynamics.textbookCompactPhaseField_integral_divergence_eq_zero {Nc : ℕ}
  (G : MolecularDynamics.SymplecticCoordinates Nc → MolecularDynamics.SymplecticCoordinates Nc) (hG : ContDiff ℝ 1 G)
  (hs : HasCompactSupport G) :
  ∫ (z : MolecularDynamics.SymplecticCoordinates Nc), MolecularDynamics.textbookDivergence G z = 0
MolecularDynamics.textbookCanonicalDensityCutoff {Nc : ℕ} (H : MolecularDynamics.SymplecticCoordinates Nc → ℝ) (β R : ℝ)
  (z : MolecularDynamics.SymplecticCoordinates Nc) : ℝ
MolecularDynamics.textbookCanonicalDensityCutoff_mem_Icc {Nc : ℕ} (H : MolecularDynamics.SymplecticCoordinates Nc → ℝ)
  (β R : ℝ) (z : MolecularDynamics.SymplecticCoordinates Nc) :
  MolecularDynamics.textbookCanonicalDensityCutoff H β R z ∈ Set.Icc 0 1
MolecularDynamics.textbookCanonicalDensityCutoff_contDiff {Nc : ℕ} (H : MolecularDynamics.SymplecticCoordinates Nc → ℝ)
  (β R : ℝ) (hH : ContDiff ℝ 1 H) : ContDiff ℝ 1 (MolecularDynamics.textbookCanonicalDensityCutoff H β R)
MolecularDynamics.textbookCanonicalDensityCutoff_hasFDerivAt {Nc : ℕ}
  (H : MolecularDynamics.SymplecticCoordinates Nc → ℝ) (β R : ℝ) (z : MolecularDynamics.SymplecticCoordinates Nc)
  (hH : DifferentiableAt ℝ H z) :
  HasFDerivAt (MolecularDynamics.textbookCanonicalDensityCutoff H β R)
    (deriv Real.smoothTransition (2 - β * H z / R) • -(R⁻¹ • β • fderiv ℝ H z)) z
MolecularDynamics.textbookCanonicalDensityCutoff_gibbs_lower {Nc : ℕ}
  (H : MolecularDynamics.SymplecticCoordinates Nc → ℝ) (β R : ℝ) (hR : 0 < R)
  (z : MolecularDynamics.SymplecticCoordinates Nc) (hc : MolecularDynamics.textbookCanonicalDensityCutoff H β R z ≠ 0) :
  Real.exp (-2 * R) < MolecularDynamics.textbookHamiltonianGibbsWeight H β z
MolecularDynamics.textbookCanonicalDensityCutoff_flux_integrable {Nc : ℕ}
  (H : MolecularDynamics.SymplecticCoordinates Nc → ℝ)
  (G : MolecularDynamics.SymplecticCoordinates Nc → MolecularDynamics.SymplecticCoordinates Nc) (β R : ℝ) (hR : 0 < R)
  (hH : ContDiff ℝ 1 H) (hG : Continuous G)
  (hρ : MeasureTheory.Integrable (MolecularDynamics.textbookHamiltonianGibbsWeight H β) MeasureTheory.volume) (C : ℝ)
  (hC : 0 ≤ C)
  (hbound :
    ∀ (z : MolecularDynamics.SymplecticCoordinates Nc),
      ‖MolecularDynamics.textbookHamiltonianGibbsWeight H β z • G z‖ ≤ C) :
  MeasureTheory.Integrable
    (fun z =>
      MolecularDynamics.textbookCanonicalDensityCutoff H β R z •
        MolecularDynamics.textbookHamiltonianGibbsWeight H β z • G z)
    MeasureTheory.volume
MolecularDynamics.textbookCanonicalDensityCutoff_eventually_one {Nc : ℕ}
  (H : MolecularDynamics.SymplecticCoordinates Nc → ℝ) (β : ℝ) (z : MolecularDynamics.SymplecticCoordinates Nc) :
  ∀ᶠ (n : ℕ) in Filter.atTop, MolecularDynamics.textbookCanonicalDensityCutoff H β (↑n + 1) z = 1
MolecularDynamics.textbookCanonicalDensityCutoff_flux_divergence {Nc : ℕ}
  (H : MolecularDynamics.SymplecticCoordinates Nc → ℝ)
  (G : MolecularDynamics.SymplecticCoordinates Nc → MolecularDynamics.SymplecticCoordinates Nc) (β R : ℝ)
  (z : MolecularDynamics.SymplecticCoordinates Nc) (hH : DifferentiableAt ℝ H z) (hG : DifferentiableAt ℝ G z) :
  MolecularDynamics.textbookDivergence
      (fun x =>
        MolecularDynamics.textbookCanonicalDensityCutoff H β R x •
          MolecularDynamics.textbookHamiltonianGibbsWeight H β x • G x)
      z =
    MolecularDynamics.textbookCanonicalDensityCutoff H β R z *
        MolecularDynamics.textbookDivergence (fun x => MolecularDynamics.textbookHamiltonianGibbsWeight H β x • G x) z -
      β / R * deriv Real.smoothTransition (2 - β * H z / R) *
        (MolecularDynamics.textbookLieDerivative G H z * MolecularDynamics.textbookHamiltonianGibbsWeight H β z)
MolecularDynamics.textbookPhaseSpaceBump (Nc : ℕ) : ContDiffBump 0
MolecularDynamics.textbookPhaseSpaceCutoff (Nc : ℕ) (R : ℝ) (z : MolecularDynamics.SymplecticCoordinates Nc) : ℝ
MolecularDynamics.textbookPhaseSpaceCutoff_contDiff (Nc : ℕ) (R : ℝ) :
  ContDiff ℝ 1 (MolecularDynamics.textbookPhaseSpaceCutoff Nc R)
MolecularDynamics.textbookPhaseSpaceCutoff_compact (Nc : ℕ) (R : ℝ) (hR : 0 < R) :
  HasCompactSupport (MolecularDynamics.textbookPhaseSpaceCutoff Nc R)
MolecularDynamics.textbookPhaseSpaceCutoff_mem_Icc (Nc : ℕ) (R : ℝ) (z : MolecularDynamics.SymplecticCoordinates Nc) :
  MolecularDynamics.textbookPhaseSpaceCutoff Nc R z ∈ Set.Icc 0 1
MolecularDynamics.textbookPhaseSpaceCutoff_eventually_one (Nc : ℕ) (z : MolecularDynamics.SymplecticCoordinates Nc) :
  ∀ᶠ (n : ℕ) in Filter.atTop, MolecularDynamics.textbookPhaseSpaceCutoff Nc (↑n + 1) z = 1
MolecularDynamics.textbookPhaseSpaceCutoff_fderiv (Nc : ℕ) (R : ℝ) (z : MolecularDynamics.SymplecticCoordinates Nc) :
  fderiv ℝ (MolecularDynamics.textbookPhaseSpaceCutoff Nc R) z =
    R⁻¹ • fderiv ℝ (↑(MolecularDynamics.textbookPhaseSpaceBump Nc)) (R⁻¹ • z)
MolecularDynamics.textbookPhaseSpaceCutoff_fderiv_bound (Nc : ℕ) :
  ∃ C,
    0 ≤ C ∧
      ∀ (R : ℝ),
        0 < R →
          ∀ (z : MolecularDynamics.SymplecticCoordinates Nc),
            ‖fderiv ℝ (MolecularDynamics.textbookPhaseSpaceCutoff Nc R) z‖ ≤ C / R
MolecularDynamics.textbookPhaseField_divergence_continuous {Nc : ℕ}
  (F : MolecularDynamics.SymplecticCoordinates Nc → MolecularDynamics.SymplecticCoordinates Nc) (hF : ContDiff ℝ 1 F) :
  Continuous (MolecularDynamics.textbookDivergence F)
MolecularDynamics.textbookPhaseField_integral_divergence_eq_zero {Nc : ℕ}
  (F : MolecularDynamics.SymplecticCoordinates Nc → MolecularDynamics.SymplecticCoordinates Nc) (hF : ContDiff ℝ 1 F)
  (hFI : MeasureTheory.Integrable F MeasureTheory.volume)
  (hDI : MeasureTheory.Integrable (MolecularDynamics.textbookDivergence F) MeasureTheory.volume) :
  ∫ (z : MolecularDynamics.SymplecticCoordinates Nc), MolecularDynamics.textbookDivergence F z = 0
MolecularDynamics.textbookCanonicalTransition_deriv_compact : HasCompactSupport (deriv Real.smoothTransition)
MolecularDynamics.textbookCanonicalTransition_deriv_bound : ∃ D, 0 ≤ D ∧ ∀ (s : ℝ), ‖deriv Real.smoothTransition s‖ ≤ D
MolecularDynamics.textbookCanonicalDensityCutoff_flux_divergence_integrable {Nc : ℕ}
  (H : MolecularDynamics.SymplecticCoordinates Nc → ℝ)
  (G : MolecularDynamics.SymplecticCoordinates Nc → MolecularDynamics.SymplecticCoordinates Nc) (β R : ℝ)
  (hH : ContDiff ℝ 1 H) (hG : ContDiff ℝ 1 G)
  (hDI :
    MeasureTheory.Integrable
      (MolecularDynamics.textbookDivergence fun z => MolecularDynamics.textbookHamiltonianGibbsWeight H β z • G z)
      MeasureTheory.volume)
  (hEI :
    MeasureTheory.Integrable
      (fun z => MolecularDynamics.textbookLieDerivative G H z * MolecularDynamics.textbookHamiltonianGibbsWeight H β z)
      MeasureTheory.volume) :
  MeasureTheory.Integrable
    (MolecularDynamics.textbookDivergence fun z =>
      MolecularDynamics.textbookCanonicalDensityCutoff H β R z •
        MolecularDynamics.textbookHamiltonianGibbsWeight H β z • G z)
    MeasureTheory.volume
MolecularDynamics.textbookCanonicalWeightedFlux_integral_divergence_eq_zero {Nc : ℕ}
  (H : MolecularDynamics.SymplecticCoordinates Nc → ℝ)
  (G : MolecularDynamics.SymplecticCoordinates Nc → MolecularDynamics.SymplecticCoordinates Nc) (β : ℝ)
  (hH : ContDiff ℝ 1 H) (hG : ContDiff ℝ 1 G)
  (hρI : MeasureTheory.Integrable (MolecularDynamics.textbookHamiltonianGibbsWeight H β) MeasureTheory.volume)
  (hdivI :
    MeasureTheory.Integrable
      (fun z => MolecularDynamics.textbookDivergence G z * MolecularDynamics.textbookHamiltonianGibbsWeight H β z)
      MeasureTheory.volume)
  (henergyI :
    MeasureTheory.Integrable
      (fun z => MolecularDynamics.textbookLieDerivative G H z * MolecularDynamics.textbookHamiltonianGibbsWeight H β z)
      MeasureTheory.volume)
  (C : ℝ) (hC : 0 ≤ C)
  (hbound :
    ∀ (z : MolecularDynamics.SymplecticCoordinates Nc),
      ‖MolecularDynamics.textbookHamiltonianGibbsWeight H β z • G z‖ ≤ C) :
  ∫ (z : MolecularDynamics.SymplecticCoordinates Nc),
      MolecularDynamics.textbookDivergence (fun x => MolecularDynamics.textbookHamiltonianGibbsWeight H β x • G x) z =
    0
MolecularDynamics.textbookCanonicalAverage_divergence_eq_beta_lieDerivative {Nc : ℕ}
  (H : MolecularDynamics.SymplecticCoordinates Nc → ℝ)
  (G : MolecularDynamics.SymplecticCoordinates Nc → MolecularDynamics.SymplecticCoordinates Nc) (β : ℝ)
  (hH : ContDiff ℝ 1 H) (hG : ContDiff ℝ 1 G)
  (hρI : MeasureTheory.Integrable (MolecularDynamics.textbookHamiltonianGibbsWeight H β) MeasureTheory.volume)
  (hdivI :
    MeasureTheory.Integrable
      (fun z => MolecularDynamics.textbookDivergence G z * MolecularDynamics.textbookHamiltonianGibbsWeight H β z)
      MeasureTheory.volume)
  (henergyI :
    MeasureTheory.Integrable
      (fun z => MolecularDynamics.textbookLieDerivative G H z * MolecularDynamics.textbookHamiltonianGibbsWeight H β z)
      MeasureTheory.volume)
  (C : ℝ) (hC : 0 ≤ C)
  (hbound :
    ∀ (z : MolecularDynamics.SymplecticCoordinates Nc),
      ‖MolecularDynamics.textbookHamiltonianGibbsWeight H β z • G z‖ ≤ C) :
  MolecularDynamics.textbookCanonicalAverage H β (MolecularDynamics.textbookDivergence G) =
    β * MolecularDynamics.textbookCanonicalAverage H β (MolecularDynamics.textbookLieDerivative G H)
MolecularDynamics.textbookCanonicalAverage_temperature_ratio {Nc : ℕ}
  (H : MolecularDynamics.SymplecticCoordinates Nc → ℝ)
  (G : MolecularDynamics.SymplecticCoordinates Nc → MolecularDynamics.SymplecticCoordinates Nc) (β : ℝ) (hβ : 0 < β)
  (hH : ContDiff ℝ 1 H) (hG : ContDiff ℝ 1 G)
  (hρI : MeasureTheory.Integrable (MolecularDynamics.textbookHamiltonianGibbsWeight H β) MeasureTheory.volume)
  (hdivI :
    MeasureTheory.Integrable
      (fun z => MolecularDynamics.textbookDivergence G z * MolecularDynamics.textbookHamiltonianGibbsWeight H β z)
      MeasureTheory.volume)
  (henergyI :
    MeasureTheory.Integrable
      (fun z => MolecularDynamics.textbookLieDerivative G H z * MolecularDynamics.textbookHamiltonianGibbsWeight H β z)
      MeasureTheory.volume)
  (C : ℝ) (hC : 0 ≤ C)
  (hbound :
    ∀ (z : MolecularDynamics.SymplecticCoordinates Nc),
      ‖MolecularDynamics.textbookHamiltonianGibbsWeight H β z • G z‖ ≤ C)
  (hpos : 0 < MolecularDynamics.textbookCanonicalAverage H β (MolecularDynamics.textbookDivergence G)) :
  MolecularDynamics.textbookCanonicalAverage H β (MolecularDynamics.textbookLieDerivative G H) /
      MolecularDynamics.textbookCanonicalAverage H β (MolecularDynamics.textbookDivergence G) =
    β⁻¹
MolecularDynamics.proposition_6_1 {Nc : ℕ} (H : MolecularDynamics.SymplecticCoordinates Nc → ℝ)
  (G : MolecularDynamics.SymplecticCoordinates Nc → MolecularDynamics.SymplecticCoordinates Nc) (kB T : ℝ)
  (hkB : 0 < kB) (hT : 0 < T) (hH : ContDiff ℝ 1 H) (hG : ContDiff ℝ 1 G)
  (hρI : MeasureTheory.Integrable (MolecularDynamics.textbookHamiltonianGibbsWeight H (kB * T)⁻¹) MeasureTheory.volume)
  (hdivI :
    MeasureTheory.Integrable
      (fun z =>
        MolecularDynamics.textbookDivergence G z * MolecularDynamics.textbookHamiltonianGibbsWeight H (kB * T)⁻¹ z)
      MeasureTheory.volume)
  (henergyI :
    MeasureTheory.Integrable
      (fun z =>
        MolecularDynamics.textbookLieDerivative G H z * MolecularDynamics.textbookHamiltonianGibbsWeight H (kB * T)⁻¹ z)
      MeasureTheory.volume)
  (C : ℝ) (hC : 0 ≤ C)
  (hbound :
    ∀ (z : MolecularDynamics.SymplecticCoordinates Nc),
      ‖MolecularDynamics.textbookHamiltonianGibbsWeight H (kB * T)⁻¹ z • G z‖ ≤ C)
  (hpos : 0 < MolecularDynamics.textbookCanonicalAverage H (kB * T)⁻¹ (MolecularDynamics.textbookDivergence G)) :
  kB * T =
    MolecularDynamics.textbookCanonicalAverage H (kB * T)⁻¹ (MolecularDynamics.textbookLieDerivative G H) /
      MolecularDynamics.textbookCanonicalAverage H (kB * T)⁻¹ (MolecularDynamics.textbookDivergence G)
MolecularDynamics.textbookPhaseLieDerivative_coordinates {Nc : ℕ}
  (G : MolecularDynamics.SymplecticCoordinates Nc → MolecularDynamics.SymplecticCoordinates Nc)
  (H : MolecularDynamics.SymplecticCoordinates Nc → ℝ) (z : MolecularDynamics.SymplecticCoordinates Nc) :
  MolecularDynamics.textbookLieDerivative G H z = ∑ i, G z i * (fderiv ℝ H z) (Pi.single i 1)
MolecularDynamics.textbookCanonicalAverage_lieDerivative_pos {Nc : ℕ}
  (H : MolecularDynamics.SymplecticCoordinates Nc → ℝ)
  (G : MolecularDynamics.SymplecticCoordinates Nc → MolecularDynamics.SymplecticCoordinates Nc) (β : ℝ) (hβ : 0 < β)
  (hH : ContDiff ℝ 1 H) (hG : ContDiff ℝ 1 G)
  (hρI : MeasureTheory.Integrable (MolecularDynamics.textbookHamiltonianGibbsWeight H β) MeasureTheory.volume)
  (hdivI :
    MeasureTheory.Integrable
      (fun z => MolecularDynamics.textbookDivergence G z * MolecularDynamics.textbookHamiltonianGibbsWeight H β z)
      MeasureTheory.volume)
  (henergyI :
    MeasureTheory.Integrable
      (fun z => MolecularDynamics.textbookLieDerivative G H z * MolecularDynamics.textbookHamiltonianGibbsWeight H β z)
      MeasureTheory.volume)
  (C : ℝ) (hC : 0 ≤ C)
  (hbound :
    ∀ (z : MolecularDynamics.SymplecticCoordinates Nc),
      ‖MolecularDynamics.textbookHamiltonianGibbsWeight H β z • G z‖ ≤ C)
  (hpos : 0 < MolecularDynamics.textbookCanonicalAverage H β (MolecularDynamics.textbookDivergence G)) :
  0 < MolecularDynamics.textbookCanonicalAverage H β (MolecularDynamics.textbookLieDerivative G H)
MolecularDynamics.textbookConfigurationPartial {Nc : ℕ} (f : (Fin Nc → ℝ) → ℝ) (i : Fin Nc) (q : Fin Nc → ℝ) : ℝ
MolecularDynamics.textbookConfigurationCube (Nc : ℕ) : Set (Fin Nc → ℝ)
MolecularDynamics.textbookConfigurationGibbsWeight {Nc : ℕ} (U : (Fin Nc → ℝ) → ℝ) (β : ℝ) (q : Fin Nc → ℝ) : ℝ
MolecularDynamics.textbookConfigurationGradientPair {Nc : ℕ} (m : Fin Nc → ℝ) (f g : (Fin Nc → ℝ) → ℝ)
  (q : Fin Nc → ℝ) : ℝ
MolecularDynamics.textbookBrownianGenerator {Nc : ℕ} (m : Fin Nc → ℝ) (U : (Fin Nc → ℝ) → ℝ) (β : ℝ)
  (f : (Fin Nc → ℝ) → ℝ) (q : Fin Nc → ℝ) : ℝ
MolecularDynamics.textbookConfigurationPartial_contDiff {Nc : ℕ} (f : (Fin Nc → ℝ) → ℝ) (hf : ContDiff ℝ (↑⊤) f)
  (i : Fin Nc) : ContDiff ℝ (↑⊤) (MolecularDynamics.textbookConfigurationPartial f i)
MolecularDynamics.textbookConfigurationPartial_periodic {Nc : ℕ} (f : (Fin Nc → ℝ) → ℝ) (hf : ContDiff ℝ (↑⊤) f)
  (hp : MolecularDynamics.textbookUnitPeriodicPotential f) (i : Fin Nc) :
  MolecularDynamics.textbookUnitPeriodicPotential (MolecularDynamics.textbookConfigurationPartial f i)
MolecularDynamics.textbookConfigurationCube_opposite_faces {n : ℕ} (i : Fin (n + 1)) (q : Fin n → ℝ) :
  i.insertNth 1 q = i.insertNth 0 q + fun j => ↑(Pi.single i 1 j)
MolecularDynamics.textbookConfigurationCube_integral_divergence_eq_zero {Nc : ℕ} (F : Fin Nc → (Fin Nc → ℝ) → ℝ)
  (hF : ∀ (i : Fin Nc), ContDiff ℝ (↑⊤) (F i))
  (hp : ∀ (i : Fin Nc), MolecularDynamics.textbookUnitPeriodicPotential (F i)) :
  ∫ (q : Fin Nc → ℝ) in MolecularDynamics.textbookConfigurationCube Nc,
      ∑ i, MolecularDynamics.textbookConfigurationPartial (F i) i q =
    0
MolecularDynamics.textbookConfigurationGibbsWeight_contDiff {Nc : ℕ} (U : (Fin Nc → ℝ) → ℝ) (hU : ContDiff ℝ (↑⊤) U)
  (β : ℝ) : ContDiff ℝ (↑⊤) (MolecularDynamics.textbookConfigurationGibbsWeight U β)
MolecularDynamics.textbookConfigurationGibbsWeight_periodic {Nc : ℕ} (U : (Fin Nc → ℝ) → ℝ)
  (hp : MolecularDynamics.textbookUnitPeriodicPotential U) (β : ℝ) :
  MolecularDynamics.textbookUnitPeriodicPotential (MolecularDynamics.textbookConfigurationGibbsWeight U β)
MolecularDynamics.textbookConfigurationGibbsWeight_partial {Nc : ℕ} (U : (Fin Nc → ℝ) → ℝ) (hU : ContDiff ℝ (↑⊤) U)
  (β : ℝ) (i : Fin Nc) (q : Fin Nc → ℝ) :
  MolecularDynamics.textbookConfigurationPartial (MolecularDynamics.textbookConfigurationGibbsWeight U β) i q =
    -β * MolecularDynamics.textbookConfigurationPartial U i q * MolecularDynamics.textbookConfigurationGibbsWeight U β q
MolecularDynamics.textbookBrownianWeightedFlux {Nc : ℕ} (m : Fin Nc → ℝ) (U : (Fin Nc → ℝ) → ℝ) (β : ℝ)
  (f g : (Fin Nc → ℝ) → ℝ) (i : Fin Nc) (q : Fin Nc → ℝ) : ℝ
MolecularDynamics.textbookBrownianWeightedFlux_contDiff {Nc : ℕ} (m : Fin Nc → ℝ) (U : (Fin Nc → ℝ) → ℝ) (β : ℝ)
  (f g : (Fin Nc → ℝ) → ℝ) (hU : ContDiff ℝ (↑⊤) U) (hf : ContDiff ℝ (↑⊤) f) (hg : ContDiff ℝ (↑⊤) g) (i : Fin Nc) :
  ContDiff ℝ (↑⊤) (MolecularDynamics.textbookBrownianWeightedFlux m U β f g i)
MolecularDynamics.textbookBrownianWeightedFlux_periodic {Nc : ℕ} (m : Fin Nc → ℝ) (U : (Fin Nc → ℝ) → ℝ) (β : ℝ)
  (f g : (Fin Nc → ℝ) → ℝ) (hg : ContDiff ℝ (↑⊤) g) (hPU : MolecularDynamics.textbookUnitPeriodicPotential U)
  (hPf : MolecularDynamics.textbookUnitPeriodicPotential f) (hPg : MolecularDynamics.textbookUnitPeriodicPotential g)
  (i : Fin Nc) :
  MolecularDynamics.textbookUnitPeriodicPotential (MolecularDynamics.textbookBrownianWeightedFlux m U β f g i)
MolecularDynamics.textbookBrownianWeightedFlux_partial {Nc : ℕ} (m : Fin Nc → ℝ) (U : (Fin Nc → ℝ) → ℝ) (β : ℝ)
  (f g : (Fin Nc → ℝ) → ℝ) (hU : ContDiff ℝ (↑⊤) U) (hf : ContDiff ℝ (↑⊤) f) (hg : ContDiff ℝ (↑⊤) g) (i : Fin Nc)
  (q : Fin Nc → ℝ) :
  MolecularDynamics.textbookConfigurationPartial (MolecularDynamics.textbookBrownianWeightedFlux m U β f g i) i q =
    (m i)⁻¹ *
      ((MolecularDynamics.textbookConfigurationPartial f i q * MolecularDynamics.textbookConfigurationPartial g i q +
            f q *
              MolecularDynamics.textbookConfigurationPartial (MolecularDynamics.textbookConfigurationPartial g i) i q -
          β * f q * MolecularDynamics.textbookConfigurationPartial g i q *
            MolecularDynamics.textbookConfigurationPartial U i q) *
        MolecularDynamics.textbookConfigurationGibbsWeight U β q)
MolecularDynamics.textbookBrownianWeightedFlux_divergence {Nc : ℕ} (m : Fin Nc → ℝ) (U : (Fin Nc → ℝ) → ℝ) (β : ℝ)
  (hβ : β ≠ 0) (f g : (Fin Nc → ℝ) → ℝ) (hU : ContDiff ℝ (↑⊤) U) (hf : ContDiff ℝ (↑⊤) f) (hg : ContDiff ℝ (↑⊤) g)
  (q : Fin Nc → ℝ) :
  ∑ i, MolecularDynamics.textbookConfigurationPartial (MolecularDynamics.textbookBrownianWeightedFlux m U β f g i) i q =
    (MolecularDynamics.textbookConfigurationGradientPair m f g q +
        β * f q * MolecularDynamics.textbookBrownianGenerator m U β g q) *
      MolecularDynamics.textbookConfigurationGibbsWeight U β q
MolecularDynamics.textbookBrownianGenerator_integral_dirichlet {Nc : ℕ} (m : Fin Nc → ℝ) (U : (Fin Nc → ℝ) → ℝ) (β : ℝ)
  (hβ : β ≠ 0) (f g : (Fin Nc → ℝ) → ℝ) (hU : ContDiff ℝ (↑⊤) U) (hf : ContDiff ℝ (↑⊤) f) (hg : ContDiff ℝ (↑⊤) g)
  (hPU : MolecularDynamics.textbookUnitPeriodicPotential U) (hPf : MolecularDynamics.textbookUnitPeriodicPotential f)
  (hPg : MolecularDynamics.textbookUnitPeriodicPotential g) :
  ∫ (q : Fin Nc → ℝ) in MolecularDynamics.textbookConfigurationCube Nc,
      f q * MolecularDynamics.textbookBrownianGenerator m U β g q *
        MolecularDynamics.textbookConfigurationGibbsWeight U β q =
    -β⁻¹ *
      ∫ (q : Fin Nc → ℝ) in MolecularDynamics.textbookConfigurationCube Nc,
        MolecularDynamics.textbookConfigurationGradientPair m f g q *
          MolecularDynamics.textbookConfigurationGibbsWeight U β q
MolecularDynamics.textbookConfigurationPartition {Nc : ℕ} (U : (Fin Nc → ℝ) → ℝ) (β : ℝ) : ℝ
MolecularDynamics.textbookConfigurationInner {Nc : ℕ} (U : (Fin Nc → ℝ) → ℝ) (β : ℝ) (f g : (Fin Nc → ℝ) → ℝ) : ℝ
MolecularDynamics.textbookConfigurationCube_volume (Nc : ℕ) :
  MeasureTheory.volume (MolecularDynamics.textbookConfigurationCube Nc) = 1
MolecularDynamics.textbookConfigurationPartition_pos {Nc : ℕ} (U : (Fin Nc → ℝ) → ℝ) (hU : ContDiff ℝ (↑⊤) U) (β : ℝ) :
  0 < MolecularDynamics.textbookConfigurationPartition U β
MolecularDynamics.textbookBrownianGenerator_inner_dirichlet {Nc : ℕ} (m : Fin Nc → ℝ) (U : (Fin Nc → ℝ) → ℝ) (β : ℝ)
  (hβ : β ≠ 0) (f g : (Fin Nc → ℝ) → ℝ) (hU : ContDiff ℝ (↑⊤) U) (hf : ContDiff ℝ (↑⊤) f) (hg : ContDiff ℝ (↑⊤) g)
  (hPU : MolecularDynamics.textbookUnitPeriodicPotential U) (hPf : MolecularDynamics.textbookUnitPeriodicPotential f)
  (hPg : MolecularDynamics.textbookUnitPeriodicPotential g) :
  MolecularDynamics.textbookConfigurationInner U β f (MolecularDynamics.textbookBrownianGenerator m U β g) =
    -β⁻¹ * (MolecularDynamics.textbookConfigurationPartition U β)⁻¹ *
      ∫ (q : Fin Nc → ℝ) in MolecularDynamics.textbookConfigurationCube Nc,
        MolecularDynamics.textbookConfigurationGradientPair m f g q *
          MolecularDynamics.textbookConfigurationGibbsWeight U β q
MolecularDynamics.textbookBrownianGenerator_inner_symmetric {Nc : ℕ} (m : Fin Nc → ℝ) (U : (Fin Nc → ℝ) → ℝ) (β : ℝ)
  (hβ : β ≠ 0) (f g : (Fin Nc → ℝ) → ℝ) (hU : ContDiff ℝ (↑⊤) U) (hf : ContDiff ℝ (↑⊤) f) (hg : ContDiff ℝ (↑⊤) g)
  (hPU : MolecularDynamics.textbookUnitPeriodicPotential U) (hPf : MolecularDynamics.textbookUnitPeriodicPotential f)
  (hPg : MolecularDynamics.textbookUnitPeriodicPotential g) :
  MolecularDynamics.textbookConfigurationInner U β f (MolecularDynamics.textbookBrownianGenerator m U β g) =
    MolecularDynamics.textbookConfigurationInner U β (MolecularDynamics.textbookBrownianGenerator m U β f) g
MolecularDynamics.textbookBrownianGenerator_inner_nonpos {Nc : ℕ} (m : Fin Nc → ℝ) (hm : ∀ (i : Fin Nc), 0 < m i)
  (U : (Fin Nc → ℝ) → ℝ) (β : ℝ) (hβ : 0 < β) (f : (Fin Nc → ℝ) → ℝ) (hU : ContDiff ℝ (↑⊤) U) (hf : ContDiff ℝ (↑⊤) f)
  (hPU : MolecularDynamics.textbookUnitPeriodicPotential U) (hPf : MolecularDynamics.textbookUnitPeriodicPotential f) :
  MolecularDynamics.textbookConfigurationInner U β f (MolecularDynamics.textbookBrownianGenerator m U β f) ≤ 0
MolecularDynamics.textbookConfigurationInner_self_pos {Nc : ℕ} (U : (Fin Nc → ℝ) → ℝ) (β : ℝ) (f : (Fin Nc → ℝ) → ℝ)
  (hU : ContDiff ℝ (↑⊤) U) (hf : ContDiff ℝ (↑⊤) f)
  (hne : ¬f =ᵐ[MeasureTheory.volume.restrict (MolecularDynamics.textbookConfigurationCube Nc)] 0) :
  0 < MolecularDynamics.textbookConfigurationInner U β f f
MolecularDynamics.textbookBrownianGenerator_real_eigenvalue_nonpos {Nc : ℕ} (m : Fin Nc → ℝ)
  (hm : ∀ (i : Fin Nc), 0 < m i) (U : (Fin Nc → ℝ) → ℝ) (β : ℝ) (hβ : 0 < β) (f : (Fin Nc → ℝ) → ℝ)
  (hU : ContDiff ℝ (↑⊤) U) (hf : ContDiff ℝ (↑⊤) f) (hPU : MolecularDynamics.textbookUnitPeriodicPotential U)
  (hPf : MolecularDynamics.textbookUnitPeriodicPotential f)
  (hne : ¬f =ᵐ[MeasureTheory.volume.restrict (MolecularDynamics.textbookConfigurationCube Nc)] 0) (ℓ : ℝ)
  (heig : ∀ (q : Fin Nc → ℝ), MolecularDynamics.textbookBrownianGenerator m U β f q = ℓ * f q) : ℓ ≤ 0
MolecularDynamics.textbookBrownianGenerator_const {Nc : ℕ} (m : Fin Nc → ℝ) (U : (Fin Nc → ℝ) → ℝ) (β c : ℝ) :
  (MolecularDynamics.textbookBrownianGenerator m U β fun x => c) = 0
MolecularDynamics.textbookBrownianGenerator_gibbs_weak_stationary {Nc : ℕ} (m : Fin Nc → ℝ) (U : (Fin Nc → ℝ) → ℝ)
  (β : ℝ) (hβ : β ≠ 0) (g : (Fin Nc → ℝ) → ℝ) (hU : ContDiff ℝ (↑⊤) U) (hg : ContDiff ℝ (↑⊤) g)
  (hPU : MolecularDynamics.textbookUnitPeriodicPotential U) (hPg : MolecularDynamics.textbookUnitPeriodicPotential g) :
  ∫ (q : Fin Nc → ℝ) in MolecularDynamics.textbookConfigurationCube Nc,
      MolecularDynamics.textbookBrownianGenerator m U β g q * MolecularDynamics.textbookConfigurationGibbsWeight U β q =
    0
MolecularDynamics.textbookConfigurationTorusProjection {Nc : ℕ} (q : Fin Nc → ℝ) : UnitAddTorus (Fin Nc)
MolecularDynamics.textbookConfigurationTorusRepresentative {Nc : ℕ} (Q : UnitAddTorus (Fin Nc)) : Fin Nc → ℝ
MolecularDynamics.textbookConfigurationTorusRepresentative_measurable (Nc : ℕ) :
  Measurable MolecularDynamics.textbookConfigurationTorusRepresentative
MolecularDynamics.textbookConfigurationTorusRepresentative_projects {Nc : ℕ} (Q : UnitAddTorus (Fin Nc)) :
  MolecularDynamics.textbookConfigurationTorusProjection
      (MolecularDynamics.textbookConfigurationTorusRepresentative Q) =
    Q
MolecularDynamics.textbookConfigurationTorusProjection_measurePreserving (Nc : ℕ) :
  MeasureTheory.MeasurePreserving MolecularDynamics.textbookConfigurationTorusProjection
    (MeasureTheory.volume.restrict (MolecularDynamics.textbookConfigurationCube Nc)) MeasureTheory.volume
MolecularDynamics.textbookConfigurationTorusObservable {Nc : ℕ} (f : (Fin Nc → ℝ) → ℝ) (Q : UnitAddTorus (Fin Nc)) : ℝ
MolecularDynamics.textbookConfigurationTorusObservable_measurable {Nc : ℕ} (f : (Fin Nc → ℝ) → ℝ) (hf : Continuous f) :
  Measurable (MolecularDynamics.textbookConfigurationTorusObservable f)
MolecularDynamics.textbookConfigurationTorusObservable_lift {Nc : ℕ} (f : (Fin Nc → ℝ) → ℝ)
  (hp : MolecularDynamics.textbookUnitPeriodicPotential f) (q : Fin Nc → ℝ) :
  MolecularDynamics.textbookConfigurationTorusObservable f (MolecularDynamics.textbookConfigurationTorusProjection q) =
    f q
MolecularDynamics.textbookConfigurationTorusObservable_integral {Nc : ℕ} (f : (Fin Nc → ℝ) → ℝ)
  (hp : MolecularDynamics.textbookUnitPeriodicPotential f) :
  ∫ (Q : UnitAddTorus (Fin Nc)), MolecularDynamics.textbookConfigurationTorusObservable f Q =
    ∫ (q : Fin Nc → ℝ) in MolecularDynamics.textbookConfigurationCube Nc, f q
MolecularDynamics.textbookConfigurationTorusObservable_integrable {Nc : ℕ} (f : (Fin Nc → ℝ) → ℝ) (hf : Continuous f)
  (hp : MolecularDynamics.textbookUnitPeriodicPotential f) :
  MeasureTheory.Integrable (MolecularDynamics.textbookConfigurationTorusObservable f) MeasureTheory.volume
MolecularDynamics.textbookConfigurationTorusGibbsWeight {Nc : ℕ} (U : (Fin Nc → ℝ) → ℝ) (β : ℝ)
  (Q : UnitAddTorus (Fin Nc)) : ℝ
MolecularDynamics.textbookConfigurationTorusGibbsWeight_lift {Nc : ℕ} (U : (Fin Nc → ℝ) → ℝ)
  (hP : MolecularDynamics.textbookUnitPeriodicPotential U) (β : ℝ) (q : Fin Nc → ℝ) :
  MolecularDynamics.textbookConfigurationTorusGibbsWeight U β
      (MolecularDynamics.textbookConfigurationTorusProjection q) =
    MolecularDynamics.textbookConfigurationGibbsWeight U β q
MolecularDynamics.textbookConfigurationTorusGibbsWeight_integral {Nc : ℕ} (U : (Fin Nc → ℝ) → ℝ)
  (hP : MolecularDynamics.textbookUnitPeriodicPotential U) (β : ℝ) :
  ∫ (Q : UnitAddTorus (Fin Nc)), MolecularDynamics.textbookConfigurationTorusGibbsWeight U β Q =
    MolecularDynamics.textbookConfigurationPartition U β
MolecularDynamics.textbookConfigurationTorusGibbsWeight_integrable {Nc : ℕ} (U : (Fin Nc → ℝ) → ℝ)
  (hU : ContDiff ℝ (↑⊤) U) (hP : MolecularDynamics.textbookUnitPeriodicPotential U) (β : ℝ) :
  MeasureTheory.Integrable (MolecularDynamics.textbookConfigurationTorusGibbsWeight U β) MeasureTheory.volume
MolecularDynamics.textbookConfigurationTorusGibbsMeasure {Nc : ℕ} (U : (Fin Nc → ℝ) → ℝ) (β : ℝ) :
  MeasureTheory.Measure (UnitAddTorus (Fin Nc))
MolecularDynamics.textbookConfigurationTorusGibbsMeasure_isProbabilityMeasure {Nc : ℕ} (U : (Fin Nc → ℝ) → ℝ)
  (hU : ContDiff ℝ (↑⊤) U) (hP : MolecularDynamics.textbookUnitPeriodicPotential U) (β : ℝ) :
  MeasureTheory.IsProbabilityMeasure (MolecularDynamics.textbookConfigurationTorusGibbsMeasure U β)
MolecularDynamics.textbookConfigurationTorusGibbsMeasure_integral_observable {Nc : ℕ} (U : (Fin Nc → ℝ) → ℝ)
  (hU : ContDiff ℝ (↑⊤) U) (hPU : MolecularDynamics.textbookUnitPeriodicPotential U) (β : ℝ) (f : (Fin Nc → ℝ) → ℝ)
  (hPf : MolecularDynamics.textbookUnitPeriodicPotential f) :
  ∫ (Q : UnitAddTorus (Fin Nc)),
      MolecularDynamics.textbookConfigurationTorusObservable f
        Q ∂MolecularDynamics.textbookConfigurationTorusGibbsMeasure U β =
    (MolecularDynamics.textbookConfigurationPartition U β)⁻¹ *
      ∫ (q : Fin Nc → ℝ) in MolecularDynamics.textbookConfigurationCube Nc,
        f q * MolecularDynamics.textbookConfigurationGibbsWeight U β q
MolecularDynamics.textbookConfigurationTorusGibbsMeasure_inner {Nc : ℕ} (U : (Fin Nc → ℝ) → ℝ) (hU : ContDiff ℝ (↑⊤) U)
  (hPU : MolecularDynamics.textbookUnitPeriodicPotential U) (β : ℝ) (f g : (Fin Nc → ℝ) → ℝ)
  (hPf : MolecularDynamics.textbookUnitPeriodicPotential f) (hPg : MolecularDynamics.textbookUnitPeriodicPotential g) :
  ∫ (Q : UnitAddTorus (Fin Nc)),
      MolecularDynamics.textbookConfigurationTorusObservable f Q *
        MolecularDynamics.textbookConfigurationTorusObservable g
          Q ∂MolecularDynamics.textbookConfigurationTorusGibbsMeasure U β =
    MolecularDynamics.textbookConfigurationInner U β f g
MolecularDynamics.textbookBrownianGenerator_periodic {Nc : ℕ} (m : Fin Nc → ℝ) (U : (Fin Nc → ℝ) → ℝ) (β : ℝ)
  (g : (Fin Nc → ℝ) → ℝ) (hU : ContDiff ℝ (↑⊤) U) (hg : ContDiff ℝ (↑⊤) g)
  (hPU : MolecularDynamics.textbookUnitPeriodicPotential U) (hPg : MolecularDynamics.textbookUnitPeriodicPotential g) :
  MolecularDynamics.textbookUnitPeriodicPotential (MolecularDynamics.textbookBrownianGenerator m U β g)
MolecularDynamics.textbookBrownianGenerator_contDiff {Nc : ℕ} (m : Fin Nc → ℝ) (U : (Fin Nc → ℝ) → ℝ) (β : ℝ)
  (g : (Fin Nc → ℝ) → ℝ) (hU : ContDiff ℝ (↑⊤) U) (hg : ContDiff ℝ (↑⊤) g) :
  ContDiff ℝ (↑⊤) (MolecularDynamics.textbookBrownianGenerator m U β g)
MolecularDynamics.textbookConfigurationGradientPair_periodic {Nc : ℕ} (m : Fin Nc → ℝ) (f g : (Fin Nc → ℝ) → ℝ)
  (hf : ContDiff ℝ (↑⊤) f) (hg : ContDiff ℝ (↑⊤) g) (hPf : MolecularDynamics.textbookUnitPeriodicPotential f)
  (hPg : MolecularDynamics.textbookUnitPeriodicPotential g) :
  MolecularDynamics.textbookUnitPeriodicPotential (MolecularDynamics.textbookConfigurationGradientPair m f g)
MolecularDynamics.textbookBrownianTorusGibbsMeasure_dirichlet {Nc : ℕ} (m : Fin Nc → ℝ) (U : (Fin Nc → ℝ) → ℝ) (β : ℝ)
  (hβ : β ≠ 0) (f g : (Fin Nc → ℝ) → ℝ) (hU : ContDiff ℝ (↑⊤) U) (hf : ContDiff ℝ (↑⊤) f) (hg : ContDiff ℝ (↑⊤) g)
  (hPU : MolecularDynamics.textbookUnitPeriodicPotential U) (hPf : MolecularDynamics.textbookUnitPeriodicPotential f)
  (hPg : MolecularDynamics.textbookUnitPeriodicPotential g) :
  ∫ (Q : UnitAddTorus (Fin Nc)),
      MolecularDynamics.textbookConfigurationTorusObservable f Q *
        MolecularDynamics.textbookConfigurationTorusObservable (MolecularDynamics.textbookBrownianGenerator m U β g)
          Q ∂MolecularDynamics.textbookConfigurationTorusGibbsMeasure U β =
    -β⁻¹ *
      ∫ (Q : UnitAddTorus (Fin Nc)),
        MolecularDynamics.textbookConfigurationTorusObservable
          (MolecularDynamics.textbookConfigurationGradientPair m f g)
          Q ∂MolecularDynamics.textbookConfigurationTorusGibbsMeasure U β
MolecularDynamics.textbookBrownianTorusGibbsMeasure_symmetric {Nc : ℕ} (m : Fin Nc → ℝ) (U : (Fin Nc → ℝ) → ℝ) (β : ℝ)
  (hβ : β ≠ 0) (f g : (Fin Nc → ℝ) → ℝ) (hU : ContDiff ℝ (↑⊤) U) (hf : ContDiff ℝ (↑⊤) f) (hg : ContDiff ℝ (↑⊤) g)
  (hPU : MolecularDynamics.textbookUnitPeriodicPotential U) (hPf : MolecularDynamics.textbookUnitPeriodicPotential f)
  (hPg : MolecularDynamics.textbookUnitPeriodicPotential g) :
  ∫ (Q : UnitAddTorus (Fin Nc)),
      MolecularDynamics.textbookConfigurationTorusObservable f Q *
        MolecularDynamics.textbookConfigurationTorusObservable (MolecularDynamics.textbookBrownianGenerator m U β g)
          Q ∂MolecularDynamics.textbookConfigurationTorusGibbsMeasure U β =
    ∫ (Q : UnitAddTorus (Fin Nc)),
      MolecularDynamics.textbookConfigurationTorusObservable (MolecularDynamics.textbookBrownianGenerator m U β f) Q *
        MolecularDynamics.textbookConfigurationTorusObservable g
          Q ∂MolecularDynamics.textbookConfigurationTorusGibbsMeasure U β
MolecularDynamics.textbookBrownianTorusGibbsMeasure_quadratic_nonpos {Nc : ℕ} (m : Fin Nc → ℝ)
  (hm : ∀ (i : Fin Nc), 0 < m i) (U : (Fin Nc → ℝ) → ℝ) (β : ℝ) (hβ : 0 < β) (f : (Fin Nc → ℝ) → ℝ)
  (hU : ContDiff ℝ (↑⊤) U) (hf : ContDiff ℝ (↑⊤) f) (hPU : MolecularDynamics.textbookUnitPeriodicPotential U)
  (hPf : MolecularDynamics.textbookUnitPeriodicPotential f) :
  ∫ (Q : UnitAddTorus (Fin Nc)),
      MolecularDynamics.textbookConfigurationTorusObservable f Q *
        MolecularDynamics.textbookConfigurationTorusObservable (MolecularDynamics.textbookBrownianGenerator m U β f)
          Q ∂MolecularDynamics.textbookConfigurationTorusGibbsMeasure U β ≤
    0
MolecularDynamics.textbookBrownianTorusGibbsMeasure_weak_stationary {Nc : ℕ} (m : Fin Nc → ℝ) (U : (Fin Nc → ℝ) → ℝ)
  (β : ℝ) (hβ : β ≠ 0) (g : (Fin Nc → ℝ) → ℝ) (hU : ContDiff ℝ (↑⊤) U) (hg : ContDiff ℝ (↑⊤) g)
  (hPU : MolecularDynamics.textbookUnitPeriodicPotential U) (hPg : MolecularDynamics.textbookUnitPeriodicPotential g) :
  ∫ (Q : UnitAddTorus (Fin Nc)),
      MolecularDynamics.textbookConfigurationTorusObservable (MolecularDynamics.textbookBrownianGenerator m U β g)
        Q ∂MolecularDynamics.textbookConfigurationTorusGibbsMeasure U β =
    0
MolecularDynamics.textbookConfigurationTorusProjection_isOpenQuotientMap (Nc : ℕ) :
  IsOpenQuotientMap MolecularDynamics.textbookConfigurationTorusProjection
MolecularDynamics.textbookConfigurationTorusObservable_continuous {Nc : ℕ} (f : (Fin Nc → ℝ) → ℝ) (hf : Continuous f)
  (hp : MolecularDynamics.textbookUnitPeriodicPotential f) :
  Continuous (MolecularDynamics.textbookConfigurationTorusObservable f)
MolecularDynamics.textbookConfigurationTorusGibbsMeasure_memLp_two {Nc : ℕ} (U : (Fin Nc → ℝ) → ℝ)
  (hU : ContDiff ℝ (↑⊤) U) (hPU : MolecularDynamics.textbookUnitPeriodicPotential U) (β : ℝ) (f : (Fin Nc → ℝ) → ℝ)
  (hf : Continuous f) (hPf : MolecularDynamics.textbookUnitPeriodicPotential f) :
  MeasureTheory.MemLp (MolecularDynamics.textbookConfigurationTorusObservable f) 2
    (MolecularDynamics.textbookConfigurationTorusGibbsMeasure U β)
MolecularDynamics.textbookConfigurationGibbsL2Observable {Nc : ℕ} (U : (Fin Nc → ℝ) → ℝ) (hU : ContDiff ℝ (↑⊤) U)
  (hPU : MolecularDynamics.textbookUnitPeriodicPotential U) (β : ℝ) (f : (Fin Nc → ℝ) → ℝ) (hf : Continuous f)
  (hPf : MolecularDynamics.textbookUnitPeriodicPotential f) :
  ↥(MeasureTheory.Lp ℝ 2 (MolecularDynamics.textbookConfigurationTorusGibbsMeasure U β))
MolecularDynamics.textbookConfigurationGibbsL2Observable_ae_eq {Nc : ℕ} (U : (Fin Nc → ℝ) → ℝ) (hU : ContDiff ℝ (↑⊤) U)
  (hPU : MolecularDynamics.textbookUnitPeriodicPotential U) (β : ℝ) (f : (Fin Nc → ℝ) → ℝ) (hf : Continuous f)
  (hPf : MolecularDynamics.textbookUnitPeriodicPotential f) :
  ↑↑(MolecularDynamics.textbookConfigurationGibbsL2Observable U hU hPU β f hf
          hPf) =ᵐ[MolecularDynamics.textbookConfigurationTorusGibbsMeasure U β]
    MolecularDynamics.textbookConfigurationTorusObservable f
MolecularDynamics.textbookConfigurationGibbsL2Observable_inner {Nc : ℕ} (U : (Fin Nc → ℝ) → ℝ) (hU : ContDiff ℝ (↑⊤) U)
  (hPU : MolecularDynamics.textbookUnitPeriodicPotential U) (β : ℝ) (f g : (Fin Nc → ℝ) → ℝ) (hf : Continuous f)
  (hg : Continuous g) (hPf : MolecularDynamics.textbookUnitPeriodicPotential f)
  (hPg : MolecularDynamics.textbookUnitPeriodicPotential g) :
  inner ℝ (MolecularDynamics.textbookConfigurationGibbsL2Observable U hU hPU β f hf hPf)
      (MolecularDynamics.textbookConfigurationGibbsL2Observable U hU hPU β g hg hPg) =
    MolecularDynamics.textbookConfigurationInner U β f g
MolecularDynamics.textbookConfigurationGibbsL2Observable_norm_sq {Nc : ℕ} (U : (Fin Nc → ℝ) → ℝ)
  (hU : ContDiff ℝ (↑⊤) U) (hPU : MolecularDynamics.textbookUnitPeriodicPotential U) (β : ℝ) (f : (Fin Nc → ℝ) → ℝ)
  (hf : Continuous f) (hPf : MolecularDynamics.textbookUnitPeriodicPotential f) :
  ‖MolecularDynamics.textbookConfigurationGibbsL2Observable U hU hPU β f hf hPf‖ ^ 2 =
    MolecularDynamics.textbookConfigurationInner U β f f
MolecularDynamics.textbookBrownianGibbsL2Image {Nc : ℕ} (m : Fin Nc → ℝ) (U : (Fin Nc → ℝ) → ℝ) (hU : ContDiff ℝ (↑⊤) U)
  (hPU : MolecularDynamics.textbookUnitPeriodicPotential U) (β : ℝ) (f : (Fin Nc → ℝ) → ℝ) (hf : ContDiff ℝ (↑⊤) f)
  (hPf : MolecularDynamics.textbookUnitPeriodicPotential f) :
  ↥(MeasureTheory.Lp ℝ 2 (MolecularDynamics.textbookConfigurationTorusGibbsMeasure U β))
MolecularDynamics.textbookBrownianGibbsL2Image_ae_eq {Nc : ℕ} (m : Fin Nc → ℝ) (U : (Fin Nc → ℝ) → ℝ)
  (hU : ContDiff ℝ (↑⊤) U) (hPU : MolecularDynamics.textbookUnitPeriodicPotential U) (β : ℝ) (f : (Fin Nc → ℝ) → ℝ)
  (hf : ContDiff ℝ (↑⊤) f) (hPf : MolecularDynamics.textbookUnitPeriodicPotential f) :
  ↑↑(MolecularDynamics.textbookBrownianGibbsL2Image m U hU hPU β f hf
          hPf) =ᵐ[MolecularDynamics.textbookConfigurationTorusGibbsMeasure U β]
    MolecularDynamics.textbookConfigurationTorusObservable (MolecularDynamics.textbookBrownianGenerator m U β f)
MolecularDynamics.textbookBrownianGibbsL2Image_dirichlet {Nc : ℕ} (m : Fin Nc → ℝ) (U : (Fin Nc → ℝ) → ℝ)
  (hU : ContDiff ℝ (↑⊤) U) (hPU : MolecularDynamics.textbookUnitPeriodicPotential U) (β : ℝ) (hβ : β ≠ 0)
  (f g : (Fin Nc → ℝ) → ℝ) (hf : ContDiff ℝ (↑⊤) f) (hg : ContDiff ℝ (↑⊤) g)
  (hPf : MolecularDynamics.textbookUnitPeriodicPotential f) (hPg : MolecularDynamics.textbookUnitPeriodicPotential g) :
  inner ℝ (MolecularDynamics.textbookConfigurationGibbsL2Observable U hU hPU β f ⋯ hPf)
      (MolecularDynamics.textbookBrownianGibbsL2Image m U hU hPU β g hg hPg) =
    -β⁻¹ *
      ∫ (Q : UnitAddTorus (Fin Nc)),
        MolecularDynamics.textbookConfigurationTorusObservable
          (MolecularDynamics.textbookConfigurationGradientPair m f g)
          Q ∂MolecularDynamics.textbookConfigurationTorusGibbsMeasure U β
MolecularDynamics.textbookBrownianGibbsL2Image_symmetric {Nc : ℕ} (m : Fin Nc → ℝ) (U : (Fin Nc → ℝ) → ℝ)
  (hU : ContDiff ℝ (↑⊤) U) (hPU : MolecularDynamics.textbookUnitPeriodicPotential U) (β : ℝ) (hβ : β ≠ 0)
  (f g : (Fin Nc → ℝ) → ℝ) (hf : ContDiff ℝ (↑⊤) f) (hg : ContDiff ℝ (↑⊤) g)
  (hPf : MolecularDynamics.textbookUnitPeriodicPotential f) (hPg : MolecularDynamics.textbookUnitPeriodicPotential g) :
  inner ℝ (MolecularDynamics.textbookConfigurationGibbsL2Observable U hU hPU β f ⋯ hPf)
      (MolecularDynamics.textbookBrownianGibbsL2Image m U hU hPU β g hg hPg) =
    inner ℝ (MolecularDynamics.textbookBrownianGibbsL2Image m U hU hPU β f hf hPf)
      (MolecularDynamics.textbookConfigurationGibbsL2Observable U hU hPU β g ⋯ hPg)
MolecularDynamics.textbookBrownianGibbsL2Image_quadratic_nonpos {Nc : ℕ} (m : Fin Nc → ℝ) (hm : ∀ (i : Fin Nc), 0 < m i)
  (U : (Fin Nc → ℝ) → ℝ) (hU : ContDiff ℝ (↑⊤) U) (hPU : MolecularDynamics.textbookUnitPeriodicPotential U) (β : ℝ)
  (hβ : 0 < β) (f : (Fin Nc → ℝ) → ℝ) (hf : ContDiff ℝ (↑⊤) f)
  (hPf : MolecularDynamics.textbookUnitPeriodicPotential f) :
  inner ℝ (MolecularDynamics.textbookConfigurationGibbsL2Observable U hU hPU β f ⋯ hPf)
      (MolecularDynamics.textbookBrownianGibbsL2Image m U hU hPU β f hf hPf) ≤
    0
MolecularDynamics.textbookBrownianGibbsL2Image_real_eigenvalue_nonpos {Nc : ℕ} (m : Fin Nc → ℝ)
  (hm : ∀ (i : Fin Nc), 0 < m i) (U : (Fin Nc → ℝ) → ℝ) (hU : ContDiff ℝ (↑⊤) U)
  (hPU : MolecularDynamics.textbookUnitPeriodicPotential U) (β : ℝ) (hβ : 0 < β) (f : (Fin Nc → ℝ) → ℝ)
  (hf : ContDiff ℝ (↑⊤) f) (hPf : MolecularDynamics.textbookUnitPeriodicPotential f) (ℓ : ℝ)
  (hne : MolecularDynamics.textbookConfigurationGibbsL2Observable U hU hPU β f ⋯ hPf ≠ 0)
  (heig :
    MolecularDynamics.textbookBrownianGibbsL2Image m U hU hPU β f hf hPf =
      ℓ • MolecularDynamics.textbookConfigurationGibbsL2Observable U hU hPU β f ⋯ hPf) :
  ℓ ≤ 0
MolecularDynamics.textbookBrownianGibbsL2Image_const {Nc : ℕ} (m : Fin Nc → ℝ) (U : (Fin Nc → ℝ) → ℝ)
  (hU : ContDiff ℝ (↑⊤) U) (hPU : MolecularDynamics.textbookUnitPeriodicPotential U) (β c : ℝ) :
  MolecularDynamics.textbookBrownianGibbsL2Image m U hU hPU β (fun x => c) ⋯ ⋯ = 0
MolecularDynamics.textbookConfigurationGibbsL2Observable_one_norm {Nc : ℕ} (U : (Fin Nc → ℝ) → ℝ)
  (hU : ContDiff ℝ (↑⊤) U) (hPU : MolecularDynamics.textbookUnitPeriodicPotential U) (β : ℝ) :
  ‖MolecularDynamics.textbookConfigurationGibbsL2Observable U hU hPU β (fun x => 1) ⋯ ⋯‖ = 1
MolecularDynamics.textbookConfigurationGibbsL2Observable_one_ne_zero {Nc : ℕ} (U : (Fin Nc → ℝ) → ℝ)
  (hU : ContDiff ℝ (↑⊤) U) (hPU : MolecularDynamics.textbookUnitPeriodicPotential U) (β : ℝ) :
  MolecularDynamics.textbookConfigurationGibbsL2Observable U hU hPU β (fun x => 1) ⋯ ⋯ ≠ 0
MolecularDynamics.textbookConfigurationTorusHaar_absolutelyContinuous_gibbs {Nc : ℕ} (U : (Fin Nc → ℝ) → ℝ)
  (hU : ContDiff ℝ (↑⊤) U) (_hPU : MolecularDynamics.textbookUnitPeriodicPotential U) (β : ℝ) :
  MeasureTheory.volume.AbsolutelyContinuous (MolecularDynamics.textbookConfigurationTorusGibbsMeasure U β)
MolecularDynamics.textbookConfigurationTorusGibbsMeasure_isOpenPosMeasure {Nc : ℕ} (U : (Fin Nc → ℝ) → ℝ)
  (hU : ContDiff ℝ (↑⊤) U) (hPU : MolecularDynamics.textbookUnitPeriodicPotential U) (β : ℝ) :
  (MolecularDynamics.textbookConfigurationTorusGibbsMeasure U β).IsOpenPosMeasure
MolecularDynamics.textbookConfigurationGibbsL2Observable_injective {Nc : ℕ} (U : (Fin Nc → ℝ) → ℝ)
  (hU : ContDiff ℝ (↑⊤) U) (hPU : MolecularDynamics.textbookUnitPeriodicPotential U) (β : ℝ) (f g : (Fin Nc → ℝ) → ℝ)
  (hf : Continuous f) (hg : Continuous g) (hPf : MolecularDynamics.textbookUnitPeriodicPotential f)
  (hPg : MolecularDynamics.textbookUnitPeriodicPotential g)
  (heq :
    MolecularDynamics.textbookConfigurationGibbsL2Observable U hU hPU β f hf hPf =
      MolecularDynamics.textbookConfigurationGibbsL2Observable U hU hPU β g hg hPg) :
  f = g
MolecularDynamics.textbookConfigurationPartial_add {Nc : ℕ} (f g : (Fin Nc → ℝ) → ℝ) (hf : ContDiff ℝ (↑⊤) f)
  (hg : ContDiff ℝ (↑⊤) g) (i : Fin Nc) :
  MolecularDynamics.textbookConfigurationPartial (f + g) i =
    MolecularDynamics.textbookConfigurationPartial f i + MolecularDynamics.textbookConfigurationPartial g i
MolecularDynamics.textbookConfigurationPartial_smul {Nc : ℕ} (f : (Fin Nc → ℝ) → ℝ) (hf : ContDiff ℝ (↑⊤) f) (c : ℝ)
  (i : Fin Nc) :
  MolecularDynamics.textbookConfigurationPartial (c • f) i = c • MolecularDynamics.textbookConfigurationPartial f i
MolecularDynamics.textbookBrownianGenerator_add {Nc : ℕ} (m : Fin Nc → ℝ) (U : (Fin Nc → ℝ) → ℝ) (β : ℝ)
  (f g : (Fin Nc → ℝ) → ℝ) (hf : ContDiff ℝ (↑⊤) f) (hg : ContDiff ℝ (↑⊤) g) :
  MolecularDynamics.textbookBrownianGenerator m U β (f + g) =
    MolecularDynamics.textbookBrownianGenerator m U β f + MolecularDynamics.textbookBrownianGenerator m U β g
MolecularDynamics.textbookBrownianGenerator_smul {Nc : ℕ} (m : Fin Nc → ℝ) (U : (Fin Nc → ℝ) → ℝ) (β : ℝ)
  (f : (Fin Nc → ℝ) → ℝ) (hf : ContDiff ℝ (↑⊤) f) (c : ℝ) :
  MolecularDynamics.textbookBrownianGenerator m U β (c • f) = c • MolecularDynamics.textbookBrownianGenerator m U β f
MolecularDynamics.textbookPeriodicSmoothSpace (Nc : ℕ) : Submodule ℝ ((Fin Nc → ℝ) → ℝ)
MolecularDynamics.textbookPeriodicSmoothSpace_mem {Nc : ℕ} (f : (Fin Nc → ℝ) → ℝ) :
  f ∈ MolecularDynamics.textbookPeriodicSmoothSpace Nc ↔
    ContDiff ℝ (↑⊤) f ∧ MolecularDynamics.textbookUnitPeriodicPotential f
MolecularDynamics.textbookBrownianSmoothGenerator {Nc : ℕ} (m : Fin Nc → ℝ) (U : (Fin Nc → ℝ) → ℝ)
  (hU : ContDiff ℝ (↑⊤) U) (hPU : MolecularDynamics.textbookUnitPeriodicPotential U) (β : ℝ) :
  ↥(MolecularDynamics.textbookPeriodicSmoothSpace Nc) →ₗ[ℝ] ↥(MolecularDynamics.textbookPeriodicSmoothSpace Nc)
MolecularDynamics.textbookBrownianSmoothGenerator_apply {Nc : ℕ} (m : Fin Nc → ℝ) (U : (Fin Nc → ℝ) → ℝ)
  (hU : ContDiff ℝ (↑⊤) U) (hPU : MolecularDynamics.textbookUnitPeriodicPotential U) (β : ℝ)
  (f : ↥(MolecularDynamics.textbookPeriodicSmoothSpace Nc)) :
  ↑((MolecularDynamics.textbookBrownianSmoothGenerator m U hU hPU β) f) =
    MolecularDynamics.textbookBrownianGenerator m U β ↑f
MolecularDynamics.textbookPeriodicSmoothEmbedding {Nc : ℕ} (U : (Fin Nc → ℝ) → ℝ) (hU : ContDiff ℝ (↑⊤) U)
  (hPU : MolecularDynamics.textbookUnitPeriodicPotential U) (β : ℝ) :
  ↥(MolecularDynamics.textbookPeriodicSmoothSpace Nc) →ₗ[ℝ]
    ↥(MeasureTheory.Lp ℝ 2 (MolecularDynamics.textbookConfigurationTorusGibbsMeasure U β))
MolecularDynamics.textbookPeriodicSmoothEmbedding_injective {Nc : ℕ} (U : (Fin Nc → ℝ) → ℝ) (hU : ContDiff ℝ (↑⊤) U)
  (hPU : MolecularDynamics.textbookUnitPeriodicPotential U) (β : ℝ) :
  Function.Injective ⇑(MolecularDynamics.textbookPeriodicSmoothEmbedding U hU hPU β)
MolecularDynamics.textbookBrownianGibbsSmoothDomain {Nc : ℕ} (U : (Fin Nc → ℝ) → ℝ) (hU : ContDiff ℝ (↑⊤) U)
  (hPU : MolecularDynamics.textbookUnitPeriodicPotential U) (β : ℝ) :
  Submodule ℝ ↥(MeasureTheory.Lp ℝ 2 (MolecularDynamics.textbookConfigurationTorusGibbsMeasure U β))
MolecularDynamics.textbookPeriodicSmoothEmbeddingEquiv {Nc : ℕ} (U : (Fin Nc → ℝ) → ℝ) (hU : ContDiff ℝ (↑⊤) U)
  (hPU : MolecularDynamics.textbookUnitPeriodicPotential U) (β : ℝ) :
  ↥(MolecularDynamics.textbookPeriodicSmoothSpace Nc) ≃ₗ[ℝ]
    ↥(MolecularDynamics.textbookBrownianGibbsSmoothDomain U hU hPU β)
MolecularDynamics.textbookPeriodicSmoothEmbeddingEquiv_coe {Nc : ℕ} (U : (Fin Nc → ℝ) → ℝ) (hU : ContDiff ℝ (↑⊤) U)
  (hPU : MolecularDynamics.textbookUnitPeriodicPotential U) (β : ℝ)
  (f : ↥(MolecularDynamics.textbookPeriodicSmoothSpace Nc)) :
  ↑((MolecularDynamics.textbookPeriodicSmoothEmbeddingEquiv U hU hPU β) f) =
    (MolecularDynamics.textbookPeriodicSmoothEmbedding U hU hPU β) f
MolecularDynamics.textbookPeriodicSmoothEmbeddingEquiv_symm_coe {Nc : ℕ} (U : (Fin Nc → ℝ) → ℝ) (hU : ContDiff ℝ (↑⊤) U)
  (hPU : MolecularDynamics.textbookUnitPeriodicPotential U) (β : ℝ)
  (x : ↥(MolecularDynamics.textbookBrownianGibbsSmoothDomain U hU hPU β)) :
  (MolecularDynamics.textbookPeriodicSmoothEmbedding U hU hPU β)
      ((MolecularDynamics.textbookPeriodicSmoothEmbeddingEquiv U hU hPU β).symm x) =
    ↑x
MolecularDynamics.textbookBrownianGibbsDomainOperator {Nc : ℕ} (m : Fin Nc → ℝ) (U : (Fin Nc → ℝ) → ℝ)
  (hU : ContDiff ℝ (↑⊤) U) (hPU : MolecularDynamics.textbookUnitPeriodicPotential U) (β : ℝ) :
  ↥(MolecularDynamics.textbookBrownianGibbsSmoothDomain U hU hPU β) →ₗ[ℝ]
    ↥(MeasureTheory.Lp ℝ 2 (MolecularDynamics.textbookConfigurationTorusGibbsMeasure U β))
MolecularDynamics.textbookBrownianGibbsDomainOperator_apply_equiv {Nc : ℕ} (m : Fin Nc → ℝ) (U : (Fin Nc → ℝ) → ℝ)
  (hU : ContDiff ℝ (↑⊤) U) (hPU : MolecularDynamics.textbookUnitPeriodicPotential U) (β : ℝ)
  (f : ↥(MolecularDynamics.textbookPeriodicSmoothSpace Nc)) :
  (MolecularDynamics.textbookBrownianGibbsDomainOperator m U hU hPU β)
      ((MolecularDynamics.textbookPeriodicSmoothEmbeddingEquiv U hU hPU β) f) =
    MolecularDynamics.textbookBrownianGibbsL2Image m U hU hPU β ↑f ⋯ ⋯
MolecularDynamics.textbookBrownianGibbsDomainOperator_dirichlet {Nc : ℕ} (m : Fin Nc → ℝ) (U : (Fin Nc → ℝ) → ℝ)
  (hU : ContDiff ℝ (↑⊤) U) (hPU : MolecularDynamics.textbookUnitPeriodicPotential U) (β : ℝ) (hβ : β ≠ 0)
  (f g : ↥(MolecularDynamics.textbookPeriodicSmoothSpace Nc)) :
  inner ℝ (↑((MolecularDynamics.textbookPeriodicSmoothEmbeddingEquiv U hU hPU β) f))
      ((MolecularDynamics.textbookBrownianGibbsDomainOperator m U hU hPU β)
        ((MolecularDynamics.textbookPeriodicSmoothEmbeddingEquiv U hU hPU β) g)) =
    -β⁻¹ *
      ∫ (Q : UnitAddTorus (Fin Nc)),
        MolecularDynamics.textbookConfigurationTorusObservable
          (MolecularDynamics.textbookConfigurationGradientPair m ↑f ↑g)
          Q ∂MolecularDynamics.textbookConfigurationTorusGibbsMeasure U β
MolecularDynamics.textbookBrownianGibbsDomainOperator_symmetric {Nc : ℕ} (m : Fin Nc → ℝ) (U : (Fin Nc → ℝ) → ℝ)
  (hU : ContDiff ℝ (↑⊤) U) (hPU : MolecularDynamics.textbookUnitPeriodicPotential U) (β : ℝ) (hβ : β ≠ 0)
  (x y : ↥(MolecularDynamics.textbookBrownianGibbsSmoothDomain U hU hPU β)) :
  inner ℝ (↑x) ((MolecularDynamics.textbookBrownianGibbsDomainOperator m U hU hPU β) y) =
    inner ℝ ((MolecularDynamics.textbookBrownianGibbsDomainOperator m U hU hPU β) x) ↑y
MolecularDynamics.textbookBrownianGibbsDomainOperator_nonpos {Nc : ℕ} (m : Fin Nc → ℝ) (hm : ∀ (i : Fin Nc), 0 < m i)
  (U : (Fin Nc → ℝ) → ℝ) (hU : ContDiff ℝ (↑⊤) U) (hPU : MolecularDynamics.textbookUnitPeriodicPotential U) (β : ℝ)
  (hβ : 0 < β) (x : ↥(MolecularDynamics.textbookBrownianGibbsSmoothDomain U hU hPU β)) :
  inner ℝ (↑x) ((MolecularDynamics.textbookBrownianGibbsDomainOperator m U hU hPU β) x) ≤ 0
MolecularDynamics.textbookPeriodicSmoothConstant (Nc : ℕ) (c : ℝ) : ↥(MolecularDynamics.textbookPeriodicSmoothSpace Nc)
MolecularDynamics.textbookBrownianGibbsDomainOperator_const {Nc : ℕ} (m : Fin Nc → ℝ) (U : (Fin Nc → ℝ) → ℝ)
  (hU : ContDiff ℝ (↑⊤) U) (hPU : MolecularDynamics.textbookUnitPeriodicPotential U) (β c : ℝ) :
  (MolecularDynamics.textbookBrownianGibbsDomainOperator m U hU hPU β)
      ((MolecularDynamics.textbookPeriodicSmoothEmbeddingEquiv U hU hPU β)
        (MolecularDynamics.textbookPeriodicSmoothConstant Nc c)) =
    0
MolecularDynamics.textbookBrownianGibbsSmoothDomain_one_norm {Nc : ℕ} (U : (Fin Nc → ℝ) → ℝ) (hU : ContDiff ℝ (↑⊤) U)
  (hPU : MolecularDynamics.textbookUnitPeriodicPotential U) (β : ℝ) :
  ‖↑((MolecularDynamics.textbookPeriodicSmoothEmbeddingEquiv U hU hPU β)
          (MolecularDynamics.textbookPeriodicSmoothConstant Nc 1))‖ =
    1
MolecularDynamics.textbookTorusFourier_lift_contDiff {Nc : ℕ} (n : Fin Nc → ℤ) :
  ContDiff ℝ ↑⊤ fun q => (UnitAddTorus.mFourier n) (MolecularDynamics.textbookConfigurationTorusProjection q)
MolecularDynamics.textbookSmoothTorusComplexSpace (Nc : ℕ) : Submodule ℂ C(UnitAddTorus (Fin Nc), ℂ)
MolecularDynamics.textbookFourierSpan_le_smoothTorusComplex (Nc : ℕ) :
  Submodule.span ℂ (Set.range UnitAddTorus.mFourier) ≤ MolecularDynamics.textbookSmoothTorusComplexSpace Nc
MolecularDynamics.textbookSmoothTorusComplexSpace_dense (Nc : ℕ) :
  Dense ↑(MolecularDynamics.textbookSmoothTorusComplexSpace Nc)
MolecularDynamics.textbookTorusContinuousRealPart (Nc : ℕ) :
  C(UnitAddTorus (Fin Nc), ℂ) →L[ℝ] C(UnitAddTorus (Fin Nc), ℝ)
MolecularDynamics.textbookTorusContinuousRealPart_surjective (Nc : ℕ) :
  Function.Surjective ⇑(MolecularDynamics.textbookTorusContinuousRealPart Nc)
MolecularDynamics.textbookSmoothTorusReal_dense (Nc : ℕ) :
  Dense {f | ContDiff ℝ ↑⊤ fun q => f (MolecularDynamics.textbookConfigurationTorusProjection q)}
MolecularDynamics.textbookConfigurationTorusProjection_integer_translate {Nc : ℕ} (q : Fin Nc → ℝ) (n : Fin Nc → ℤ) :
  MolecularDynamics.textbookConfigurationTorusProjection (q + fun i => ↑(n i)) =
    MolecularDynamics.textbookConfigurationTorusProjection q
MolecularDynamics.textbookSmoothTorusRealLift {Nc : ℕ} (f : C(UnitAddTorus (Fin Nc), ℝ))
  (hf : ContDiff ℝ ↑⊤ fun q => f (MolecularDynamics.textbookConfigurationTorusProjection q)) :
  ↥(MolecularDynamics.textbookPeriodicSmoothSpace Nc)
MolecularDynamics.textbookSmoothTorusRealLift_observable {Nc : ℕ} (f : C(UnitAddTorus (Fin Nc), ℝ))
  (hf : ContDiff ℝ ↑⊤ fun q => f (MolecularDynamics.textbookConfigurationTorusProjection q)) :
  MolecularDynamics.textbookConfigurationTorusObservable ↑(MolecularDynamics.textbookSmoothTorusRealLift f hf) = ⇑f
MolecularDynamics.textbookGibbsContinuousToLp {Nc : ℕ} (U : (Fin Nc → ℝ) → ℝ) (hU : ContDiff ℝ (↑⊤) U)
  (hPU : MolecularDynamics.textbookUnitPeriodicPotential U) (β : ℝ) :
  C(UnitAddTorus (Fin Nc), ℝ) →L[ℝ]
    ↥(MeasureTheory.Lp ℝ 2 (MolecularDynamics.textbookConfigurationTorusGibbsMeasure U β))
MolecularDynamics.textbookGibbsContinuousToLp_ae_eq {Nc : ℕ} (U : (Fin Nc → ℝ) → ℝ) (hU : ContDiff ℝ (↑⊤) U)
  (hPU : MolecularDynamics.textbookUnitPeriodicPotential U) (β : ℝ) (f : C(UnitAddTorus (Fin Nc), ℝ)) :
  ↑↑((MolecularDynamics.textbookGibbsContinuousToLp U hU hPU β)
          f) =ᵐ[MolecularDynamics.textbookConfigurationTorusGibbsMeasure U β]
    ⇑f
MolecularDynamics.textbookGibbsContinuousToLp_denseRange {Nc : ℕ} (U : (Fin Nc → ℝ) → ℝ) (hU : ContDiff ℝ (↑⊤) U)
  (hPU : MolecularDynamics.textbookUnitPeriodicPotential U) (β : ℝ) :
  DenseRange ⇑(MolecularDynamics.textbookGibbsContinuousToLp U hU hPU β)
MolecularDynamics.textbookSmoothTorusRealLift_toLp {Nc : ℕ} (U : (Fin Nc → ℝ) → ℝ) (hU : ContDiff ℝ (↑⊤) U)
  (hPU : MolecularDynamics.textbookUnitPeriodicPotential U) (β : ℝ) (f : C(UnitAddTorus (Fin Nc), ℝ))
  (hf : ContDiff ℝ ↑⊤ fun q => f (MolecularDynamics.textbookConfigurationTorusProjection q)) :
  (MolecularDynamics.textbookGibbsContinuousToLp U hU hPU β) f =
    (MolecularDynamics.textbookPeriodicSmoothEmbedding U hU hPU β) (MolecularDynamics.textbookSmoothTorusRealLift f hf)
MolecularDynamics.textbookBrownianGibbsSmoothDomain_dense {Nc : ℕ} (U : (Fin Nc → ℝ) → ℝ) (hU : ContDiff ℝ (↑⊤) U)
  (hPU : MolecularDynamics.textbookUnitPeriodicPotential U) (β : ℝ) :
  Dense ↑(MolecularDynamics.textbookBrownianGibbsSmoothDomain U hU hPU β)
MolecularDynamics.textbookBrownianGibbsSmoothDomain_closure_eq_top {Nc : ℕ} (U : (Fin Nc → ℝ) → ℝ)
  (hU : ContDiff ℝ (↑⊤) U) (hPU : MolecularDynamics.textbookUnitPeriodicPotential U) (β : ℝ) :
  (MolecularDynamics.textbookBrownianGibbsSmoothDomain U hU hPU β).topologicalClosure = ⊤
MolecularDynamics.textbookBrownianGibbsPartialOperator {Nc : ℕ} (m : Fin Nc → ℝ) (U : (Fin Nc → ℝ) → ℝ)
  (hU : ContDiff ℝ (↑⊤) U) (hPU : MolecularDynamics.textbookUnitPeriodicPotential U) (β : ℝ) :
  ↥(MeasureTheory.Lp ℝ 2 (MolecularDynamics.textbookConfigurationTorusGibbsMeasure U β)) →ₗ.[ℝ]
    ↥(MeasureTheory.Lp ℝ 2 (MolecularDynamics.textbookConfigurationTorusGibbsMeasure U β))
MolecularDynamics.textbookBrownianGibbsPartialOperator_domain {Nc : ℕ} (m : Fin Nc → ℝ) (U : (Fin Nc → ℝ) → ℝ)
  (hU : ContDiff ℝ (↑⊤) U) (hPU : MolecularDynamics.textbookUnitPeriodicPotential U) (β : ℝ) :
  (MolecularDynamics.textbookBrownianGibbsPartialOperator m U hU hPU β).domain =
    MolecularDynamics.textbookBrownianGibbsSmoothDomain U hU hPU β
MolecularDynamics.textbookBrownianGibbsPartialOperator_apply {Nc : ℕ} (m : Fin Nc → ℝ) (U : (Fin Nc → ℝ) → ℝ)
  (hU : ContDiff ℝ (↑⊤) U) (hPU : MolecularDynamics.textbookUnitPeriodicPotential U) (β : ℝ)
  (x : ↥(MolecularDynamics.textbookBrownianGibbsSmoothDomain U hU hPU β)) :
  ↑(MolecularDynamics.textbookBrownianGibbsPartialOperator m U hU hPU β) x =
    (MolecularDynamics.textbookBrownianGibbsDomainOperator m U hU hPU β) x
MolecularDynamics.textbookBrownianGibbsPartialOperator_dense {Nc : ℕ} (m : Fin Nc → ℝ) (U : (Fin Nc → ℝ) → ℝ)
  (hU : ContDiff ℝ (↑⊤) U) (hPU : MolecularDynamics.textbookUnitPeriodicPotential U) (β : ℝ) :
  Dense ↑(MolecularDynamics.textbookBrownianGibbsPartialOperator m U hU hPU β).domain
MolecularDynamics.textbookBrownianGibbsPartialOperator_formalAdjoint {Nc : ℕ} (m : Fin Nc → ℝ) (U : (Fin Nc → ℝ) → ℝ)
  (hU : ContDiff ℝ (↑⊤) U) (hPU : MolecularDynamics.textbookUnitPeriodicPotential U) (β : ℝ) (hβ : β ≠ 0) :
  (MolecularDynamics.textbookBrownianGibbsPartialOperator m U hU hPU β).IsFormalAdjoint
    (MolecularDynamics.textbookBrownianGibbsPartialOperator m U hU hPU β)
MolecularDynamics.textbookBrownianGibbsPartialOperator_le_adjoint {Nc : ℕ} (m : Fin Nc → ℝ) (U : (Fin Nc → ℝ) → ℝ)
  (hU : ContDiff ℝ (↑⊤) U) (hPU : MolecularDynamics.textbookUnitPeriodicPotential U) (β : ℝ) (hβ : β ≠ 0) :
  MolecularDynamics.textbookBrownianGibbsPartialOperator m U hU hPU β ≤
    (MolecularDynamics.textbookBrownianGibbsPartialOperator m U hU hPU β).adjoint
MolecularDynamics.textbookBrownianGibbsPartialOperator_adjoint_isClosed {Nc : ℕ} (m : Fin Nc → ℝ) (U : (Fin Nc → ℝ) → ℝ)
  (hU : ContDiff ℝ (↑⊤) U) (hPU : MolecularDynamics.textbookUnitPeriodicPotential U) (β : ℝ) :
  (MolecularDynamics.textbookBrownianGibbsPartialOperator m U hU hPU β).adjoint.IsClosed
MolecularDynamics.textbookBrownianGibbsPartialOperator_adjoint_dense {Nc : ℕ} (m : Fin Nc → ℝ) (U : (Fin Nc → ℝ) → ℝ)
  (hU : ContDiff ℝ (↑⊤) U) (hPU : MolecularDynamics.textbookUnitPeriodicPotential U) (β : ℝ) (hβ : β ≠ 0) :
  Dense ↑(MolecularDynamics.textbookBrownianGibbsPartialOperator m U hU hPU β).adjoint.domain
MolecularDynamics.textbookBrownianGibbsPartialOperator_isClosable {Nc : ℕ} (m : Fin Nc → ℝ) (U : (Fin Nc → ℝ) → ℝ)
  (hU : ContDiff ℝ (↑⊤) U) (hPU : MolecularDynamics.textbookUnitPeriodicPotential U) (β : ℝ) (hβ : β ≠ 0) :
  (MolecularDynamics.textbookBrownianGibbsPartialOperator m U hU hPU β).IsClosable
MolecularDynamics.textbookBrownianGibbsClosedOperator {Nc : ℕ} (m : Fin Nc → ℝ) (U : (Fin Nc → ℝ) → ℝ)
  (hU : ContDiff ℝ (↑⊤) U) (hPU : MolecularDynamics.textbookUnitPeriodicPotential U) (β : ℝ) :
  ↥(MeasureTheory.Lp ℝ 2 (MolecularDynamics.textbookConfigurationTorusGibbsMeasure U β)) →ₗ.[ℝ]
    ↥(MeasureTheory.Lp ℝ 2 (MolecularDynamics.textbookConfigurationTorusGibbsMeasure U β))
MolecularDynamics.textbookBrownianGibbsPartialOperator_le_closed {Nc : ℕ} (m : Fin Nc → ℝ) (U : (Fin Nc → ℝ) → ℝ)
  (hU : ContDiff ℝ (↑⊤) U) (hPU : MolecularDynamics.textbookUnitPeriodicPotential U) (β : ℝ) :
  MolecularDynamics.textbookBrownianGibbsPartialOperator m U hU hPU β ≤
    MolecularDynamics.textbookBrownianGibbsClosedOperator m U hU hPU β
MolecularDynamics.textbookBrownianGibbsClosedOperator_isClosed {Nc : ℕ} (m : Fin Nc → ℝ) (U : (Fin Nc → ℝ) → ℝ)
  (hU : ContDiff ℝ (↑⊤) U) (hPU : MolecularDynamics.textbookUnitPeriodicPotential U) (β : ℝ) (hβ : β ≠ 0) :
  (MolecularDynamics.textbookBrownianGibbsClosedOperator m U hU hPU β).IsClosed
MolecularDynamics.textbookBrownianGibbsClosedOperator_graph {Nc : ℕ} (m : Fin Nc → ℝ) (U : (Fin Nc → ℝ) → ℝ)
  (hU : ContDiff ℝ (↑⊤) U) (hPU : MolecularDynamics.textbookUnitPeriodicPotential U) (β : ℝ) (hβ : β ≠ 0) :
  (MolecularDynamics.textbookBrownianGibbsPartialOperator m U hU hPU β).graph.topologicalClosure =
    (MolecularDynamics.textbookBrownianGibbsClosedOperator m U hU hPU β).graph
MolecularDynamics.textbookBrownianGibbsClosedOperator_dense {Nc : ℕ} (m : Fin Nc → ℝ) (U : (Fin Nc → ℝ) → ℝ)
  (hU : ContDiff ℝ (↑⊤) U) (hPU : MolecularDynamics.textbookUnitPeriodicPotential U) (β : ℝ) :
  Dense ↑(MolecularDynamics.textbookBrownianGibbsClosedOperator m U hU hPU β).domain
MolecularDynamics.textbookBrownianGibbsClosedOperator_hasCore {Nc : ℕ} (m : Fin Nc → ℝ) (U : (Fin Nc → ℝ) → ℝ)
  (hU : ContDiff ℝ (↑⊤) U) (hPU : MolecularDynamics.textbookUnitPeriodicPotential U) (β : ℝ) :
  (MolecularDynamics.textbookBrownianGibbsClosedOperator m U hU hPU β).HasCore
    (MolecularDynamics.textbookBrownianGibbsSmoothDomain U hU hPU β)
MolecularDynamics.textbookBrownianGibbsClosedOperator_apply_domain {Nc : ℕ} (m : Fin Nc → ℝ) (U : (Fin Nc → ℝ) → ℝ)
  (hU : ContDiff ℝ (↑⊤) U) (hPU : MolecularDynamics.textbookUnitPeriodicPotential U) (β : ℝ)
  (x : ↥(MolecularDynamics.textbookBrownianGibbsSmoothDomain U hU hPU β)) :
  ↑(MolecularDynamics.textbookBrownianGibbsClosedOperator m U hU hPU β) ((Submodule.inclusion ⋯) x) =
    (MolecularDynamics.textbookBrownianGibbsDomainOperator m U hU hPU β) x
MolecularDynamics.textbookBrownianGibbsClosedOperator_apply_lift {Nc : ℕ} (m : Fin Nc → ℝ) (U : (Fin Nc → ℝ) → ℝ)
  (hU : ContDiff ℝ (↑⊤) U) (hPU : MolecularDynamics.textbookUnitPeriodicPotential U) (β : ℝ)
  (f : ↥(MolecularDynamics.textbookPeriodicSmoothSpace Nc)) :
  ↑(MolecularDynamics.textbookBrownianGibbsClosedOperator m U hU hPU β)
      ((Submodule.inclusion ⋯) ((MolecularDynamics.textbookPeriodicSmoothEmbeddingEquiv U hU hPU β) f)) =
    MolecularDynamics.textbookBrownianGibbsL2Image m U hU hPU β ↑f ⋯ ⋯
MolecularDynamics.textbookBrownianGibbsClosedOperator_const {Nc : ℕ} (m : Fin Nc → ℝ) (U : (Fin Nc → ℝ) → ℝ)
  (hU : ContDiff ℝ (↑⊤) U) (hPU : MolecularDynamics.textbookUnitPeriodicPotential U) (β c : ℝ) :
  ↑(MolecularDynamics.textbookBrownianGibbsClosedOperator m U hU hPU β)
      ((Submodule.inclusion ⋯)
        ((MolecularDynamics.textbookPeriodicSmoothEmbeddingEquiv U hU hPU β)
          (MolecularDynamics.textbookPeriodicSmoothConstant Nc c))) =
    0
MolecularDynamics.textbookBrownianGibbsClosedOperator_le_extension {Nc : ℕ} (m : Fin Nc → ℝ) (U : (Fin Nc → ℝ) → ℝ)
  (hU : ContDiff ℝ (↑⊤) U) (hPU : MolecularDynamics.textbookUnitPeriodicPotential U) (β : ℝ)
  (S :
    ↥(MeasureTheory.Lp ℝ 2 (MolecularDynamics.textbookConfigurationTorusGibbsMeasure U β)) →ₗ.[ℝ]
      ↥(MeasureTheory.Lp ℝ 2 (MolecularDynamics.textbookConfigurationTorusGibbsMeasure U β)))
  (hS : S.IsClosed) (hTS : MolecularDynamics.textbookBrownianGibbsPartialOperator m U hU hPU β ≤ S) :
  MolecularDynamics.textbookBrownianGibbsClosedOperator m U hU hPU β ≤ S
MolecularDynamics.textbookBrownianGibbsClosedOperator_formalAdjoint_partial {Nc : ℕ} (m : Fin Nc → ℝ)
  (U : (Fin Nc → ℝ) → ℝ) (hU : ContDiff ℝ (↑⊤) U) (hPU : MolecularDynamics.textbookUnitPeriodicPotential U) (β : ℝ)
  (hβ : β ≠ 0) :
  (MolecularDynamics.textbookBrownianGibbsClosedOperator m U hU hPU β).IsFormalAdjoint
    (MolecularDynamics.textbookBrownianGibbsPartialOperator m U hU hPU β)
MolecularDynamics.textbookBrownianGibbsClosedOperator_formalAdjoint {Nc : ℕ} (m : Fin Nc → ℝ) (U : (Fin Nc → ℝ) → ℝ)
  (hU : ContDiff ℝ (↑⊤) U) (hPU : MolecularDynamics.textbookUnitPeriodicPotential U) (β : ℝ) (hβ : β ≠ 0) :
  (MolecularDynamics.textbookBrownianGibbsClosedOperator m U hU hPU β).IsFormalAdjoint
    (MolecularDynamics.textbookBrownianGibbsClosedOperator m U hU hPU β)
MolecularDynamics.textbookBrownianGibbsClosedOperator_nonpos {Nc : ℕ} (m : Fin Nc → ℝ) (U : (Fin Nc → ℝ) → ℝ)
  (hU : ContDiff ℝ (↑⊤) U) (hPU : MolecularDynamics.textbookUnitPeriodicPotential U) (β : ℝ)
  (hm : ∀ (i : Fin Nc), 0 < m i) (hβ : 0 < β)
  (x : ↥(MolecularDynamics.textbookBrownianGibbsClosedOperator m U hU hPU β).domain) :
  inner ℝ (↑x) (↑(MolecularDynamics.textbookBrownianGibbsClosedOperator m U hU hPU β) x) ≤ 0
MolecularDynamics.textbookTorusPotentialContinuous {Nc : ℕ} (U : (Fin Nc → ℝ) → ℝ) (hU : ContDiff ℝ (↑⊤) U)
  (hPU : MolecularDynamics.textbookUnitPeriodicPotential U) : C(UnitAddTorus (Fin Nc), ℝ)
MolecularDynamics.textbookTorusPotential_abs_le_norm {Nc : ℕ} (U : (Fin Nc → ℝ) → ℝ) (hU : ContDiff ℝ (↑⊤) U)
  (hPU : MolecularDynamics.textbookUnitPeriodicPotential U) (Q : UnitAddTorus (Fin Nc)) :
  |MolecularDynamics.textbookConfigurationTorusObservable U Q| ≤
    ‖MolecularDynamics.textbookTorusPotentialContinuous U hU hPU‖
MolecularDynamics.textbookTorusPotentialScale {Nc : ℕ} (U : (Fin Nc → ℝ) → ℝ) (hU : ContDiff ℝ (↑⊤) U)
  (hPU : MolecularDynamics.textbookUnitPeriodicPotential U) (β : ℝ) : ℝ
MolecularDynamics.textbookTorusPotentialScale_nonneg {Nc : ℕ} (U : (Fin Nc → ℝ) → ℝ) (hU : ContDiff ℝ (↑⊤) U)
  (hPU : MolecularDynamics.textbookUnitPeriodicPotential U) (β : ℝ) :
  0 ≤ MolecularDynamics.textbookTorusPotentialScale U hU hPU β
MolecularDynamics.textbookTorusGibbsExponent_abs_le {Nc : ℕ} (U : (Fin Nc → ℝ) → ℝ) (hU : ContDiff ℝ (↑⊤) U)
  (hPU : MolecularDynamics.textbookUnitPeriodicPotential U) (β : ℝ) (Q : UnitAddTorus (Fin Nc)) :
  |-β * MolecularDynamics.textbookConfigurationTorusObservable U Q| ≤
    MolecularDynamics.textbookTorusPotentialScale U hU hPU β
MolecularDynamics.textbookTorusGibbsWeight_lower {Nc : ℕ} (U : (Fin Nc → ℝ) → ℝ) (hU : ContDiff ℝ (↑⊤) U)
  (hPU : MolecularDynamics.textbookUnitPeriodicPotential U) (β : ℝ) (Q : UnitAddTorus (Fin Nc)) :
  Real.exp (-MolecularDynamics.textbookTorusPotentialScale U hU hPU β) ≤
    MolecularDynamics.textbookConfigurationTorusGibbsWeight U β Q
MolecularDynamics.textbookTorusGibbsWeight_upper {Nc : ℕ} (U : (Fin Nc → ℝ) → ℝ) (hU : ContDiff ℝ (↑⊤) U)
  (hPU : MolecularDynamics.textbookUnitPeriodicPotential U) (β : ℝ) (Q : UnitAddTorus (Fin Nc)) :
  MolecularDynamics.textbookConfigurationTorusGibbsWeight U β Q ≤
    Real.exp (MolecularDynamics.textbookTorusPotentialScale U hU hPU β)
MolecularDynamics.textbookTorusPartition_lower {Nc : ℕ} (U : (Fin Nc → ℝ) → ℝ) (hU : ContDiff ℝ (↑⊤) U)
  (hPU : MolecularDynamics.textbookUnitPeriodicPotential U) (β : ℝ) :
  Real.exp (-MolecularDynamics.textbookTorusPotentialScale U hU hPU β) ≤
    MolecularDynamics.textbookConfigurationPartition U β
MolecularDynamics.textbookTorusPartition_upper {Nc : ℕ} (U : (Fin Nc → ℝ) → ℝ) (hU : ContDiff ℝ (↑⊤) U)
  (hPU : MolecularDynamics.textbookUnitPeriodicPotential U) (β : ℝ) :
  MolecularDynamics.textbookConfigurationPartition U β ≤
    Real.exp (MolecularDynamics.textbookTorusPotentialScale U hU hPU β)
MolecularDynamics.textbookConfigurationTorusGibbsDensity {Nc : ℕ} (U : (Fin Nc → ℝ) → ℝ) (β : ℝ)
  (Q : UnitAddTorus (Fin Nc)) : ℝ
MolecularDynamics.textbookConfigurationTorusGibbsDensity_pos {Nc : ℕ} (U : (Fin Nc → ℝ) → ℝ) (hU : ContDiff ℝ (↑⊤) U)
  (β : ℝ) (Q : UnitAddTorus (Fin Nc)) : 0 < MolecularDynamics.textbookConfigurationTorusGibbsDensity U β Q
MolecularDynamics.textbookTorusGibbsDensity_lower {Nc : ℕ} (U : (Fin Nc → ℝ) → ℝ) (hU : ContDiff ℝ (↑⊤) U)
  (hPU : MolecularDynamics.textbookUnitPeriodicPotential U) (β : ℝ) (Q : UnitAddTorus (Fin Nc)) :
  Real.exp (-2 * MolecularDynamics.textbookTorusPotentialScale U hU hPU β) ≤
    MolecularDynamics.textbookConfigurationTorusGibbsDensity U β Q
MolecularDynamics.textbookTorusGibbsDensity_upper {Nc : ℕ} (U : (Fin Nc → ℝ) → ℝ) (hU : ContDiff ℝ (↑⊤) U)
  (hPU : MolecularDynamics.textbookUnitPeriodicPotential U) (β : ℝ) (Q : UnitAddTorus (Fin Nc)) :
  MolecularDynamics.textbookConfigurationTorusGibbsDensity U β Q ≤
    Real.exp (2 * MolecularDynamics.textbookTorusPotentialScale U hU hPU β)
MolecularDynamics.textbookConfigurationTorusGibbsDensity_continuous {Nc : ℕ} (U : (Fin Nc → ℝ) → ℝ)
  (hU : ContDiff ℝ (↑⊤) U) (hPU : MolecularDynamics.textbookUnitPeriodicPotential U) (β : ℝ) :
  Continuous (MolecularDynamics.textbookConfigurationTorusGibbsDensity U β)
MolecularDynamics.textbookTorusGibbsDensity_mul_integrable {Nc : ℕ} (U : (Fin Nc → ℝ) → ℝ) (hU : ContDiff ℝ (↑⊤) U)
  (hPU : MolecularDynamics.textbookUnitPeriodicPotential U) (β : ℝ) (g : C(UnitAddTorus (Fin Nc), ℝ)) :
  MeasureTheory.Integrable (fun Q => MolecularDynamics.textbookConfigurationTorusGibbsDensity U β Q * g Q)
    MeasureTheory.volume
MolecularDynamics.textbookTorusGibbsDensity_integral {Nc : ℕ} (U : (Fin Nc → ℝ) → ℝ) (hU : ContDiff ℝ (↑⊤) U)
  (hPU : MolecularDynamics.textbookUnitPeriodicPotential U) (β : ℝ) (g : C(UnitAddTorus (Fin Nc), ℝ)) :
  ∫ (Q : UnitAddTorus (Fin Nc)), g Q ∂MolecularDynamics.textbookConfigurationTorusGibbsMeasure U β =
    ∫ (Q : UnitAddTorus (Fin Nc)), MolecularDynamics.textbookConfigurationTorusGibbsDensity U β Q * g Q
MolecularDynamics.textbookTorusGibbsIntegral_lower {Nc : ℕ} (U : (Fin Nc → ℝ) → ℝ) (hU : ContDiff ℝ (↑⊤) U)
  (hPU : MolecularDynamics.textbookUnitPeriodicPotential U) (β : ℝ) (g : C(UnitAddTorus (Fin Nc), ℝ))
  (hg : ∀ (Q : UnitAddTorus (Fin Nc)), 0 ≤ g Q) :
  Real.exp (-2 * MolecularDynamics.textbookTorusPotentialScale U hU hPU β) * ∫ (Q : UnitAddTorus (Fin Nc)), g Q ≤
    ∫ (Q : UnitAddTorus (Fin Nc)), g Q ∂MolecularDynamics.textbookConfigurationTorusGibbsMeasure U β
MolecularDynamics.textbookTorusGibbsIntegral_upper {Nc : ℕ} (U : (Fin Nc → ℝ) → ℝ) (hU : ContDiff ℝ (↑⊤) U)
  (hPU : MolecularDynamics.textbookUnitPeriodicPotential U) (β : ℝ) (g : C(UnitAddTorus (Fin Nc), ℝ))
  (hg : ∀ (Q : UnitAddTorus (Fin Nc)), 0 ≤ g Q) :
  ∫ (Q : UnitAddTorus (Fin Nc)), g Q ∂MolecularDynamics.textbookConfigurationTorusGibbsMeasure U β ≤
    Real.exp (2 * MolecularDynamics.textbookTorusPotentialScale U hU hPU β) * ∫ (Q : UnitAddTorus (Fin Nc)), g Q
MolecularDynamics.textbookTorusGibbsSquareIntegral_lower {Nc : ℕ} (U : (Fin Nc → ℝ) → ℝ) (hU : ContDiff ℝ (↑⊤) U)
  (hPU : MolecularDynamics.textbookUnitPeriodicPotential U) (β : ℝ) (g : C(UnitAddTorus (Fin Nc), ℝ)) :
  Real.exp (-2 * MolecularDynamics.textbookTorusPotentialScale U hU hPU β) * ∫ (Q : UnitAddTorus (Fin Nc)), g Q ^ 2 ≤
    ∫ (Q : UnitAddTorus (Fin Nc)), g Q ^ 2 ∂MolecularDynamics.textbookConfigurationTorusGibbsMeasure U β
MolecularDynamics.textbookTorusGibbsSquareIntegral_upper {Nc : ℕ} (U : (Fin Nc → ℝ) → ℝ) (hU : ContDiff ℝ (↑⊤) U)
  (hPU : MolecularDynamics.textbookUnitPeriodicPotential U) (β : ℝ) (g : C(UnitAddTorus (Fin Nc), ℝ)) :
  ∫ (Q : UnitAddTorus (Fin Nc)), g Q ^ 2 ∂MolecularDynamics.textbookConfigurationTorusGibbsMeasure U β ≤
    Real.exp (2 * MolecularDynamics.textbookTorusPotentialScale U hU hPU β) * ∫ (Q : UnitAddTorus (Fin Nc)), g Q ^ 2
MolecularDynamics.textbookGibbsContinuousToLp_norm_sq {Nc : ℕ} (U : (Fin Nc → ℝ) → ℝ) (hU : ContDiff ℝ (↑⊤) U)
  (hPU : MolecularDynamics.textbookUnitPeriodicPotential U) (β : ℝ) (g : C(UnitAddTorus (Fin Nc), ℝ)) :
  ‖(MolecularDynamics.textbookGibbsContinuousToLp U hU hPU β) g‖ ^ 2 =
    ∫ (Q : UnitAddTorus (Fin Nc)), g Q ^ 2 ∂MolecularDynamics.textbookConfigurationTorusGibbsMeasure U β
MolecularDynamics.textbookGibbsContinuousToLp_norm_sq_lower {Nc : ℕ} (U : (Fin Nc → ℝ) → ℝ) (hU : ContDiff ℝ (↑⊤) U)
  (hPU : MolecularDynamics.textbookUnitPeriodicPotential U) (β : ℝ) (g : C(UnitAddTorus (Fin Nc), ℝ)) :
  Real.exp (-2 * MolecularDynamics.textbookTorusPotentialScale U hU hPU β) * ∫ (Q : UnitAddTorus (Fin Nc)), g Q ^ 2 ≤
    ‖(MolecularDynamics.textbookGibbsContinuousToLp U hU hPU β) g‖ ^ 2
MolecularDynamics.textbookGibbsContinuousToLp_norm_sq_upper {Nc : ℕ} (U : (Fin Nc → ℝ) → ℝ) (hU : ContDiff ℝ (↑⊤) U)
  (hPU : MolecularDynamics.textbookUnitPeriodicPotential U) (β : ℝ) (g : C(UnitAddTorus (Fin Nc), ℝ)) :
  ‖(MolecularDynamics.textbookGibbsContinuousToLp U hU hPU β) g‖ ^ 2 ≤
    Real.exp (2 * MolecularDynamics.textbookTorusPotentialScale U hU hPU β) * ∫ (Q : UnitAddTorus (Fin Nc)), g Q ^ 2
Checking axiom_dependencies...
'MolecularDynamics.nBodyKineticEnergy_nonneg' depends on axioms: [propext, Classical.choice, Quot.sound]
'MolecularDynamics.unflatten_flatten' depends on axioms: [propext, Classical.choice, Quot.sound]
'MolecularDynamics.flatten_unflatten' depends on axioms: [propext, Classical.choice, Quot.sound]
'MolecularDynamics.coordinateMassesOfParticles_pos_iff' depends on axioms: [propext, Classical.choice, Quot.sound]
'MolecularDynamics.nBodyKineticEnergy_particle_eq' depends on axioms: [propext, Classical.choice, Quot.sound]
'MolecularDynamics.diagonalMassMatrix_posDef_iff' depends on axioms: [propext, Classical.choice, Quot.sound]
'MolecularDynamics.diagonalMassMatrix_inv_eq' depends on axioms: [propext, Classical.choice, Quot.sound]
'MolecularDynamics.diagonalMassMatrix_inv_mulVec' depends on axioms: [propext, Classical.choice, Quot.sound]
'MolecularDynamics.massOperator_velocityOperator' depends on axioms: [propext, Classical.choice, Quot.sound]
'MolecularDynamics.velocityOperator_massOperator' depends on axioms: [propext, Classical.choice, Quot.sound]
'MolecularDynamics.isMechanicalSolutionOn_iff_components' depends on axioms: [propext, Classical.choice, Quot.sound]
'MolecularDynamics.momentum_eq_mass_deriv_position' depends on axioms: [propext, Classical.choice, Quot.sound]
'MolecularDynamics.hasDerivAt_deriv_position' depends on axioms: [propext, Classical.choice, Quot.sound]
'MolecularDynamics.solution_nBodyEquationAt' depends on axioms: [propext, Classical.choice, Quot.sound]
'MolecularDynamics.solution_nBodyEquationAt_of_differentiable' depends on axioms: [propext,
 Classical.choice,
 Quot.sound]
'MolecularDynamics.solution_hasGradientAt_potential' depends on axioms: [propext, Classical.choice, Quot.sound]
'MolecularDynamics.newtonTrajectory_to_mechanicalSolution' depends on axioms: [propext, Classical.choice, Quot.sound]
'MolecularDynamics.freeParticle_localIVP' depends on axioms: [propext, Classical.choice, Quot.sound]
'MolecularDynamics.IsLocalMechanicalIVP.initial_mem' depends on axioms: [propext, Classical.choice, Quot.sound]
'MolecularDynamics.momentumKineticEnergy_eq_inner' depends on axioms: [propext, Classical.choice, Quot.sound]
'MolecularDynamics.momentumKineticEnergy_massOperator' depends on axioms: [propext, Classical.choice, Quot.sound]
'MolecularDynamics.massHamiltonian_massOperator' depends on axioms: [propext, Classical.choice, Quot.sound]
'MolecularDynamics.massHamiltonian_particle' depends on axioms: [propext, Classical.choice, Quot.sound]
'MolecularDynamics.massHamiltonian_velocityOperator' depends on axioms: [propext, Classical.choice, Quot.sound]
'MolecularDynamics.hasGradientAt_momentumKineticEnergy' depends on axioms: [propext, Classical.choice, Quot.sound]
'MolecularDynamics.gradient_momentumKineticEnergy_eq_velocityOperator' depends on axioms: [propext,
 Classical.choice,
 Quot.sound]
'MolecularDynamics.gradient_position_slice' depends on axioms: [propext, Classical.choice, Quot.sound]
'MolecularDynamics.hasGradientAt_position_slice' depends on axioms: [propext, Classical.choice, Quot.sound]
'MolecularDynamics.hamiltonianVectorField_eq' depends on axioms: [propext, Classical.choice, Quot.sound]
'MolecularDynamics.mechanical_energy_hasDerivAt_zero' depends on axioms: [propext, Classical.choice, Quot.sound]
'MolecularDynamics.mechanical_energy_const_on_Ioo' depends on axioms: [propext, Classical.choice, Quot.sound]
'MolecularDynamics.mechanicalVectorField_contDiffAt' depends on axioms: [propext, Classical.choice, Quot.sound]
'MolecularDynamics.exists_localMechanicalIVP_open_of_force_contDiffAt' depends on axioms: [propext,
 Classical.choice,
 Quot.sound]
'MolecularDynamics.mechanicalSolution_unique_on_Ioo' depends on axioms: [propext, Classical.choice, Quot.sound]
'MolecularDynamics.mechanicalSolution_eventually_unique_of_contDiffAt' depends on axioms: [propext,
 Classical.choice,
 Quot.sound]
'MolecularDynamics.totalMomentumCoordinate_hasDerivAt_zero' depends on axioms: [propext, Classical.choice, Quot.sound]
'MolecularDynamics.totalMomentumCoordinate_const_on_Ioo' depends on axioms: [propext, Classical.choice, Quot.sound]
'MolecularDynamics.strictPotentialMin_mechanicalEquilibrium' depends on axioms: [propext, Classical.choice, Quot.sound]
'MolecularDynamics.momentumKineticEnergy_nonneg' depends on axioms: [propext, Classical.choice, Quot.sound]
'MolecularDynamics.momentum_norm_sq_le' depends on axioms: [propext, Classical.choice, Quot.sound]
'MolecularDynamics.momentum_norm_le_of_energy' depends on axioms: [propext, Classical.choice, Quot.sound]
'MolecularDynamics.momentum_norm_lt_of_kineticEnergy' depends on axioms: [propext, Classical.choice, Quot.sound]
'MolecularDynamics.isCompact_phaseEnergySublevel' depends on axioms: [propext, Classical.choice, Quot.sound]
'MolecularDynamics.mechanicalSolution_below_barrier_stays_in_ball' depends on axioms: [propext,
 Classical.choice,
 Quot.sound]
'MolecularDynamics.mechanicalSolution_phase_dist_lt' depends on axioms: [propext, Classical.choice, Quot.sound]
'MolecularDynamics.exists_rightEndpointLimit_of_lipschitzOnWith' depends on axioms: [propext,
 Classical.choice,
 Quot.sound]
'MolecularDynamics.exists_rightEndpointLimit_mem_of_lipschitzOnWith' depends on axioms: [propext,
 Classical.choice,
 Quot.sound]
'MolecularDynamics.mechanicalSolution_lipschitzOnWith_of_field_bound' depends on axioms: [propext,
 Classical.choice,
 Quot.sound]
'MolecularDynamics.mechanicalSolution_has_rightEndpointLimit_of_field_bound' depends on axioms: [propext,
 Classical.choice,
 Quot.sound]
'MolecularDynamics.mechanicalSolution_has_rightEndpointLimit_of_compact' depends on axioms: [propext,
 Classical.choice,
 Quot.sound]
'MolecularDynamics.mechanicalSolution_unique_on_preconnected_of_contDiffAt' depends on axioms: [propext,
 Classical.choice,
 Quot.sound]
'MolecularDynamics.mechanicalSolution_glue_on_Ioo' depends on axioms: [propext, Classical.choice, Quot.sound]
'MolecularDynamics.hasDerivWithinAt_rightEndpoint_of_continuousOn' depends on axioms: [propext,
 Classical.choice,
 Quot.sound]
'MolecularDynamics.exists_localODE_matching_rightEndpoint' depends on axioms: [propext, Classical.choice, Quot.sound]
'MolecularDynamics.mechanicalSolution_extend_of_rightEndpointLimit' depends on axioms: [propext,
 Classical.choice,
 Quot.sound]
'MolecularDynamics.mechanicalSolution_extend_of_force_contDiffAt' depends on axioms: [propext,
 Classical.choice,
 Quot.sound]
'MolecularDynamics.mechanicalSolution_extend_of_compact' depends on axioms: [propext, Classical.choice, Quot.sound]
'MolecularDynamics.strictOn_iff_punctured' depends on axioms: [propext, Classical.choice, Quot.sound]
'MolecularDynamics.strictUniv_iff' depends on axioms: [propext, Classical.choice, Quot.sound]
'MolecularDynamics.strictOn_isLocalMinOn' depends on axioms: [propext, Classical.choice, Quot.sound]
'MolecularDynamics.compact_positive_gap' depends on axioms: [propext, Classical.choice, Quot.sound]
'MolecularDynamics.fixed_sphere_barrier' depends on axioms: [propext, Classical.choice, Quot.sound]
'MolecularDynamics.open_domain_barrier' depends on axioms: [propext, Classical.choice, Quot.sound]
'MolecularDynamics.energy_excludes_sphere' depends on axioms: [propext, Classical.choice, Quot.sound]
'MolecularDynamics.energy_below_barrier_excludes_sphere' depends on axioms: [propext, Classical.choice, Quot.sound]
'MolecularDynamics.conserved_trajectory_stays_in_ball' depends on axioms: [propext, Classical.choice, Quot.sound]
'MolecularDynamics.conserved_trajectory_below_barrier_stays_in_ball' depends on axioms: [propext,
 Classical.choice,
 Quot.sound]
'MolecularDynamics.conserved_trajectory_center_below_barrier_stays_in_ball' depends on axioms: [propext,
 Classical.choice,
 Quot.sound]
'MolecularDynamics.open_domain_energy_confinement' depends on axioms: [propext, Classical.choice, Quot.sound]
'MolecularDynamics.zero_dimensional_sphere_empty' depends on axioms: [propext, Classical.choice, Quot.sound]
'MolecularDynamics.zero_dimensional_barrier' depends on axioms: [propext, Classical.choice, Quot.sound]
'MolecularDynamics.zero_dimensional_strict_min' depends on axioms: [propext, Classical.choice, Quot.sound]
'MolecularDynamics.singleton_relative_strict' depends on axioms: [propext, Classical.choice, Quot.sound]
'MolecularDynamics.singleton_sphere_not_subset' depends on axioms: [propext, Classical.choice, Quot.sound]
'MolecularDynamics.quartic_strict_min' depends on axioms: [propext, Classical.choice, Quot.sound]
'MolecularDynamics.quartic_sphere_barrier' depends on axioms: [propext, Classical.choice, Quot.sound]
'MolecularDynamics.constant_local_min' depends on axioms: [propext, Classical.choice, Quot.sound]
'MolecularDynamics.constant_not_strict' depends on axioms: [propext, Classical.choice, Quot.sound]
'MolecularDynamics.endpoint_strict_radius' depends on axioms: [propext, Classical.choice, Quot.sound]
'MolecularDynamics.endpoint_potential_continuous' depends on axioms: [propext, Classical.choice, Quot.sound]
'MolecularDynamics.endpoint_no_barrier' depends on axioms: [propext, Classical.choice, Quot.sound]
'MolecularDynamics.quartic_potential_continuous' depends on axioms: [propext, Classical.choice, Quot.sound]
Dependency audit passed for 2383 imported project declarations; allowed: [propext, Classical.choice, Quot.sound].
'MolecularDynamics.exists_glued_function_of_compatible' depends on axioms: [propext, Classical.choice, Quot.sound]
'MolecularDynamics.exists_mechanicalSolutionOn_iUnion' depends on axioms: [propext, Classical.choice, Quot.sound]
'MolecularDynamics.exists_globalMechanicalSolution_of_local_compact_confinement' depends on axioms: [propext,
 Classical.choice,
 Quot.sound]
'MolecularDynamics.exists_globalMechanicalIVP_of_energy_barrier' depends on axioms: [propext,
 Classical.choice,
 Quot.sound]
'MolecularDynamics.gradient_contDiffAt_of_potential_contDiffAt_two' depends on axioms: [propext,
 Classical.choice,
 Quot.sound]
'MolecularDynamics.strictPotentialMin_exists_future_bound' depends on axioms: [propext, Classical.choice, Quot.sound]
'MolecularDynamics.strictPotentialMin_futureStable' depends on axioms: [propext, Classical.choice, Quot.sound]
'MolecularDynamics.strictPotentialMin_futureStable_of_potential_contDiffAt_two' depends on axioms: [propext,
 Classical.choice,
 Quot.sound]
'MolecularDynamics.product_dist_le_phaseEuclideanDistance' depends on axioms: [propext, Classical.choice, Quot.sound]
'MolecularDynamics.phaseEuclideanDistance_le_two_mul_dist' depends on axioms: [propext, Classical.choice, Quot.sound]
'MolecularDynamics.IsFutureMechanicalStable.euclidean' depends on axioms: [propext, Classical.choice, Quot.sound]
'MolecularDynamics.strictPotentialMin_futureStableEuclidean_of_potential_contDiffAt_two' depends on axioms: [propext,
 Classical.choice,
 Quot.sound]
'MolecularDynamics.strictPotentialMin_futureStableEuclidean_of_smooth' depends on axioms: [propext,
 Classical.choice,
 Quot.sound]
'MolecularDynamics.nBodyKineticEnergy_eq_inner' depends on axioms: [propext, Classical.choice, Quot.sound]
'MolecularDynamics.hasGradientAt_nBodyKineticEnergy' depends on axioms: [propext, Classical.choice, Quot.sound]
'MolecularDynamics.hasGradientAt_massLagrangian_velocity' depends on axioms: [propext, Classical.choice, Quot.sound]
'MolecularDynamics.hasGradientAt_massLagrangian_position' depends on axioms: [propext, Classical.choice, Quot.sound]
'MolecularDynamics.mechanicalSolution_eulerLagrange' depends on axioms: [propext, Classical.choice, Quot.sound]
'MolecularDynamics.eulerLagrange_to_mechanicalSolution' depends on axioms: [propext, Classical.choice, Quot.sound]
'MolecularDynamics.massLagrangian_coordinateChange' depends on axioms: [propext, Classical.choice, Quot.sound]
'MolecularDynamics.hasDerivAt_coordinateChange' depends on axioms: [propext, Classical.choice, Quot.sound]
'MolecularDynamics.generalizedMassMatrix_posDef' depends on axioms: [propext, Classical.choice, Quot.sound]
'MolecularDynamics.generalizedMassMatrix_isUnit' depends on axioms: [propext, Classical.choice, Quot.sound]
'MolecularDynamics.massHamiltonian_legendre_gap' depends on axioms: [propext, Classical.choice, Quot.sound]
'MolecularDynamics.legendre_objective_le_massHamiltonian' depends on axioms: [propext, Classical.choice, Quot.sound]
'MolecularDynamics.legendre_objective_attains_massHamiltonian' depends on axioms: [propext,
 Classical.choice,
 Quot.sound]
'MolecularDynamics.nBodyKineticEnergy_eq_zero_iff' depends on axioms: [propext, Classical.choice, Quot.sound]
'MolecularDynamics.legendre_objective_eq_massHamiltonian_iff' depends on axioms: [propext, Classical.choice, Quot.sound]
'MolecularDynamics.massHamiltonian_eq_legendre_sup' depends on axioms: [propext, Classical.choice, Quot.sound]
'MolecularDynamics.mechanicalSolution_translate_on_Ioi' depends on axioms: [propext, Classical.choice, Quot.sound]
'MolecularDynamics.futureMechanicalFlow_add' depends on axioms: [propext, Classical.choice, Quot.sound]
'MolecularDynamics.futureMechanicalFlow_commute' depends on axioms: [propext, Classical.choice, Quot.sound]
'MolecularDynamics.futureMechanicalFlow_energy' depends on axioms: [propext, Classical.choice, Quot.sound]
'MolecularDynamics.futureMechanicalFlow_injOn' depends on axioms: [propext, Classical.choice, Quot.sound]
'MolecularDynamics.exists_futureMechanicalFlow_of_energy_barrier' depends on axioms: [propext,
 Classical.choice,
 Quot.sound]
'MolecularDynamics.massHamiltonian_momentumReflection' depends on axioms: [propext, Classical.choice, Quot.sound]
'MolecularDynamics.mechanicalSolution_time_reverse_on_Iio' depends on axioms: [propext, Classical.choice, Quot.sound]
'MolecularDynamics.exists_globalMechanicalIVP_of_energy_barrier_two_sided' depends on axioms: [propext,
 Classical.choice,
 Quot.sound]
'MolecularDynamics.mechanicalSolution_translate_on_univ' depends on axioms: [propext, Classical.choice, Quot.sound]
'MolecularDynamics.mechanicalSolution_energy_on_univ' depends on axioms: [propext, Classical.choice, Quot.sound]
'MolecularDynamics.globalMechanicalFlow_add' depends on axioms: [propext, Classical.choice, Quot.sound]
'MolecularDynamics.globalMechanicalFlow_inverse' depends on axioms: [propext, Classical.choice, Quot.sound]
'MolecularDynamics.globalMechanicalFlow_commute' depends on axioms: [propext, Classical.choice, Quot.sound]
'MolecularDynamics.globalMechanicalFlow_bijOn' depends on axioms: [propext, Classical.choice, Quot.sound]
'MolecularDynamics.globalMechanicalFlow_energy' depends on axioms: [propext, Classical.choice, Quot.sound]
'MolecularDynamics.exists_globalMechanicalFlow_of_energy_barrier' depends on axioms: [propext,
 Classical.choice,
 Quot.sound]
'MolecularDynamics.harmonicFlow_isMechanicalSolution' depends on axioms: [propext, Classical.choice, Quot.sound]
'MolecularDynamics.harmonicFlow_isGlobalFlow' depends on axioms: [propext, Classical.choice, Quot.sound]
'MolecularDynamics.harmonicFlow_continuous' depends on axioms: [propext, Classical.choice, Quot.sound]
'MolecularDynamics.harmonicFlow_add' depends on axioms: [propext, Classical.choice, Quot.sound]
'MolecularDynamics.harmonicFlow_inverse' depends on axioms: [propext, Classical.choice, Quot.sound]
'MolecularDynamics.harmonicContinuousFlow' depends on axioms: [propext, Classical.choice, Quot.sound]
'MolecularDynamics.hasGradientAt_harmonicPotential' depends on axioms: [propext, Classical.choice, Quot.sound]
'MolecularDynamics.harmonicFlow_energy' depends on axioms: [propext, Classical.choice, Quot.sound]
'MolecularDynamics.freeParticleFlow_isMechanicalSolution' depends on axioms: [propext, Classical.choice, Quot.sound]
'MolecularDynamics.freeParticleFlow_isGlobalFlow' depends on axioms: [propext, Classical.choice, Quot.sound]
'MolecularDynamics.freeParticleFlow_continuous' depends on axioms: [propext, Classical.choice, Quot.sound]
'MolecularDynamics.freeParticleFlow_add' depends on axioms: [propext, Classical.choice, Quot.sound]
'MolecularDynamics.freeParticleContinuousFlow' depends on axioms: [propext, Classical.choice, Quot.sound]
'MolecularDynamics.freeParticleFlow_energy' depends on axioms: [propext, Classical.choice, Quot.sound]
'MolecularDynamics.hasDerivAt_linearExponentialFlow' depends on axioms: [propext, Classical.choice, Quot.sound]
'MolecularDynamics.linearExponentialFlow_add' depends on axioms: [propext, Classical.choice, Quot.sound]
'MolecularDynamics.linearExponentialFlow_continuous' depends on axioms: [propext, Classical.choice, Quot.sound]
'MolecularDynamics.linearContinuousFlow' depends on axioms: [propext, Classical.choice, Quot.sound]
'MolecularDynamics.linearExponentialFlow_inverse' depends on axioms: [propext, Classical.choice, Quot.sound]
'MolecularDynamics.hasDerivAt_linearExponentialFlow_initial_time' depends on axioms: [propext,
 Classical.choice,
 Quot.sound]
'MolecularDynamics.linearExponentialFlow_unique' depends on axioms: [propext, Classical.choice, Quot.sound]
'MolecularDynamics.linearExponentialOperator_series' depends on axioms: [propext, Classical.choice, Quot.sound]
'MolecularDynamics.matrixExponentialFlow_eq' depends on axioms: [propext, Classical.choice, Quot.sound]
'MolecularDynamics.hasDerivAt_matrixExponentialFlow' depends on axioms: [propext, Classical.choice, Quot.sound]
'MolecularDynamics.hasDerivAt_matrixExponentialFlow_initial_time' depends on axioms: [propext,
 Classical.choice,
 Quot.sound]
'MolecularDynamics.matrixExponentialFlow_unique' depends on axioms: [propext, Classical.choice, Quot.sound]
'MolecularDynamics.matrixContinuousFlow' depends on axioms: [propext, Classical.choice, Quot.sound]
'MolecularDynamics.matrixExponential_series' depends on axioms: [propext, Classical.choice, Quot.sound]
'MolecularDynamics.hasDerivAt_realEigenmode' depends on axioms: [propext, Classical.choice, Quot.sound]
'MolecularDynamics.linearExponentialFlow_realEigenmode' depends on axioms: [propext, Classical.choice, Quot.sound]
'MolecularDynamics.linearExponentialFlow_realSpectral_sum' depends on axioms: [propext, Classical.choice, Quot.sound]
'MolecularDynamics.linearExponentialFlow_realEigenbasis' depends on axioms: [propext, Classical.choice, Quot.sound]
'MolecularDynamics.hasDerivAt_complexEigenmode' depends on axioms: [propext, Classical.choice, Quot.sound]
'MolecularDynamics.complexExponentialFlow_eigenmode' depends on axioms: [propext, Classical.choice, Quot.sound]
'MolecularDynamics.complexExponentialFlow_spectral_sum' depends on axioms: [propext, Classical.choice, Quot.sound]
'MolecularDynamics.complexExponentialFlow_eigenbasis' depends on axioms: [propext, Classical.choice, Quot.sound]
'MolecularDynamics.hasDerivAt_complexExponentialFlow' depends on axioms: [propext, Classical.choice, Quot.sound]
'MolecularDynamics.complexContinuousFlow' depends on axioms: [propext, Classical.choice, Quot.sound]
'MolecularDynamics.complexEigenbasis_coefficients_unique' depends on axioms: [propext, Classical.choice, Quot.sound]
'MolecularDynamics.linearExponentialFlow_intertwine' depends on axioms: [propext, Classical.choice, Quot.sound]
'MolecularDynamics.linearExponentialFlow_fixed_clm' depends on axioms: [propext, Classical.choice, Quot.sound]
'MolecularDynamics.realMatrix_conjugation_commute' depends on axioms: [propext, Classical.choice, Quot.sound]
'MolecularDynamics.realMatrix_complexFlow_isReal' depends on axioms: [propext, Classical.choice, Quot.sound]
'MolecularDynamics.realMatrix_complexSpectral_sum_isReal' depends on axioms: [propext, Classical.choice, Quot.sound]
'MolecularDynamics.basisColumnMatrix_mulVec' depends on axioms: [propext, Classical.choice, Quot.sound]
'MolecularDynamics.basisColumnMatrix_mulVec_repr' depends on axioms: [propext, Classical.choice, Quot.sound]
'MolecularDynamics.basisColumnMatrix_isUnit' depends on axioms: [propext, Classical.choice, Quot.sound]
'MolecularDynamics.basisColumnMatrix_inverse_coefficients' depends on axioms: [propext, Classical.choice, Quot.sound]
'MolecularDynamics.firstIntegral_hasDerivAt_zero' depends on axioms: [propext, Classical.choice, Quot.sound]
'MolecularDynamics.firstIntegral_const_on_Ioo' depends on axioms: [propext, Classical.choice, Quot.sound]
'MolecularDynamics.firstIntegral_differential_necessary' depends on axioms: [propext, Classical.choice, Quot.sound]
'MolecularDynamics.isFirstIntegralOn_iff_differential' depends on axioms: [propext, Classical.choice, Quot.sound]
'MolecularDynamics.firstIntegral_gradient_criterion' depends on axioms: [propext, Classical.choice, Quot.sound]
'MolecularDynamics.planarAngularMomentum_hasDerivAt_zero' depends on axioms: [propext, Classical.choice, Quot.sound]
'MolecularDynamics.planarAngularMomentum_const_on_Ioo' depends on axioms: [propext, Classical.choice, Quot.sound]
'MolecularDynamics.centralForce_planarAngularMomentum_const' depends on axioms: [propext, Classical.choice, Quot.sound]
'MolecularDynamics.polarKinetic_identity' depends on axioms: [propext, Classical.choice, Quot.sound]
'MolecularDynamics.polarAngularMomentum_identity' depends on axioms: [propext, Classical.choice, Quot.sound]
'MolecularDynamics.keplerPolarLagrangian_identity' depends on axioms: [propext, Classical.choice, Quot.sound]
'MolecularDynamics.polarCoordinates_hasDerivAt_components' depends on axioms: [propext, Classical.choice, Quot.sound]
'MolecularDynamics.polarJacobian_det' depends on axioms: [propext, Classical.choice, Quot.sound]
'MolecularDynamics.polarJacobian_isUnit_iff' depends on axioms: [propext, Classical.choice, Quot.sound]
'MolecularDynamics.hasGradientAt_keplerPotential' depends on axioms: [propext, Classical.choice, Quot.sound]
'MolecularDynamics.keplerForce_eq_neg_gradient' depends on axioms: [propext, Classical.choice, Quot.sound]
'MolecularDynamics.keplerForce_contDiffAt' depends on axioms: [propext, Classical.choice, Quot.sound]
'MolecularDynamics.exists_kepler_localIVP' depends on axioms: [propext, Classical.choice, Quot.sound]
'MolecularDynamics.kepler_energy_const_on_Ioo' depends on axioms: [propext, Classical.choice, Quot.sound]
'MolecularDynamics.kepler_planarAngularMomentum_const_on_Ioo' depends on axioms: [propext, Classical.choice, Quot.sound]
'MolecularDynamics.hasStrictFDerivAt_polarCoordinateMap' depends on axioms: [propext, Classical.choice, Quot.sound]
'MolecularDynamics.exists_polarDerivativeEquiv' depends on axioms: [propext, Classical.choice, Quot.sound]
'MolecularDynamics.fderiv_polarCoordinateMap' depends on axioms: [propext, Classical.choice, Quot.sound]
'MolecularDynamics.exists_polarLocalChart_strictInverse' depends on axioms: [propext, Classical.choice, Quot.sound]
'MolecularDynamics.exists_polarLocalChart' depends on axioms: [propext, Classical.choice, Quot.sound]
'MolecularDynamics.keplerPolar_partial_v' depends on axioms: [propext, Classical.choice, Quot.sound]
'MolecularDynamics.keplerPolar_partial_ω' depends on axioms: [propext, Classical.choice, Quot.sound]
'MolecularDynamics.keplerPolar_partial_r' depends on axioms: [propext, Classical.choice, Quot.sound]
'MolecularDynamics.keplerPolar_partial_θ' depends on axioms: [propext, Classical.choice, Quot.sound]
'MolecularDynamics.keplerPolar_eulerLagrange_iff' depends on axioms: [propext, Classical.choice, Quot.sound]
'MolecularDynamics.keplerPolar_angular_const' depends on axioms: [propext, Classical.choice, Quot.sound]
'MolecularDynamics.keplerPolar_radial_reduction' depends on axioms: [propext, Classical.choice, Quot.sound]
'MolecularDynamics.keplerRadialEnergy_formula' depends on axioms: [propext, Classical.choice, Quot.sound]
'MolecularDynamics.keplerRadialEnergy_hasDerivAt_zero' depends on axioms: [propext, Classical.choice, Quot.sound]
'MolecularDynamics.keplerPolar_radialEnergy_const' depends on axioms: [propext, Classical.choice, Quot.sound]
'MolecularDynamics.keplerPolar_angle_integral' depends on axioms: [propext, Classical.choice, Quot.sound]
'MolecularDynamics.keplerPolar_radialEnergy_const_initialAngular' depends on axioms: [propext,
 Classical.choice,
 Quot.sound]
'MolecularDynamics.keplerPolar_energy_radial_identity' depends on axioms: [propext, Classical.choice, Quot.sound]
'MolecularDynamics.norm_polarCartesianPosition' depends on axioms: [propext, Classical.choice, Quot.sound]
'MolecularDynamics.polarCartesianState_angular' depends on axioms: [propext, Classical.choice, Quot.sound]
'MolecularDynamics.polarCartesianState_energy' depends on axioms: [propext, Classical.choice, Quot.sound]
'MolecularDynamics.hasDerivAt_planarPair' depends on axioms: [propext, Classical.choice, Quot.sound]
'MolecularDynamics.keplerPolar_angularVelocity_hasDerivAt' depends on axioms: [propext, Classical.choice, Quot.sound]
'MolecularDynamics.polarCartesianState_momentum_hasDerivAt' depends on axioms: [propext, Classical.choice, Quot.sound]
'MolecularDynamics.keplerPolarEL_to_cartesianMechanical' depends on axioms: [propext, Classical.choice, Quot.sound]
'MolecularDynamics.polarCartesianState_force' depends on axioms: [propext, Classical.choice, Quot.sound]
'MolecularDynamics.polarCartesianState_radialVelocity' depends on axioms: [propext, Classical.choice, Quot.sound]
'MolecularDynamics.cartesianMechanical_to_keplerPolarEL' depends on axioms: [propext, Classical.choice, Quot.sound]
'MolecularDynamics.keplerPolarEL_iff_cartesianMechanical' depends on axioms: [propext, Classical.choice, Quot.sound]
'MolecularDynamics.keplerReconstructedAngle_initial' depends on axioms: [propext, Classical.choice, Quot.sound]
'MolecularDynamics.keplerReconstructedAngle_hasDerivAt' depends on axioms: [propext, Classical.choice, Quot.sound]
'MolecularDynamics.keplerRadial_reconstruction_isEulerLagrange' depends on axioms: [propext,
 Classical.choice,
 Quot.sound]
'MolecularDynamics.keplerRadial_reconstruction_isMechanical' depends on axioms: [propext, Classical.choice, Quot.sound]
'MolecularDynamics.keplerRadialForce_contDiffAt' depends on axioms: [propext, Classical.choice, Quot.sound]
'MolecularDynamics.exists_keplerRadial_localIVP' depends on axioms: [propext, Classical.choice, Quot.sound]
'MolecularDynamics.exists_keplerRadial_reconstructed_localIVP' depends on axioms: [propext,
 Classical.choice,
 Quot.sound]
'MolecularDynamics.exists_polarCartesian_initialRepresentation' depends on axioms: [propext,
 Classical.choice,
 Quot.sound]
'MolecularDynamics.exists_kepler_localIVP_radialReconstruction' depends on axioms: [propext,
 Classical.choice,
 Quot.sound]
'MolecularDynamics.separableTimePrimitive_initial' depends on axioms: [propext, Classical.choice, Quot.sound]
'MolecularDynamics.separableTimePrimitive_hasStrictDerivAt' depends on axioms: [propext, Classical.choice, Quot.sound]
'MolecularDynamics.separableTimePrimitive_localInverse' depends on axioms: [propext, Classical.choice, Quot.sound]
'MolecularDynamics.separableTimePrimitive_along_solution' depends on axioms: [propext, Classical.choice, Quot.sound]
'MolecularDynamics.separableTimePrimitive_inverse_along_solution' depends on axioms: [propext,
 Classical.choice,
 Quot.sound]
'MolecularDynamics.keplerRadial_energy_speedSquare' depends on axioms: [propext, Classical.choice, Quot.sound]
'MolecularDynamics.keplerRadialBranchSpeed_eq_velocity' depends on axioms: [propext, Classical.choice, Quot.sound]
'MolecularDynamics.keplerRadialSpeedSquare_continuousAt' depends on axioms: [propext, Classical.choice, Quot.sound]
'MolecularDynamics.keplerRadialEnergy_const_on_Ioo' depends on axioms: [propext, Classical.choice, Quot.sound]
'MolecularDynamics.keplerRadial_signedQuadrature_inverse_on_branch' depends on axioms: [propext,
 Classical.choice,
 Quot.sound]
'MolecularDynamics.exists_keplerRadial_nonturning_window' depends on axioms: [propext, Classical.choice, Quot.sound]
'MolecularDynamics.keplerRadial_nonturning_signedQuadrature' depends on axioms: [propext, Classical.choice, Quot.sound]
'MolecularDynamics.keplerRadial_nonturning_quadrature' depends on axioms: [propext, Classical.choice, Quot.sound]
'MolecularDynamics.harmonicAction_time_formula' depends on axioms: [propext, Classical.choice, Quot.sound]
'MolecularDynamics.harmonicAction_harmonicFlow' depends on axioms: [propext, Classical.choice, Quot.sound]
'MolecularDynamics.harmonicActionAmplitude_pos' depends on axioms: [propext, Classical.choice, Quot.sound]
'MolecularDynamics.harmonicActionVelocity_formula' depends on axioms: [propext, Classical.choice, Quot.sound]
'MolecularDynamics.harmonicAction_energy' depends on axioms: [propext, Classical.choice, Quot.sound]
'MolecularDynamics.harmonicActionAmplitude_hasDerivAt' depends on axioms: [propext, Classical.choice, Quot.sound]
'MolecularDynamics.harmonicAction_hasDerivAt_components' depends on axioms: [propext, Classical.choice, Quot.sound]
'MolecularDynamics.harmonicAction_derivative_coefficients_iff' depends on axioms: [propext,
 Classical.choice,
 Quot.sound]
'MolecularDynamics.harmonicAction_ode_iff' depends on axioms: [propext, Classical.choice, Quot.sound]
'MolecularDynamics.harmonicAction_explicit_solution' depends on axioms: [propext, Classical.choice, Quot.sound]
'MolecularDynamics.exists_harmonicAction_representation' depends on axioms: [propext, Classical.choice, Quot.sound]
'MolecularDynamics.harmonicActionAmplitude_hasStrictDerivAt' depends on axioms: [propext, Classical.choice, Quot.sound]
'MolecularDynamics.harmonicActionJacobian_det' depends on axioms: [propext, Classical.choice, Quot.sound]
'MolecularDynamics.hasStrictFDerivAt_harmonicActionMap' depends on axioms: [propext, Classical.choice, Quot.sound]
'MolecularDynamics.fderiv_harmonicActionMap' depends on axioms: [propext, Classical.choice, Quot.sound]
'MolecularDynamics.exists_harmonicActionLocalChart' depends on axioms: [propext, Classical.choice, Quot.sound]
'MolecularDynamics.harmonicTorusPhase_rotation_coordinates' depends on axioms: [propext, Classical.choice, Quot.sound]
'MolecularDynamics.harmonicTorusPhase_rotation_isMechanical' depends on axioms: [propext, Classical.choice, Quot.sound]
'MolecularDynamics.harmonicTorusRotation_continuous' depends on axioms: [propext, Classical.choice, Quot.sound]
'MolecularDynamics.harmonicTorusRotation_add' depends on axioms: [propext, Classical.choice, Quot.sound]
'MolecularDynamics.harmonicTorusRotation_periodic_iff' depends on axioms: [propext, Classical.choice, Quot.sound]
'MolecularDynamics.harmonicTorusRotation_periodic_iff_integer' depends on axioms: [propext,
 Classical.choice,
 Quot.sound]
'MolecularDynamics.harmonicTorusRotation_integerFrequencies_periodic' depends on axioms: [propext,
 Classical.choice,
 Quot.sound]
'MolecularDynamics.harmonicTorusPhase_continuous' depends on axioms: [propext, Classical.choice, Quot.sound]
'MolecularDynamics.harmonicTorusPhase_realAngles' depends on axioms: [propext, Classical.choice, Quot.sound]
'MolecularDynamics.harmonicTorusPhase_energy' depends on axioms: [propext, Classical.choice, Quot.sound]
'MolecularDynamics.harmonicTorusPhase_image_fixedEnergy' depends on axioms: [propext, Classical.choice, Quot.sound]
'MolecularDynamics.harmonicTorusPhase_injective' depends on axioms: [propext, Classical.choice, Quot.sound]
'MolecularDynamics.harmonicTorusPhase_isClosedEmbedding' depends on axioms: [propext, Classical.choice, Quot.sound]
'MolecularDynamics.exists_harmonicTorusPhase_homeomorph' depends on axioms: [propext, Classical.choice, Quot.sound]
'MolecularDynamics.harmonicTorusThreeResonance_rotation' depends on axioms: [propext, Classical.choice, Quot.sound]
'MolecularDynamics.harmonicTorusRotation_three_resonant_not_dense' depends on axioms: [propext,
 Classical.choice,
 Quot.sound]
'MolecularDynamics.harmonicTorusRotation_two_dense_zero' depends on axioms: [propext, Classical.choice, Quot.sound]
'MolecularDynamics.harmonicTorusRotation_two_dense' depends on axioms: [propext, Classical.choice, Quot.sound]
'MolecularDynamics.harmonicTorusPhase_two_dense_fixedEnergy' depends on axioms: [propext, Classical.choice, Quot.sound]
'MolecularDynamics.harmonicTorusRotation_two_positivePeriod_iff_rational' depends on axioms: [propext,
 Classical.choice,
 Quot.sound]
'MolecularDynamics.harmonicTorusRotation_two_irrational_no_positivePeriod' depends on axioms: [propext,
 Classical.choice,
 Quot.sound]
'MolecularDynamics.harmonicTorusPhase_periodic_of_rotation_periodic' depends on axioms: [propext,
 Classical.choice,
 Quot.sound]
'MolecularDynamics.harmonicTorusPhase_periodic_iff_rotation_periodic' depends on axioms: [propext,
 Classical.choice,
 Quot.sound]
'MolecularDynamics.harmonicTorusPhase_two_positivePeriod_iff_rational' depends on axioms: [propext,
 Classical.choice,
 Quot.sound]
'MolecularDynamics.harmonicTorusPhase_two_irrational_no_positivePeriod' depends on axioms: [propext,
 Classical.choice,
 Quot.sound]
'MolecularDynamics.planarScalarPartial_isInvertible' depends on axioms: [propext, Classical.choice, Quot.sound]
'MolecularDynamics.exists_planarFirstIntegral_localGraph' depends on axioms: [propext, Classical.choice, Quot.sound]
'MolecularDynamics.planarFirstIntegral_localGraph_reduction' depends on axioms: [propext, Classical.choice, Quot.sound]
'MolecularDynamics.exists_planarFirstIntegral_C1Graph' depends on axioms: [propext, Classical.choice, Quot.sound]
'MolecularDynamics.exists_planarFirstIntegral_quadratureWindow' depends on axioms: [propext,
 Classical.choice,
 Quot.sound]
'MolecularDynamics.planarFirstIntegral_nonturning_quadrature' depends on axioms: [propext, Classical.choice, Quot.sound]
'MolecularDynamics.scalarPotentialEnergy_contDiff' depends on axioms: [propext, Classical.choice, Quot.sound]
'MolecularDynamics.scalarPotentialVectorField_contDiff' depends on axioms: [propext, Classical.choice, Quot.sound]
'MolecularDynamics.scalarPotentialEnergy_hasDerivAt_zero' depends on axioms: [propext, Classical.choice, Quot.sound]
'MolecularDynamics.scalarPotentialEnergy_isFirstIntegral' depends on axioms: [propext, Classical.choice, Quot.sound]
'MolecularDynamics.scalarPotentialEnergy_velocityPartial' depends on axioms: [propext, Classical.choice, Quot.sound]
'MolecularDynamics.scalarPotential_nonturning_quadrature' depends on axioms: [propext, Classical.choice, Quot.sound]
'MolecularDynamics.scalarPotentialSwappedEnergy_contDiff' depends on axioms: [propext, Classical.choice, Quot.sound]
'MolecularDynamics.scalarPotentialSwappedField_contDiff' depends on axioms: [propext, Classical.choice, Quot.sound]
'MolecularDynamics.scalarPotentialSwappedEnergy_isFirstIntegral' depends on axioms: [propext,
 Classical.choice,
 Quot.sound]
'MolecularDynamics.scalarPotentialSwappedEnergy_positionPartial' depends on axioms: [propext,
 Classical.choice,
 Quot.sound]
'MolecularDynamics.scalarPotential_regularTurning_quadrature' depends on axioms: [propext, Classical.choice, Quot.sound]
'MolecularDynamics.scalarPotential_equilibrium_constant' depends on axioms: [propext, Classical.choice, Quot.sound]
'MolecularDynamics.scalarPotential_equilibrium_locally_unique' depends on axioms: [propext,
 Classical.choice,
 Quot.sound]
'MolecularDynamics.scalarPotential_equilibrium_on_Ioo' depends on axioms: [propext, Classical.choice, Quot.sound]
'MolecularDynamics.scalarPotential_localDescription' depends on axioms: [propext, Classical.choice, Quot.sound]
'MolecularDynamics.scalarPotential_exists_localIVP' depends on axioms: [propext, Classical.choice, Quot.sound]
'MolecularDynamics.scalarPotential_exists_localIVP_integrable' depends on axioms: [propext,
 Classical.choice,
 Quot.sound]
'MolecularDynamics.equilibrium_constant_ode_iff' depends on axioms: [propext, Classical.choice, Quot.sound]
'MolecularDynamics.equilibriumLinearizationRemainder_isLittleO' depends on axioms: [propext,
 Classical.choice,
 Quot.sound]
'MolecularDynamics.equilibriumLinearizationRemainder_of_C1' depends on axioms: [propext, Classical.choice, Quot.sound]
'MolecularDynamics.actual_perturbation_ode' depends on axioms: [propext, Classical.choice, Quot.sound]
'MolecularDynamics.equilibrium_linearized_IVP' depends on axioms: [propext, Classical.choice, Quot.sound]
'MolecularDynamics.mechanicalLinearization_apply' depends on axioms: [propext, Classical.choice, Quot.sound]
'MolecularDynamics.hasFDerivAt_mechanicalVectorField' depends on axioms: [propext, Classical.choice, Quot.sound]
'MolecularDynamics.conservative_mechanical_linearization' depends on axioms: [propext, Classical.choice, Quot.sound]
'MolecularDynamics.exists_C1_localContinuousSolutionFamily' depends on axioms: [propext, Classical.choice, Quot.sound]
'MolecularDynamics.exists_localContinuousMechanicalFamily' depends on axioms: [propext, Classical.choice, Quot.sound]
'MolecularDynamics.exists_localContinuousMechanicalFamily_open' depends on axioms: [propext,
 Classical.choice,
 Quot.sound]
'MolecularDynamics.potential_hessian_symmetric' depends on axioms: [propext, Classical.choice, Quot.sound]
'MolecularDynamics.potential_hessian_symmetric_apply' depends on axioms: [propext, Classical.choice, Quot.sound]
'MolecularDynamics.conservative_linearization_hessian_data' depends on axioms: [propext, Classical.choice, Quot.sound]
'MolecularDynamics.linearizedHamiltonianQuadratic' depends on axioms: [propext, Classical.choice, Quot.sound]
'MolecularDynamics.linearizedHamiltonianQuadratic_eq_textbook_form' depends on axioms: [propext,
 Classical.choice,
 Quot.sound]
'MolecularDynamics.linearizedHamiltonianQuadratic_nonneg' depends on axioms: [propext, Classical.choice, Quot.sound]
'MolecularDynamics.linearizedHamiltonianQuadratic_nonneg_of_hessian' depends on axioms: [propext,
 Classical.choice,
 Quot.sound]
'MolecularDynamics.uniformPairPotentialEnergy' depends on axioms: [propext, Classical.choice, Quot.sound]
'MolecularDynamics.uniformPairPotentialEnergy_translate' depends on axioms: [propext, Classical.choice, Quot.sound]
'MolecularDynamics.uniformPairPotentialEnergy_two' depends on axioms: [propext, Classical.choice, Quot.sound]
'MolecularDynamics.nearestNeighborPotentialEnergy' depends on axioms: [propext, Classical.choice, Quot.sound]
'MolecularDynamics.nearestNeighborPotentialEnergy_translate' depends on axioms: [propext, Classical.choice, Quot.sound]
'MolecularDynamics.nearestNeighborPotentialEnergy_two' depends on axioms: [propext, Classical.choice, Quot.sound]
'MolecularDynamics.periodicNearestNeighborPotentialEnergy' depends on axioms: [propext, Classical.choice, Quot.sound]
'MolecularDynamics.periodicNearestNeighborPotentialEnergy_translate' depends on axioms: [propext,
 Classical.choice,
 Quot.sound]
'MolecularDynamics.walledNearestNeighborPotentialEnergy' depends on axioms: [propext, Classical.choice, Quot.sound]
'MolecularDynamics.boxPeriodicNearestNeighborPotentialEnergy' depends on axioms: [propext, Classical.choice, Quot.sound]
'MolecularDynamics.boxPeriodicNearestNeighborPotentialEnergy_translate' depends on axioms: [propext,
 Classical.choice,
 Quot.sound]
'MolecularDynamics.gradientLinearizationRemainder' depends on axioms: [propext, Classical.choice, Quot.sound]
'MolecularDynamics.gradientLinearizationRemainder_isLittleO' depends on axioms: [propext, Classical.choice, Quot.sound]
'MolecularDynamics.gradientLinearization_expansion' depends on axioms: [propext, Classical.choice, Quot.sound]
'MolecularDynamics.potentialHessian_quadratic_nonneg_of_posDef' depends on axioms: [propext,
 Classical.choice,
 Quot.sound]
'MolecularDynamics.linearizedHamiltonianQuadratic_nonneg_of_positive_hessian' depends on axioms: [propext,
 Classical.choice,
 Quot.sound]
'MolecularDynamics.realNormalMode' depends on axioms: [propext, Classical.choice, Quot.sound]
'MolecularDynamics.hasDerivAt_realNormalMode' depends on axioms: [propext, Classical.choice, Quot.sound]
'MolecularDynamics.realNormalMode_eq_linearExponentialFlow' depends on axioms: [propext, Classical.choice, Quot.sound]
'MolecularDynamics.mechanicalNormalMode_pair' depends on axioms: [propext, Classical.choice, Quot.sound]
'MolecularDynamics.hasDerivAt_mechanicalNormalMode' depends on axioms: [propext, Classical.choice, Quot.sound]
'MolecularDynamics.IsConstantVariationalSolution' depends on axioms: [propext, Classical.choice, Quot.sound]
'MolecularDynamics.linearExponentialFlow_isConstantVariationalSolution' depends on axioms: [propext,
 Classical.choice,
 Quot.sound]
'MolecularDynamics.constantVariationalSolution_unique' depends on axioms: [propext, Classical.choice, Quot.sound]
'MolecularDynamics.matrixExponential_zero' depends on axioms: [propext, Classical.choice, Quot.sound]
'MolecularDynamics.matrixExponential_add_of_commute' depends on axioms: [propext, Classical.choice, Quot.sound]
'MolecularDynamics.matrixExponential_neg' depends on axioms: [propext, Classical.choice, Quot.sound]
'MolecularDynamics.matrixExponentialFlow_realEigenmode' depends on axioms: [propext, Classical.choice, Quot.sound]
'MolecularDynamics.matrixExponentialFlow_diagonal' depends on axioms: [propext, Classical.choice, Quot.sound]
'MolecularDynamics.matrixExponential_conjugate' depends on axioms: [propext, Classical.choice, Quot.sound]
'MolecularDynamics.upperTriangularMatrix' depends on axioms: [propext, Classical.choice, Quot.sound]
'MolecularDynamics.upperTriangularFlow' depends on axioms: [propext, Classical.choice, Quot.sound]
'MolecularDynamics.hasDerivAt_positionPair' depends on axioms: [propext, Classical.choice, Quot.sound]
'MolecularDynamics.hasDerivAt_upperTriangularFlow' depends on axioms: [propext, Classical.choice, Quot.sound]
'MolecularDynamics.matrixExponentialFlow_upperTriangular' depends on axioms: [propext, Classical.choice, Quot.sound]
'MolecularDynamics.twoBodyCenterOfMass' depends on axioms: [propext, Classical.choice, Quot.sound]
'MolecularDynamics.twoBodySeparation' depends on axioms: [propext, Classical.choice, Quot.sound]
'MolecularDynamics.twoBodyCenterVelocity' depends on axioms: [propext, Classical.choice, Quot.sound]
'MolecularDynamics.twoBodyRelativeVelocity' depends on axioms: [propext, Classical.choice, Quot.sound]
'MolecularDynamics.twoBody_reconstruct_first' depends on axioms: [propext, Classical.choice, Quot.sound]
'MolecularDynamics.twoBody_reconstruct_second' depends on axioms: [propext, Classical.choice, Quot.sound]
'MolecularDynamics.twoBody_center_roundtrip' depends on axioms: [propext, Classical.choice, Quot.sound]
'MolecularDynamics.twoBody_separation_roundtrip' depends on axioms: [propext, Classical.choice, Quot.sound]
'MolecularDynamics.twoBody_equalMass_kinetic_decomposition' depends on axioms: [propext, Classical.choice, Quot.sound]
'MolecularDynamics.twoBodyRadialLagrangian' depends on axioms: [propext, Classical.choice, Quot.sound]
'MolecularDynamics.twoBody_equalMass_lagrangian_center_relative' depends on axioms: [propext,
 Classical.choice,
 Quot.sound]
'MolecularDynamics.eulerStep' depends on axioms: [propext, Classical.choice, Quot.sound]
'MolecularDynamics.eulerIterate' depends on axioms: [propext, Classical.choice, Quot.sound]
'MolecularDynamics.eulerIterate_zero' depends on axioms: [propext, Classical.choice, Quot.sound]
'MolecularDynamics.eulerIterate_succ' depends on axioms: [propext, Classical.choice, Quot.sound]
'MolecularDynamics.eulerIterate_zero_step' depends on axioms: [propext, Classical.choice, Quot.sound]
'MolecularDynamics.eulerMaxError' depends on axioms: [propext, Classical.choice, Quot.sound]
'MolecularDynamics.eulerMaxError_le' depends on axioms: [propext, Classical.choice, Quot.sound]
'MolecularDynamics.eulerStep_norm_sub_le' depends on axioms: [propext, Classical.choice, Quot.sound]
'MolecularDynamics.euler_localDefect_of_derivative_bound' depends on axioms: [propext, Classical.choice, Quot.sound]
'MolecularDynamics.exists_euler_trajectory_bounds' depends on axioms: [propext, Classical.choice, Quot.sound]
'MolecularDynamics.euler_convergence_on_open' depends on axioms: [propext, Classical.choice, Quot.sound]
'MolecularDynamics.theorem_2_1_euler' depends on axioms: [propext, Classical.choice, Quot.sound]
'MolecularDynamics.oneStepIterate' depends on axioms: [propext, Classical.choice, Quot.sound]
'MolecularDynamics.oneStepIterate_zero' depends on axioms: [propext, Classical.choice, Quot.sound]
'MolecularDynamics.oneStepIterate_succ' depends on axioms: [propext, Classical.choice, Quot.sound]
'MolecularDynamics.oneStepMaxError' depends on axioms: [propext, Classical.choice, Quot.sound]
'MolecularDynamics.oneStepMaxError_nonneg' depends on axioms: [propext, Classical.choice, Quot.sound]
'MolecularDynamics.oneStepMaxError_le' depends on axioms: [propext, Classical.choice, Quot.sound]
'MolecularDynamics.oneStep_error_recursion' depends on axioms: [propext, Classical.choice, Quot.sound]
'MolecularDynamics.oneStep_error_bound' depends on axioms: [propext, Classical.choice, Quot.sound]
'MolecularDynamics.oneStepMaxError_order_bound' depends on axioms: [propext, Classical.choice, Quot.sound]
'MolecularDynamics.oneStep_converges_of_consistency_stability' depends on axioms: [propext,
 Classical.choice,
 Quot.sound]
'MolecularDynamics.SymplecticCoordinates' depends on axioms: [propext, Classical.choice, Quot.sound]
'MolecularDynamics.SymplecticCoordinateMatrix' depends on axioms: [propext, Classical.choice, Quot.sound]
'MolecularDynamics.textbookJ' depends on axioms: [propext, Classical.choice, Quot.sound]
'MolecularDynamics.textbookJ_eq_neg_mathlibJ' depends on axioms: [propext, Classical.choice, Quot.sound]
'MolecularDynamics.textbookJ_transpose' depends on axioms: [propext, Classical.choice, Quot.sound]
'MolecularDynamics.textbookJ_squared' depends on axioms: [propext, Classical.choice, Quot.sound]
'MolecularDynamics.textbookDq' depends on axioms: [propext, Classical.choice, Quot.sound]
'MolecularDynamics.textbookDp' depends on axioms: [propext, Classical.choice, Quot.sound]
'MolecularDynamics.textbookDq_apply' depends on axioms: [propext, Classical.choice, Quot.sound]
'MolecularDynamics.textbookDp_apply' depends on axioms: [propext, Classical.choice, Quot.sound]
'MolecularDynamics.textbookWedgeOneForms' depends on axioms: [propext, Classical.choice, Quot.sound]
'MolecularDynamics.textbookWedgeOneForms_apply' depends on axioms: [propext, Classical.choice, Quot.sound]
'MolecularDynamics.textbookSymplecticForm' depends on axioms: [propext, Classical.choice, Quot.sound]
'MolecularDynamics.textbookSymplecticForm_coordinates' depends on axioms: [propext, Classical.choice, Quot.sound]
'MolecularDynamics.textbookSymplecticForm_eq_sum_wedges' depends on axioms: [propext, Classical.choice, Quot.sound]
'MolecularDynamics.textbookSymplecticForm_self' depends on axioms: [propext, Classical.choice, Quot.sound]
'MolecularDynamics.textbookSymplecticForm_skew' depends on axioms: [propext, Classical.choice, Quot.sound]
'MolecularDynamics.textbookSymplecticPullback' depends on axioms: [propext, Classical.choice, Quot.sound]
'MolecularDynamics.textbookSymplecticPullback_apply' depends on axioms: [propext, Classical.choice, Quot.sound]
'MolecularDynamics.textbookSymplecticPullback_matrix' depends on axioms: [propext, Classical.choice, Quot.sound]
'MolecularDynamics.IsTextbookSymplectic' depends on axioms: [propext, Classical.choice, Quot.sound]
'MolecularDynamics.isTextbookSymplectic_iff_pullback' depends on axioms: [propext, Classical.choice, Quot.sound]
'MolecularDynamics.isTextbookSymplectic_iff_preserves_form' depends on axioms: [propext, Classical.choice, Quot.sound]
'MolecularDynamics.isTextbookSymplectic_iff_mathlib' depends on axioms: [propext, Classical.choice, Quot.sound]
'MolecularDynamics.isTextbookSymplectic_one' depends on axioms: [propext, Classical.choice, Quot.sound]
'MolecularDynamics.IsTextbookSymplectic.mul' depends on axioms: [propext, Classical.choice, Quot.sound]
'MolecularDynamics.IsTextbookSymplectic.det_eq_one' depends on axioms: [propext, Classical.choice, Quot.sound]
'MolecularDynamics.IsTextbookSymplectic.det_square' depends on axioms: [propext, Classical.choice, Quot.sound]
'MolecularDynamics.IsTextbookSymplectic.abs_det' depends on axioms: [propext, Classical.choice, Quot.sound]
'MolecularDynamics.IsTextbookSymplectic.inv' depends on axioms: [propext, Classical.choice, Quot.sound]
'MolecularDynamics.IsTextbookSymplectic.inv_formula' depends on axioms: [propext, Classical.choice, Quot.sound]
'MolecularDynamics.textbookJacobian' depends on axioms: [propext, Classical.choice, Quot.sound]
'MolecularDynamics.textbookJacobian_entry' depends on axioms: [propext, Classical.choice, Quot.sound]
'MolecularDynamics.textbookJacobian_mulVec' depends on axioms: [propext, Classical.choice, Quot.sound]
'MolecularDynamics.textbookJacobian_id' depends on axioms: [propext, Classical.choice, Quot.sound]
'MolecularDynamics.textbookJacobian_comp' depends on axioms: [propext, Classical.choice, Quot.sound]
'MolecularDynamics.IsTextbookSymplecticMap' depends on axioms: [propext, Classical.choice, Quot.sound]
'MolecularDynamics.isTextbookSymplecticMap_iff_preserves_form' depends on axioms: [propext,
 Classical.choice,
 Quot.sound]
'MolecularDynamics.isTextbookSymplecticMap_id' depends on axioms: [propext, Classical.choice, Quot.sound]
'MolecularDynamics.IsTextbookSymplecticMap.comp' depends on axioms: [propext, Classical.choice, Quot.sound]
'MolecularDynamics.IsTextbookSymplecticMap.jacobian_det_eq_one' depends on axioms: [propext,
 Classical.choice,
 Quot.sound]
'MolecularDynamics.textbookJacobian_equiv_symm' depends on axioms: [propext, Classical.choice, Quot.sound]
'MolecularDynamics.IsTextbookSymplecticEquiv' depends on axioms: [propext, Classical.choice, Quot.sound]
'MolecularDynamics.isTextbookSymplecticEquiv_refl' depends on axioms: [propext, Classical.choice, Quot.sound]
'MolecularDynamics.IsTextbookSymplecticEquiv.mul' depends on axioms: [propext, Classical.choice, Quot.sound]
'MolecularDynamics.IsTextbookSymplecticEquiv.symm' depends on axioms: [propext, Classical.choice, Quot.sound]
'MolecularDynamics.textbookSymplecticDiffeomorphismGroup' depends on axioms: [propext, Classical.choice, Quot.sound]
'MolecularDynamics.textbookSymplecticDiffeomorphismGroup_mem_iff' depends on axioms: [propext,
 Classical.choice,
 Quot.sound]
'MolecularDynamics.TextbookSymplecticDiffeomorphism' depends on axioms: [propext, Classical.choice, Quot.sound]
'MolecularDynamics.textbookSymplecticDiffeomorphism_mul_apply' depends on axioms: [propext,
 Classical.choice,
 Quot.sound]
'MolecularDynamics.textbookHamiltonianHessian' depends on axioms: [propext, Classical.choice, Quot.sound]
'MolecularDynamics.textbookHamiltonianHessian_isSymm' depends on axioms: [propext, Classical.choice, Quot.sound]
'MolecularDynamics.hamiltonian_variational_matrix_cancellation' depends on axioms: [propext,
 Classical.choice,
 Quot.sound]
'MolecularDynamics.hasDerivWithinAt_hamiltonian_variational_form' depends on axioms: [propext,
 Classical.choice,
 Quot.sound]
'MolecularDynamics.hamiltonian_variational_form_constant' depends on axioms: [propext, Classical.choice, Quot.sound]
'MolecularDynamics.hamiltonian_variational_isSymplectic' depends on axioms: [propext, Classical.choice, Quot.sound]
'MolecularDynamics.hamiltonian_hessian_variational_isSymplectic' depends on axioms: [propext,
 Classical.choice,
 Quot.sound]
'MolecularDynamics.hamiltonian_flow_isSymplectic_of_variational_equation' depends on axioms: [propext,
 Classical.choice,
 Quot.sound]
'MolecularDynamics.textbookPositionProjection' depends on axioms: [propext, Classical.choice, Quot.sound]
'MolecularDynamics.textbookPotentialForce' depends on axioms: [propext, Classical.choice, Quot.sound]
'MolecularDynamics.contDiff_textbookPotentialForce' depends on axioms: [propext, Classical.choice, Quot.sound]
'MolecularDynamics.textbookPotentialForce_matrix_isSymm' depends on axioms: [propext, Classical.choice, Quot.sound]
'MolecularDynamics.textbookMomentumKick' depends on axioms: [propext, Classical.choice, Quot.sound]
'MolecularDynamics.textbookPositionDrift' depends on axioms: [propext, Classical.choice, Quot.sound]
'MolecularDynamics.textbookJacobian_momentumKick' depends on axioms: [propext, Classical.choice, Quot.sound]
'MolecularDynamics.contDiff_textbookMomentumKick' depends on axioms: [propext, Classical.choice, Quot.sound]
'MolecularDynamics.textbookJacobian_positionDrift' depends on axioms: [propext, Classical.choice, Quot.sound]
'MolecularDynamics.textbookPositionDrift_isSymplectic' depends on axioms: [propext, Classical.choice, Quot.sound]
'MolecularDynamics.textbookPotentialKick_isSymplectic' depends on axioms: [propext, Classical.choice, Quot.sound]
'MolecularDynamics.textbookSymplecticEuler' depends on axioms: [propext, Classical.choice, Quot.sound]
'MolecularDynamics.textbookSymplecticEuler_position' depends on axioms: [propext, Classical.choice, Quot.sound]
'MolecularDynamics.textbookSymplecticEuler_momentum' depends on axioms: [propext, Classical.choice, Quot.sound]
'MolecularDynamics.textbookSymplecticEuler_isSymplectic' depends on axioms: [propext, Classical.choice, Quot.sound]
'MolecularDynamics.textbookPositionProjection_momentumKick' depends on axioms: [propext, Classical.choice, Quot.sound]
'MolecularDynamics.textbookMomentumKick_neg_cancel' depends on axioms: [propext, Classical.choice, Quot.sound]
'MolecularDynamics.textbookPositionDrift_neg_cancel' depends on axioms: [propext, Classical.choice, Quot.sound]
'MolecularDynamics.textbookMomentumKickEquiv' depends on axioms: [propext, Classical.choice, Quot.sound]
'MolecularDynamics.textbookPositionDriftEquiv' depends on axioms: [propext, Classical.choice, Quot.sound]
'MolecularDynamics.textbookSymplecticEulerEquiv' depends on axioms: [propext, Classical.choice, Quot.sound]
'MolecularDynamics.textbookSymplecticEulerEquiv_apply' depends on axioms: [propext, Classical.choice, Quot.sound]
'MolecularDynamics.textbookSymplecticEulerEquiv_symm_apply' depends on axioms: [propext, Classical.choice, Quot.sound]
'MolecularDynamics.textbookSymplecticEulerEquiv_isSymplectic' depends on axioms: [propext, Classical.choice, Quot.sound]
'MolecularDynamics.textbookAdjointMethod' depends on axioms: [propext, Classical.choice, Quot.sound]
'MolecularDynamics.textbookAdjointMethod_apply_eq_iff' depends on axioms: [propext, Classical.choice, Quot.sound]
'MolecularDynamics.textbookAdjointMethod_involutive' depends on axioms: [propext, Classical.choice, Quot.sound]
'MolecularDynamics.textbookAdjointMethod_isSymplectic' depends on axioms: [propext, Classical.choice, Quot.sound]
'MolecularDynamics.textbookFlowMethod' depends on axioms: [propext, Classical.choice, Quot.sound]
'MolecularDynamics.textbookFlowMethod_isSelfAdjoint' depends on axioms: [propext, Classical.choice, Quot.sound]
'MolecularDynamics.euler_negative_step_iff_backward' depends on axioms: [propext, Classical.choice, Quot.sound]
'MolecularDynamics.euler_adjoint_iff_backward' depends on axioms: [propext, Classical.choice, Quot.sound]
'MolecularDynamics.textbookAdjointSymplecticEuler' depends on axioms: [propext, Classical.choice, Quot.sound]
'MolecularDynamics.textbookAdjointSymplecticEuler_apply' depends on axioms: [propext, Classical.choice, Quot.sound]
'MolecularDynamics.textbookAdjointSymplecticEuler_position' depends on axioms: [propext, Classical.choice, Quot.sound]
'MolecularDynamics.textbookAdjointSymplecticEuler_momentum' depends on axioms: [propext, Classical.choice, Quot.sound]
'MolecularDynamics.textbookAdjointSymplecticEuler_isSymplectic' depends on axioms: [propext,
 Classical.choice,
 Quot.sound]
'MolecularDynamics.exists_splitting_localError_bound' depends on axioms: [propext, Classical.choice, Quot.sound]
'MolecularDynamics.exists_flow_splitting_localError_bound' depends on axioms: [propext, Classical.choice, Quot.sound]
'MolecularDynamics.textbookHamiltonianVectorField' depends on axioms: [propext, Classical.choice, Quot.sound]
'MolecularDynamics.contDiffOn_textbookHamiltonianVectorField' depends on axioms: [propext, Classical.choice, Quot.sound]
'MolecularDynamics.textbookHamiltonianVectorField_add' depends on axioms: [propext, Classical.choice, Quot.sound]
'MolecularDynamics.exists_hamiltonian_splitting_localError_bound' depends on axioms: [propext,
 Classical.choice,
 Quot.sound]
'MolecularDynamics.textbookComposeMaps' depends on axioms: [propext, Classical.choice, Quot.sound]
'MolecularDynamics.textbookComposeMaps_isSymplectic' depends on axioms: [propext, Classical.choice, Quot.sound]
'MolecularDynamics.textbookComposeMethods' depends on axioms: [propext, Classical.choice, Quot.sound]
'MolecularDynamics.textbookComposeMethods_toMap' depends on axioms: [propext, Classical.choice, Quot.sound]
'MolecularDynamics.textbookAdjointMethod_comp' depends on axioms: [propext, Classical.choice, Quot.sound]
'MolecularDynamics.textbookSymmetricComposition' depends on axioms: [propext, Classical.choice, Quot.sound]
'MolecularDynamics.textbookSymmetricComposition_isSelfAdjoint' depends on axioms: [propext,
 Classical.choice,
 Quot.sound]
'MolecularDynamics.textbookComposeMethods_isSymplectic' depends on axioms: [propext, Classical.choice, Quot.sound]
'MolecularDynamics.textbookSymmetricComposition_isSymplectic' depends on axioms: [propext, Classical.choice, Quot.sound]
'MolecularDynamics.textbookConjugateMap' depends on axioms: [Quot.sound]
'MolecularDynamics.textbookConjugateMap_iterate' depends on axioms: [propext, Quot.sound]
'MolecularDynamics.textbook_conjugate_iterates' depends on axioms: [propext, Quot.sound]
'MolecularDynamics.textbook_conjugate_iterates_tendsto_iff' depends on axioms: [propext, Quot.sound]
'MolecularDynamics.textbookProcessedMethod' depends on axioms: [propext, Classical.choice, Quot.sound]
'MolecularDynamics.textbookProcessedIterate' depends on axioms: [propext, Classical.choice, Quot.sound]
'MolecularDynamics.textbookProcessedIterate_eq' depends on axioms: [propext, Classical.choice, Quot.sound]
'MolecularDynamics.textbookProcessedIterate_eq_of_conjugacy' depends on axioms: [propext, Classical.choice, Quot.sound]
'MolecularDynamics.textbookProcessedMaxError' depends on axioms: [propext, Classical.choice, Quot.sound]
'MolecularDynamics.textbookProcessedMaxError_eq_of_conjugacy' depends on axioms: [propext, Classical.choice, Quot.sound]
'MolecularDynamics.textbookLieDerivative' depends on axioms: [propext, Classical.choice, Quot.sound]
'MolecularDynamics.hasDerivWithinAt_textbookLieDerivative' depends on axioms: [propext, Classical.choice, Quot.sound]
'MolecularDynamics.hasDerivAt_textbookLieDerivative' depends on axioms: [propext, Classical.choice, Quot.sound]
'MolecularDynamics.contDiff_textbookLieDerivative' depends on axioms: [propext, Classical.choice, Quot.sound]
'MolecularDynamics.hasDerivAt_textbookLieDerivative_second' depends on axioms: [propext, Classical.choice, Quot.sound]
'MolecularDynamics.textbookLieDerivative_field_add' depends on axioms: [propext, Classical.choice, Quot.sound]
'MolecularDynamics.textbookPoissonBracket' depends on axioms: [propext, Classical.choice, Quot.sound]
'MolecularDynamics.textbookPoissonBracket_coordinates' depends on axioms: [propext, Classical.choice, Quot.sound]
'MolecularDynamics.textbookPoissonBracket_skew' depends on axioms: [propext, Classical.choice, Quot.sound]
'MolecularDynamics.textbookPoissonBracket_self' depends on axioms: [propext, Classical.choice, Quot.sound]
'MolecularDynamics.textbookPoissonBracket_linear_right' depends on axioms: [propext, Classical.choice, Quot.sound]
'MolecularDynamics.textbookPoissonBracket_jacobi' depends on axioms: [propext, Classical.choice, Quot.sound]
'MolecularDynamics.textbookLieDerivative_hamiltonian_eq_poisson' depends on axioms: [propext,
 Classical.choice,
 Quot.sound]
'MolecularDynamics.hasDerivWithinAt_textbookPoissonBracket' depends on axioms: [propext, Classical.choice, Quot.sound]
'MolecularDynamics.textbookHamiltonian_energy_const_on_Icc' depends on axioms: [propext, Classical.choice, Quot.sound]
'MolecularDynamics.textbookPoissonBracket_linear_left' depends on axioms: [propext, Classical.choice, Quot.sound]
'MolecularDynamics.textbookHamiltonianLieDerivative_add' depends on axioms: [propext, Classical.choice, Quot.sound]
'MolecularDynamics.textbookHamiltonianLieDerivative_commutator' depends on axioms: [propext,
 Classical.choice,
 Quot.sound]
'MolecularDynamics.textbookFormalOperatorExponential' depends on axioms: [propext, Classical.choice, Quot.sound]
'MolecularDynamics.textbookFormalOperatorExponential_coeff' depends on axioms: [propext, Classical.choice, Quot.sound]
'MolecularDynamics.textbookFormalOperatorProduct_coeff_zero' depends on axioms: [propext, Classical.choice, Quot.sound]
'MolecularDynamics.textbookFormalOperatorProduct_coeff_one' depends on axioms: [propext, Classical.choice, Quot.sound]
'MolecularDynamics.textbookFormalOperatorProduct_coeff_two' depends on axioms: [propext, Classical.choice, Quot.sound]
'MolecularDynamics.textbookFormalOperatorProduct_coeff_three' depends on axioms: [propext, Classical.choice, Quot.sound]
'MolecularDynamics.textbookFormalOperatorDifference_coeff_two' depends on axioms: [propext,
 Classical.choice,
 Quot.sound]
'MolecularDynamics.textbookFormalOperatorDifference_coeff_three' depends on axioms: [propext,
 Classical.choice,
 Quot.sound]
'MolecularDynamics.textbookFormalZeroConstant_power_coeff_zero' depends on axioms: [propext,
 Classical.choice,
 Quot.sound]
'MolecularDynamics.textbookFormalZeroConstantExponential' depends on axioms: [propext, Classical.choice, Quot.sound]
'MolecularDynamics.textbookFormalZeroConstantExponential_coeff_stabilizes' depends on axioms: [propext,
 Classical.choice,
 Quot.sound]
'MolecularDynamics.textbookFormalModifiedExponential' depends on axioms: [propext, Classical.choice, Quot.sound]
'MolecularDynamics.textbookFormalModifiedExponential_coeff_zero' depends on axioms: [propext,
 Classical.choice,
 Quot.sound]
'MolecularDynamics.textbookFormalModifiedExponential_coeff_one' depends on axioms: [propext,
 Classical.choice,
 Quot.sound]
'MolecularDynamics.textbookFormalModifiedExponential_coeff_two' depends on axioms: [propext,
 Classical.choice,
 Quot.sound]
'MolecularDynamics.textbookFormalModifiedExponential_matches_product' depends on axioms: [propext,
 Classical.choice,
 Quot.sound]
'MolecularDynamics.textbookTruncatedHamiltonian' depends on axioms: [propext, Classical.choice, Quot.sound]
'MolecularDynamics.contDiffOn_textbookTruncatedHamiltonian' depends on axioms: [propext, Classical.choice, Quot.sound]
'MolecularDynamics.exists_compact_C1_lipschitz_constant' depends on axioms: [propext, Classical.choice, Quot.sound]
'MolecularDynamics.exists_uniform_textbookTruncatedHamiltonian_remainder' depends on axioms: [propext,
 Classical.choice,
 Quot.sound]
'MolecularDynamics.textbookTruncatedHamiltonian_difference_isBigO' depends on axioms: [propext,
 Classical.choice,
 Quot.sound]
'MolecularDynamics.exists_uniform_textbookTruncatedHamiltonian_lipschitz' depends on axioms: [propext,
 Classical.choice,
 Quot.sound]
'MolecularDynamics.oneStep_energy_telescoping' depends on axioms: [propext, Classical.choice, Quot.sound]
'MolecularDynamics.textbook_energy_drift_le_actual_defects' depends on axioms: [propext, Classical.choice, Quot.sound]
'MolecularDynamics.energy_step_count_power_factor' depends on axioms: [propext, Classical.choice, Quot.sound]
'MolecularDynamics.textbook_energy_drift_rate_of_flow_defect' depends on axioms: [propext, Classical.choice, Quot.sound]
'MolecularDynamics.textbookConstraintGradient' depends on axioms: [propext, Classical.choice, Quot.sound]
'MolecularDynamics.contDiff_textbookConstraintGradient' depends on axioms: [propext, Classical.choice, Quot.sound]
'MolecularDynamics.textbookConstrainedMomentum' depends on axioms: [propext, Classical.choice, Quot.sound]
'MolecularDynamics.textbookCotangentChart' depends on axioms: [propext, Classical.choice, Quot.sound]
'MolecularDynamics.lemma_4_1_coordinates' depends on axioms: [propext, Classical.choice, Quot.sound]
'MolecularDynamics.lemma_4_1' depends on axioms: [propext, Classical.choice, Quot.sound]
'MolecularDynamics.textbookMultiConstrainedMomentum' depends on axioms: [propext, Classical.choice, Quot.sound]
'MolecularDynamics.differentiableAt_textbookMultiConstrainedMomentum' depends on axioms: [propext,
 Classical.choice,
 Quot.sound]
'MolecularDynamics.textbookMultiConstrainedMomentum_preserves_pullback' depends on axioms: [propext,
 Classical.choice,
 Quot.sound]
'MolecularDynamics.textbookProjectedEulerPreMomentum' depends on axioms: [propext, Classical.choice, Quot.sound]
'MolecularDynamics.textbookProjectedEulerPosition' depends on axioms: [propext, Classical.choice, Quot.sound]
'MolecularDynamics.textbookProjectedEulerChart' depends on axioms: [propext, Classical.choice, Quot.sound]
'MolecularDynamics.differentiableAt_textbookProjectedEulerPreMomentum' depends on axioms: [propext,
 Classical.choice,
 Quot.sound]
'MolecularDynamics.differentiableAt_textbookProjectedEulerPosition' depends on axioms: [propext,
 Classical.choice,
 Quot.sound]
'MolecularDynamics.textbookProjectedEulerChart_preserves_pullback' depends on axioms: [propext,
 Classical.choice,
 Quot.sound]
'MolecularDynamics.textbookConstraintJacobian' depends on axioms: [propext, Classical.choice, Quot.sound]
'MolecularDynamics.textbookConstraintJacobian_mulVec' depends on axioms: [propext, Classical.choice, Quot.sound]
'MolecularDynamics.textbookConstraintJacobian_eq_actualDerivative' depends on axioms: [propext,
 Classical.choice,
 Quot.sound]
'MolecularDynamics.textbookInverseMassMatrix' depends on axioms: [propext, Classical.choice, Quot.sound]
'MolecularDynamics.textbookConstraintGram' depends on axioms: [propext, Classical.choice, Quot.sound]
'MolecularDynamics.textbookCotangentMultiplier' depends on axioms: [propext, Classical.choice, Quot.sound]
'MolecularDynamics.textbookCotangentProjection' depends on axioms: [propext, Classical.choice, Quot.sound]
'MolecularDynamics.textbookCotangentProjection_eq_gradient_sum' depends on axioms: [propext,
 Classical.choice,
 Quot.sound]
'MolecularDynamics.textbookCotangentProjection_hiddenConstraint' depends on axioms: [propext,
 Classical.choice,
 Quot.sound]
'MolecularDynamics.textbookCotangentProjection_constraint_derivative_zero' depends on axioms: [propext,
 Classical.choice,
 Quot.sound]
'MolecularDynamics.textbookConstraintCurvature' depends on axioms: [propext, Classical.choice, Quot.sound]
'MolecularDynamics.textbookConstrainedReactionMultiplier' depends on axioms: [propext, Classical.choice, Quot.sound]
'MolecularDynamics.textbookConstrainedReaction_balance' depends on axioms: [propext, Classical.choice, Quot.sound]
'MolecularDynamics.textbookConstrainedODE_cotangent_invariant' depends on axioms: [propext,
 Classical.choice,
 Quot.sound]
'MolecularDynamics.contDiffAt_textbookConstraintJacobian' depends on axioms: [propext, Classical.choice, Quot.sound]
'MolecularDynamics.contDiffAt_textbookConstraintGram' depends on axioms: [propext, Classical.choice, Quot.sound]
'MolecularDynamics.contDiffAt_textbookCotangentMultiplier' depends on axioms: [propext, Classical.choice, Quot.sound]
'MolecularDynamics.contDiffAt_textbookCotangentProjection' depends on axioms: [propext, Classical.choice, Quot.sound]
'MolecularDynamics.textbookCotangentProjection_preserves_pullback' depends on axioms: [propext,
 Classical.choice,
 Quot.sound]
'MolecularDynamics.contDiffAt_textbookProjectedEulerPreMomentum' depends on axioms: [propext,
 Classical.choice,
 Quot.sound]
'MolecularDynamics.contDiffAt_textbookProjectedEulerPosition' depends on axioms: [propext, Classical.choice, Quot.sound]
'MolecularDynamics.textbookGramProjectedEulerChart' depends on axioms: [propext, Classical.choice, Quot.sound]
'MolecularDynamics.textbookGramProjectedEulerChart_hiddenConstraint_and_pullback' depends on axioms: [propext,
 Classical.choice,
 Quot.sound]
'MolecularDynamics.textbookConstraintJacobian_vecMul_injective' depends on axioms: [propext,
 Classical.choice,
 Quot.sound]
'MolecularDynamics.textbookInverseMassMatrix_posDef' depends on axioms: [propext, Classical.choice, Quot.sound]
'MolecularDynamics.textbookConstraintGram_posDef' depends on axioms: [propext, Classical.choice, Quot.sound]
'MolecularDynamics.textbookConstraintGram_det_pos' depends on axioms: [propext, Classical.choice, Quot.sound]
'MolecularDynamics.textbookConstraintGram_det_ne_zero' depends on axioms: [propext, Classical.choice, Quot.sound]
'MolecularDynamics.textbookCotangentProjection_hiddenConstraint_of_mass_and_independence' depends on axioms: [propext,
 Classical.choice,
 Quot.sound]
'MolecularDynamics.contDiffAt_textbookCotangentMultiplier_of_mass_and_independence' depends on axioms: [propext,
 Classical.choice,
 Quot.sound]
'MolecularDynamics.textbookConstrainedODE_cotangent_invariant_of_mass_and_independence' depends on axioms: [propext,
 Classical.choice,
 Quot.sound]
'MolecularDynamics.textbookSolutionVariation' depends on axioms: [propext, Classical.choice, Quot.sound]
'MolecularDynamics.textbookSolutionVariation_hasDerivAt' depends on axioms: [propext, Classical.choice, Quot.sound]
'MolecularDynamics.textbookHamiltonianVectorField_fderiv_mulVec' depends on axioms: [propext,
 Classical.choice,
 Quot.sound]
'MolecularDynamics.textbookHamiltonianFlowJacobian_hasDerivAt' depends on axioms: [propext,
 Classical.choice,
 Quot.sound]
'MolecularDynamics.textbookHamiltonianFlow_isSymplectic_of_jointC2' depends on axioms: [propext,
 Classical.choice,
 Quot.sound]
'MolecularDynamics.textbookHamiltonianFlowJacobian_det_eq_one_of_jointC2' depends on axioms: [propext,
 Classical.choice,
 Quot.sound]
'MolecularDynamics.textbookHamiltonianVectorField_jacobian' depends on axioms: [propext, Classical.choice, Quot.sound]
'MolecularDynamics.textbookHamiltonianVectorField_divergence_zero' depends on axioms: [propext,
 Classical.choice,
 Quot.sound]
'MolecularDynamics.textbookC1SolutionFamily_injective' depends on axioms: [propext, Classical.choice, Quot.sound]
'MolecularDynamics.textbookHamiltonianFlow_injective_of_jointC2' depends on axioms: [propext,
 Classical.choice,
 Quot.sound]
'MolecularDynamics.textbookHamiltonianFlow_measurable_image_of_jointC2' depends on axioms: [propext,
 Classical.choice,
 Quot.sound]
'MolecularDynamics.textbookHamiltonianFlow_volume_image_of_jointC2' depends on axioms: [propext,
 Classical.choice,
 Quot.sound]
'MolecularDynamics.textbookCoordinateJacobian' depends on axioms: [propext, Classical.choice, Quot.sound]
'MolecularDynamics.textbookCoordinateJacobian_entry' depends on axioms: [propext, Classical.choice, Quot.sound]
'MolecularDynamics.textbookCoordinateJacobian_mulVec' depends on axioms: [propext, Classical.choice, Quot.sound]
'MolecularDynamics.textbookMatrixDet_hasDerivAt_of_linearODE' depends on axioms: [propext, Classical.choice, Quot.sound]
'MolecularDynamics.textbookSolutionFamilyJacobian_hasDerivAt' depends on axioms: [propext, Classical.choice, Quot.sound]
'MolecularDynamics.textbookDivergenceFreeFlowJacobian_det_eq_one_of_jointC2' depends on axioms: [propext,
 Classical.choice,
 Quot.sound]
'MolecularDynamics.textbookDivergenceFreeFlow_measurable_image_of_jointC2' depends on axioms: [propext,
 Classical.choice,
 Quot.sound]
'MolecularDynamics.textbookDivergenceFreeFlow_volume_image_of_jointC2' depends on axioms: [propext,
 Classical.choice,
 Quot.sound]
'MolecularDynamics.contDiffAt_textbookConstraintGram_inverse' depends on axioms: [propext, Classical.choice, Quot.sound]
'MolecularDynamics.contDiffAt_textbookConstraintCurvature' depends on axioms: [propext, Classical.choice, Quot.sound]
'MolecularDynamics.contDiffAt_textbookConstrainedReactionMultiplier' depends on axioms: [propext,
 Classical.choice,
 Quot.sound]
'MolecularDynamics.contDiffAt_textbookConstrainedReactionMultiplier_of_mass_and_independence' depends on axioms: [propext,
 Classical.choice,
 Quot.sound]
'MolecularDynamics.textbookConstrainedPhaseVectorField' depends on axioms: [propext, Classical.choice, Quot.sound]
'MolecularDynamics.contDiffAt_textbookConstrainedPhaseVectorField' depends on axioms: [propext,
 Classical.choice,
 Quot.sound]
'MolecularDynamics.contDiffAt_textbookConstrainedPhaseVectorField_of_mass_and_independence' depends on axioms: [propext,
 Classical.choice,
 Quot.sound]
'MolecularDynamics.textbookConstrainedAcceleration_pullback_zero' depends on axioms: [propext,
 Classical.choice,
 Quot.sound]
'MolecularDynamics.textbookConstrainedFlow_pullback_constant_of_jointC2' depends on axioms: [propext,
 Classical.choice,
 Quot.sound]
'MolecularDynamics.textbookConstrainedFlow_pullback_constant_of_mass_and_independence' depends on axioms: [propext,
 Classical.choice,
 Quot.sound]
'MolecularDynamics.textbookCenteredGaussian_secondMoment' depends on axioms: [propext, Classical.choice, Quot.sound]
'MolecularDynamics.textbookCenteredGaussian_fourthMoment' depends on axioms: [propext, Classical.choice, Quot.sound]
'MolecularDynamics.textbookCenteredGaussian_square_memLp' depends on axioms: [propext, Classical.choice, Quot.sound]
'MolecularDynamics.textbookCenteredGaussian_square_variance' depends on axioms: [propext, Classical.choice, Quot.sound]
'MolecularDynamics.textbookWienerTime' depends on axioms: [propext, Classical.choice, Quot.sound]
'MolecularDynamics.textbookWienerIncrement' depends on axioms: [propext, Classical.choice, Quot.sound]
'MolecularDynamics.textbookWienerQuadraticSum' depends on axioms: [propext, Classical.choice, Quot.sound]
'MolecularDynamics.textbookWienerIncrement_hasLaw' depends on axioms: [propext, Classical.choice, Quot.sound]
'MolecularDynamics.textbookWienerIncrement_independent' depends on axioms: [propext, Classical.choice, Quot.sound]
'MolecularDynamics.textbookWienerQuadraticSum_integral' depends on axioms: [propext, Classical.choice, Quot.sound]
'MolecularDynamics.textbookWienerQuadraticSum_variance' depends on axioms: [propext, Classical.choice, Quot.sound]
'MolecularDynamics.textbookWienerQuadraticSum_meanSquareError' depends on axioms: [propext,
 Classical.choice,
 Quot.sound]
'MolecularDynamics.textbookWienerQuadraticSum_meanSquare_tendsto' depends on axioms: [propext,
 Classical.choice,
 Quot.sound]
'MolecularDynamics.textbookWienerWeightedSum' depends on axioms: [propext, Classical.choice, Quot.sound]
'MolecularDynamics.textbookWienerWeightedVariance' depends on axioms: [propext, Classical.choice, Quot.sound]
'MolecularDynamics.textbookWienerWeightedSum_hasGaussianLaw' depends on axioms: [propext, Classical.choice, Quot.sound]
'MolecularDynamics.textbookWienerWeightedSum_integral' depends on axioms: [propext, Classical.choice, Quot.sound]
'MolecularDynamics.textbookWienerWeightedSum_variance' depends on axioms: [propext, Classical.choice, Quot.sound]
'MolecularDynamics.textbookWienerWeightedSum_hasLaw' depends on axioms: [propext, Classical.choice, Quot.sound]
'MolecularDynamics.textbookWienerWeightedSum_difference_secondMoment' depends on axioms: [propext,
 Classical.choice,
 Quot.sound]
'MolecularDynamics.textbookWienerSelfItoSum' depends on axioms: [propext, Classical.choice, Quot.sound]
'MolecularDynamics.textbookWienerSelfItoSum_identity' depends on axioms: [propext, Classical.choice, Quot.sound]
'MolecularDynamics.textbookWienerSelfItoLimit_memLp' depends on axioms: [propext, Classical.choice, Quot.sound]
'MolecularDynamics.textbookWienerSelfItoSum_memLp' depends on axioms: [propext, Classical.choice, Quot.sound]
'MolecularDynamics.textbookWienerSelfItoSum_meanSquareError' depends on axioms: [propext, Classical.choice, Quot.sound]
'MolecularDynamics.textbookWienerSelfItoSum_meanSquare_tendsto' depends on axioms: [propext,
 Classical.choice,
 Quot.sound]
'MolecularDynamics.textbookWienerSelfItoIntegral_exists' depends on axioms: [propext, Classical.choice, Quot.sound]
'MolecularDynamics.textbookUniqueInvariantProbability' depends on axioms: [propext, Classical.choice, Quot.sound]
'MolecularDynamics.textbookKernelInvariant_swap' depends on axioms: [propext, Classical.choice, Quot.sound]
'MolecularDynamics.textbookKernelComposition_iterate' depends on axioms: [propext, Classical.choice, Quot.sound]
'MolecularDynamics.textbookInvariantDistributionSwap_left' depends on axioms: [propext, Classical.choice, Quot.sound]
'MolecularDynamics.textbookInvariantDistributionSwap' depends on axioms: [propext, Classical.choice, Quot.sound]
'MolecularDynamics.textbookThermostatPhase' depends on axioms: [propext, Classical.choice, Quot.sound]
'MolecularDynamics.textbookThermostatF' depends on axioms: [propext, Classical.choice, Quot.sound]
'MolecularDynamics.textbookThermostatG' depends on axioms: [propext, Classical.choice, Quot.sound]
'MolecularDynamics.textbookThermostatC' depends on axioms: [propext, Classical.choice, Quot.sound]
'MolecularDynamics.textbookThermostatD' depends on axioms: [propext, Classical.choice, Quot.sound]
'MolecularDynamics.textbookThermostatF_apply' depends on axioms: [propext, Classical.choice, Quot.sound]
'MolecularDynamics.textbookThermostatG_apply' depends on axioms: [propext, Classical.choice, Quot.sound]
'MolecularDynamics.textbookThermostatC_apply' depends on axioms: [propext, Classical.choice, Quot.sound]
'MolecularDynamics.textbookThermostatD_apply' depends on axioms: [propext, Classical.choice, Quot.sound]
'MolecularDynamics.textbookThermostatLinearField_lieBracket' depends on axioms: [propext, Classical.choice, Quot.sound]
'MolecularDynamics.textbookThermostat_lie_F_G' depends on axioms: [propext, Classical.choice, Quot.sound]
'MolecularDynamics.textbookThermostat_lie_F_C' depends on axioms: [propext, Classical.choice, Quot.sound]
'MolecularDynamics.textbookThermostat_lie_D_F' depends on axioms: [propext, Classical.choice, Quot.sound]
'MolecularDynamics.textbookThermostatLieSpan' depends on axioms: [propext, Classical.choice, Quot.sound]
'MolecularDynamics.textbookThermostatLieSpan_vectorField_closed' depends on axioms: [propext,
 Classical.choice,
 Quot.sound]
'MolecularDynamics.textbookThermostat_C_D_mem_lieSpan' depends on axioms: [propext, Classical.choice, Quot.sound]
'MolecularDynamics.textbookThermostatEigenCoordinates' depends on axioms: [propext, Classical.choice, Quot.sound]
'MolecularDynamics.textbookThermostatSpectralPhase' depends on axioms: [propext, Classical.choice, Quot.sound]
'MolecularDynamics.textbookThermostatEigenCoordinates_eq_dotProduct' depends on axioms: [propext,
 Classical.choice,
 Quot.sound]
'MolecularDynamics.textbookThermostatEigenCoordinates_intertwine' depends on axioms: [propext,
 Classical.choice,
 Quot.sound]
'MolecularDynamics.textbookThermostatEigenCoordinates_power' depends on axioms: [propext, Classical.choice, Quot.sound]
'MolecularDynamics.textbookThermostat_C_coordinates' depends on axioms: [propext, Classical.choice, Quot.sound]
'MolecularDynamics.textbookThermostat_D_coordinates' depends on axioms: [propext, Classical.choice, Quot.sound]
'MolecularDynamics.textbookThermostatModeDomain' depends on axioms: [propext, Classical.choice, Quot.sound]
'MolecularDynamics.textbookThermostatModeDomain_isOpen' depends on axioms: [propext, Classical.choice, Quot.sound]
'MolecularDynamics.textbookThermostatModal_coefficients_eq_zero' depends on axioms: [propext,
 Classical.choice,
 Quot.sound]
'MolecularDynamics.textbookThermostatFamily' depends on axioms: [propext, Classical.choice, Quot.sound]
'MolecularDynamics.textbookThermostatFamily_linearIndependent' depends on axioms: [propext,
 Classical.choice,
 Quot.sound]
'MolecularDynamics.textbookThermostatFamily_span_eq_top' depends on axioms: [propext, Classical.choice, Quot.sound]
'MolecularDynamics.textbookThermostatLieSpan_pointwise_span_eq_top' depends on axioms: [propext,
 Classical.choice,
 Quot.sound]
'MolecularDynamics.textbookIteratedBracket' depends on axioms: [propext, Classical.choice, Quot.sound]
'MolecularDynamics.textbookIteratedBracket_contDiff' depends on axioms: [propext, Classical.choice, Quot.sound]
'MolecularDynamics.textbookBracketPointSpan' depends on axioms: [propext, Classical.choice, Quot.sound]
'MolecularDynamics.textbookHormanderAt' depends on axioms: [propext, Classical.choice, Quot.sound]
'MolecularDynamics.textbookSmoothBracketModule' depends on axioms: [propext, Classical.choice, Quot.sound]
'MolecularDynamics.textbookSmoothBracketModule_generator_mem' depends on axioms: [propext, Classical.choice, Quot.sound]
'MolecularDynamics.textbookSmoothBracketModule_contDiff' depends on axioms: [propext, Classical.choice, Quot.sound]
'MolecularDynamics.textbookSmoothBracketModule_smooth_smul_mem' depends on axioms: [propext,
 Classical.choice,
 Quot.sound]
'MolecularDynamics.textbookSmoothBracketModule_eval_mem' depends on axioms: [propext, Classical.choice, Quot.sound]
'MolecularDynamics.textbookSmoothBracketModule_bracket_mem' depends on axioms: [propext, Classical.choice, Quot.sound]
'MolecularDynamics.textbookThermostatLift' depends on axioms: [propext, Classical.choice, Quot.sound]
'MolecularDynamics.textbookThermostatDrift' depends on axioms: [propext, Classical.choice, Quot.sound]
'MolecularDynamics.textbookThermostatNoise' depends on axioms: [propext, Classical.choice, Quot.sound]
'MolecularDynamics.textbookThermostatSeed' depends on axioms: [propext, Classical.choice, Quot.sound]
'MolecularDynamics.textbookThermostatSeed_contDiff' depends on axioms: [propext, Classical.choice, Quot.sound]
'MolecularDynamics.textbookThermostatLift_lieBracket' depends on axioms: [propext, Classical.choice, Quot.sound]
'MolecularDynamics.textbookThermostatDrift_noise_bracket' depends on axioms: [propext, Classical.choice, Quot.sound]
'MolecularDynamics.textbookThermostatLift_mem_module' depends on axioms: [propext, Classical.choice, Quot.sound]
'MolecularDynamics.textbookThermostatLift_iterated_mem_module' depends on axioms: [propext,
 Classical.choice,
 Quot.sound]
'MolecularDynamics.textbookThermostatHormanderLift' depends on axioms: [propext, Classical.choice, Quot.sound]
'MolecularDynamics.textbookThermostatPhysical_hormander' depends on axioms: [propext, Classical.choice, Quot.sound]
'MolecularDynamics.textbookNHLFeedback' depends on axioms: [propext, Classical.choice, Quot.sound]
'MolecularDynamics.textbookNHLFeedback_contDiff' depends on axioms: [propext, Classical.choice, Quot.sound]
'MolecularDynamics.textbookNHLDrift' depends on axioms: [propext, Classical.choice, Quot.sound]
'MolecularDynamics.textbookNHL_domain_isOpen' depends on axioms: [propext, Classical.choice, Quot.sound]
'MolecularDynamics.textbookNHLSeed_contDiff' depends on axioms: [propext, Classical.choice, Quot.sound]
'MolecularDynamics.textbookNHLDrift_apply' depends on axioms: [propext, Classical.choice, Quot.sound]
'MolecularDynamics.textbookNHL_hormander' depends on axioms: [propext, Classical.choice, Quot.sound]
'MolecularDynamics.textbookNHL_hormander_physicalNoise' depends on axioms: [propext, Classical.choice, Quot.sound]
'MolecularDynamics.textbookIteratedBracket.seed' depends on axioms: [propext, Classical.choice, Quot.sound]
'MolecularDynamics.textbookIteratedBracket.bracket' depends on axioms: [propext, Classical.choice, Quot.sound]
'MolecularDynamics.textbookIteratedBracket.rec' depends on axioms: [propext, Classical.choice, Quot.sound]
'MolecularDynamics.textbookNHLZeroMode' depends on axioms: [propext, Classical.choice, Quot.sound]
'MolecularDynamics.textbookThermostatModeDomain_eq_compl_zeroModes' depends on axioms: [propext,
 Classical.choice,
 Quot.sound]
'MolecularDynamics.textbookNHL_zeroMode_invariant' depends on axioms: [propext, Classical.choice, Quot.sound]
'MolecularDynamics.textbookWienerMidpointSum' depends on axioms: [propext, Classical.choice, Quot.sound]
'MolecularDynamics.textbookWienerMidpointCorrection' depends on axioms: [propext, Classical.choice, Quot.sound]
'MolecularDynamics.textbookWienerMidpointCorrection_memLp' depends on axioms: [propext, Classical.choice, Quot.sound]
'MolecularDynamics.textbookWienerMidpointCorrection_integral' depends on axioms: [propext, Classical.choice, Quot.sound]
'MolecularDynamics.textbookWienerMidpointCorrection_variance' depends on axioms: [propext, Classical.choice, Quot.sound]
'MolecularDynamics.textbookWienerMidpointSum_identity' depends on axioms: [propext, Classical.choice, Quot.sound]
'MolecularDynamics.textbookWienerMidpointLimit_memLp' depends on axioms: [propext, Classical.choice, Quot.sound]
'MolecularDynamics.textbookWienerMidpointSum_memLp' depends on axioms: [propext, Classical.choice, Quot.sound]
'MolecularDynamics.textbookWienerMidpointSum_meanSquareError' depends on axioms: [propext, Classical.choice, Quot.sound]
'MolecularDynamics.textbookWienerMidpointSum_meanSquare_tendsto' depends on axioms: [propext,
 Classical.choice,
 Quot.sound]
'MolecularDynamics.textbookWienerSelfStratonovichIntegral_exists' depends on axioms: [propext,
 Classical.choice,
 Quot.sound]
'MolecularDynamics.textbookWienerWeightedSum_refine' depends on axioms: [propext, Classical.choice, Quot.sound]
'MolecularDynamics.textbookWienerWeightedSum_twoGrid_secondMoment' depends on axioms: [propext,
 Classical.choice,
 Quot.sound]
'MolecularDynamics.textbookWienerDeterministicSum' depends on axioms: [propext, Classical.choice, Quot.sound]
'MolecularDynamics.textbookWienerDeterministicSum_memLp' depends on axioms: [propext, Classical.choice, Quot.sound]
'MolecularDynamics.textbookWienerTime_mem_Icc' depends on axioms: [propext, Classical.choice, Quot.sound]
'MolecularDynamics.textbookWienerDeterministicSum_twoGrid_meanSquare_le' depends on axioms: [propext,
 Classical.choice,
 Quot.sound]
'MolecularDynamics.textbookWienerDeterministicLp' depends on axioms: [propext, Classical.choice, Quot.sound]
'MolecularDynamics.textbookWienerDeterministicLp_dist_le' depends on axioms: [propext, Classical.choice, Quot.sound]
'MolecularDynamics.textbookWienerDeterministicLp_cauchySeq' depends on axioms: [propext, Classical.choice, Quot.sound]
'MolecularDynamics.textbookWienerDeterministicIntegral_exists_of_lipschitz' depends on axioms: [propext,
 Classical.choice,
 Quot.sound]
'MolecularDynamics.textbookWienerDeterministicIntegral_exists' depends on axioms: [propext,
 Classical.choice,
 Quot.sound]
'MolecularDynamics.textbookWienerDeterministicVariance' depends on axioms: [propext, Classical.choice, Quot.sound]
'MolecularDynamics.textbookWienerDeterministicVariance_coe' depends on axioms: [propext, Classical.choice, Quot.sound]
'MolecularDynamics.textbookWienerDeterministicFiniteVariance_tendsto' depends on axioms: [propext,
 Classical.choice,
 Quot.sound]
'MolecularDynamics.textbookWienerDeterministicIntegral_hasLaw' depends on axioms: [propext,
 Classical.choice,
 Quot.sound]
'MolecularDynamics.textbookWienerDeterministicIto_proposition63' depends on axioms: [propext,
 Classical.choice,
 Quot.sound]
'MolecularDynamics.textbookDivergence' depends on axioms: [propext, Classical.choice, Quot.sound]
'MolecularDynamics.textbookLiouvilleStationary' depends on axioms: [propext, Classical.choice, Quot.sound]
'MolecularDynamics.textbookDivergence_density' depends on axioms: [propext, Classical.choice, Quot.sound]
'MolecularDynamics.textbookDivergence_add' depends on axioms: [propext, Classical.choice, Quot.sound]
'MolecularDynamics.textbookDivergence_sub' depends on axioms: [propext, Classical.choice, Quot.sound]
'MolecularDynamics.textbookDivergence_const_smul' depends on axioms: [propext, Classical.choice, Quot.sound]
'MolecularDynamics.textbookDivergence_prod' depends on axioms: [propext, Classical.choice, Quot.sound]
'MolecularDynamics.textbookDivergence_conjugate' depends on axioms: [propext, Classical.choice, Quot.sound]
'MolecularDynamics.textbookLiouvilleStationary_lift_idle' depends on axioms: [propext, Classical.choice, Quot.sound]
'MolecularDynamics.textbookLiouvilleStationary_conjugate' depends on axioms: [propext, Classical.choice, Quot.sound]
'MolecularDynamics.textbookLiouvilleStationary_add_sub' depends on axioms: [propext, Classical.choice, Quot.sound]
'MolecularDynamics.textbookLiouvilleStationary_const_mul' depends on axioms: [propext, Classical.choice, Quot.sound]
'MolecularDynamics.textbookHamiltonianGibbsWeight' depends on axioms: [propext, Classical.choice, Quot.sound]
'MolecularDynamics.textbookHamiltonianGibbsWeight_pos' depends on axioms: [propext, Classical.choice, Quot.sound]
'MolecularDynamics.textbookHamiltonianGibbsWeight_stationary' depends on axioms: [propext, Classical.choice, Quot.sound]
'MolecularDynamics.textbookHamiltonianGibbsDensity' depends on axioms: [propext, Classical.choice, Quot.sound]
'MolecularDynamics.textbookHamiltonianGibbsDensity_stationary' depends on axioms: [propext,
 Classical.choice,
 Quot.sound]
'MolecularDynamics.textbookHamiltonianGibbsDensity_pos' depends on axioms: [propext, Classical.choice, Quot.sound]
'MolecularDynamics.textbookSingleThermostatField' depends on axioms: [propext, Classical.choice, Quot.sound]
'MolecularDynamics.textbookCombinedThermostatField' depends on axioms: [propext, Classical.choice, Quot.sound]
'MolecularDynamics.textbookThermostatProductDensity' depends on axioms: [propext, Classical.choice, Quot.sound]
'MolecularDynamics.textbookThermostatProductDensity_stationary' depends on axioms: [propext,
 Classical.choice,
 Quot.sound]
'MolecularDynamics.textbookThermostatProductDensity_nonneg' depends on axioms: [propext, Classical.choice, Quot.sound]
'MolecularDynamics.textbookThermostats_additive_proposition81' depends on axioms: [propext,
 Classical.choice,
 Quot.sound]
'MolecularDynamics.textbookStationaryDensityFlow_weightedJacobian' depends on axioms: [propext,
 Classical.choice,
 Quot.sound]
'MolecularDynamics.textbookStationaryDensityFlow_abs_weightedJacobian' depends on axioms: [propext,
 Classical.choice,
 Quot.sound]
'MolecularDynamics.textbookDensityMeasure' depends on axioms: [propext, Classical.choice, Quot.sound]
'MolecularDynamics.textbookStationaryDensityFlow_measure_image' depends on axioms: [propext,
 Classical.choice,
 Quot.sound]
'MolecularDynamics.textbookStationaryDensityFlow_measure_map' depends on axioms: [propext, Classical.choice, Quot.sound]
'MolecularDynamics.textbookThermostatProductDensity_measure_eq_prod' depends on axioms: [propext,
 Classical.choice,
 Quot.sound]
'MolecularDynamics.textbookThermostatProductDensity_probability' depends on axioms: [propext,
 Classical.choice,
 Quot.sound]
'MolecularDynamics.textbookThermostats_additive_invariant_probability' depends on axioms: [propext,
 Classical.choice,
 Quot.sound]
'MolecularDynamics.textbookFormalOperatorLogarithm' depends on axioms: [propext, Classical.choice, Quot.sound]
'MolecularDynamics.textbookFormalOperatorLogarithm_coeff_stabilizes' depends on axioms: [propext,
 Classical.choice,
 Quot.sound]
'MolecularDynamics.textbookFormalOperatorLogarithm_coeff_one' depends on axioms: [propext, Classical.choice, Quot.sound]
'MolecularDynamics.textbookFormalOperatorLogarithm_coeff_two' depends on axioms: [propext, Classical.choice, Quot.sound]
'MolecularDynamics.textbookFormalOperatorLogarithm_coeff_three' depends on axioms: [propext,
 Classical.choice,
 Quot.sound]
'MolecularDynamics.textbookFormalOperatorLogarithm_coeff_four' depends on axioms: [propext,
 Classical.choice,
 Quot.sound]
'MolecularDynamics.textbookSymmetricOperatorComposition' depends on axioms: [propext, Classical.choice, Quot.sound]
'MolecularDynamics.textbookOperatorCommutator' does not depend on any axioms
'MolecularDynamics.textbookSymmetricOperatorCorrection' depends on axioms: [propext, Classical.choice, Quot.sound]
'MolecularDynamics.textbookSymmetricOperatorComposition_coeff_zero' depends on axioms: [propext,
 Classical.choice,
 Quot.sound]
'MolecularDynamics.textbookSymmetricOperatorComposition_coeff_one' depends on axioms: [propext,
 Classical.choice,
 Quot.sound]
'MolecularDynamics.textbookSymmetricOperatorComposition_coeff_two' depends on axioms: [propext,
 Classical.choice,
 Quot.sound]
'MolecularDynamics.textbookSymmetricOperatorComposition_coeff_three' depends on axioms: [propext,
 Classical.choice,
 Quot.sound]
'MolecularDynamics.textbookSymmetricOperatorComposition_coeff_four' depends on axioms: [propext,
 Classical.choice,
 Quot.sound]
'MolecularDynamics.textbookSymmetricModifiedGenerator' depends on axioms: [propext, Classical.choice, Quot.sound]
'MolecularDynamics.textbookSymmetricModifiedGenerator_coeff_zero' depends on axioms: [propext,
 Classical.choice,
 Quot.sound]
'MolecularDynamics.textbookSymmetricModifiedGenerator_coeff_one' depends on axioms: [propext,
 Classical.choice,
 Quot.sound]
'MolecularDynamics.textbookSymmetricModifiedGenerator_coeff_two' depends on axioms: [propext,
 Classical.choice,
 Quot.sound]
'MolecularDynamics.textbookSymmetricModifiedGenerator_coeff_three' depends on axioms: [propext,
 Classical.choice,
 Quot.sound]
'MolecularDynamics.textbookSymmetricModifiedGenerator_formal_proposition71' depends on axioms: [propext,
 Classical.choice,
 Quot.sound]
'MolecularDynamics.textbookFormalLogarithmExponential' depends on axioms: [propext, Classical.choice, Quot.sound]
'MolecularDynamics.textbookFormalLogarithmExponential_coeff_matches' depends on axioms: [propext,
 Classical.choice,
 Quot.sound]
'MolecularDynamics.textbookSymmetricModifiedGenerator_logarithm' depends on axioms: [propext,
 Classical.choice,
 Quot.sound]
'MolecularDynamics.textbookSymmetricGeneratorExponential' depends on axioms: [propext, Classical.choice, Quot.sound]
'MolecularDynamics.textbookSymmetricGeneratorExponential_coeff_matches' depends on axioms: [propext,
 Classical.choice,
 Quot.sound]
'MolecularDynamics.textbookFormalOperatorCalculus' depends on axioms: [propext, Classical.choice, Quot.sound]
'MolecularDynamics.textbookFormalOperatorCalculusHom' depends on axioms: [propext, Classical.choice, Quot.sound]
'MolecularDynamics.textbookFormalOperatorCalculus_subst' depends on axioms: [propext, Classical.choice, Quot.sound]
'MolecularDynamics.textbookFormalOperatorCalculus_exp' depends on axioms: [propext, Classical.choice, Quot.sound]
'MolecularDynamics.textbookFormalOperatorCalculus_log' depends on axioms: [propext, Classical.choice, Quot.sound]
'MolecularDynamics.textbookFormalLogarithmExponential_eq' depends on axioms: [propext, Classical.choice, Quot.sound]
'MolecularDynamics.textbookFormalOperatorLogarithm_exp' depends on axioms: [propext, Classical.choice, Quot.sound]
'MolecularDynamics.textbookSymmetricGeneratorExponential_eq' depends on axioms: [propext, Classical.choice, Quot.sound]
'MolecularDynamics.textbookFormalOperatorTimeNeg' depends on axioms: [propext, Classical.choice, Quot.sound]
'MolecularDynamics.textbookFormalZeroConstantExponential_mul_neg' depends on axioms: [propext,
 Classical.choice,
 Quot.sound]
'MolecularDynamics.textbookFormalOperatorExponential_mul_neg' depends on axioms: [propext, Classical.choice, Quot.sound]
'MolecularDynamics.textbookSymmetricOperatorComposition_inverse' depends on axioms: [propext,
 Classical.choice,
 Quot.sound]
'MolecularDynamics.textbookSymmetricOperatorLogarithm_timeNeg' depends on axioms: [propext,
 Classical.choice,
 Quot.sound]
'MolecularDynamics.textbookSymmetricModifiedGenerator_odd_coeff_zero' depends on axioms: [propext,
 Classical.choice,
 Quot.sound]
'MolecularDynamics.textbookLangevinPhase' depends on axioms: [propext, Classical.choice, Quot.sound]
'MolecularDynamics.textbookLangevinDrift' depends on axioms: [propext, Classical.choice, Quot.sound]
'MolecularDynamics.textbookLangevinNoise' depends on axioms: [propext, Classical.choice, Quot.sound]
'MolecularDynamics.textbookLangevinSeed' depends on axioms: [propext, Classical.choice, Quot.sound]
'MolecularDynamics.textbookLangevinForce_contDiff' depends on axioms: [propext, Classical.choice, Quot.sound]
'MolecularDynamics.textbookLangevinSeed_contDiff' depends on axioms: [propext, Classical.choice, Quot.sound]
'MolecularDynamics.textbookLangevinDrift_noise_bracket' depends on axioms: [propext, Classical.choice, Quot.sound]
'MolecularDynamics.textbookLangevinBracketFamily' depends on axioms: [propext, Classical.choice, Quot.sound]
'MolecularDynamics.textbookLangevinBracketFamily_linearIndependent' depends on axioms: [propext,
 Classical.choice,
 Quot.sound]
'MolecularDynamics.textbookLangevin_hormander' depends on axioms: [propext, Classical.choice, Quot.sound]
'MolecularDynamics.textbookLangevin_hormander_physicalNoise' depends on axioms: [propext, Classical.choice, Quot.sound]
'MolecularDynamics.textbookLangevinControlPosition' depends on axioms: [propext, Classical.choice, Quot.sound]
'MolecularDynamics.textbookLangevinControlMomentum' depends on axioms: [propext, Classical.choice, Quot.sound]
'MolecularDynamics.textbookLangevinControlRate' depends on axioms: [propext, Classical.choice, Quot.sound]
'MolecularDynamics.textbookLangevinControlPath' depends on axioms: [propext, Classical.choice, Quot.sound]
'MolecularDynamics.textbookLangevinControlPosition_hasDerivAt' depends on axioms: [propext,
 Classical.choice,
 Quot.sound]
'MolecularDynamics.textbookLangevinControl_endpoints' depends on axioms: [propext, Classical.choice, Quot.sound]
'MolecularDynamics.textbookLangevinControlPath_hasDerivAt' depends on axioms: [propext, Classical.choice, Quot.sound]
'MolecularDynamics.textbookLangevinControlPath_contDiff' depends on axioms: [propext, Classical.choice, Quot.sound]
'MolecularDynamics.textbookLangevinControlMomentum_hasDerivAt' depends on axioms: [propext,
 Classical.choice,
 Quot.sound]
'MolecularDynamics.textbookLangevinControlledEndpoint' depends on axioms: [propext, Classical.choice, Quot.sound]
'MolecularDynamics.textbookLangevinIntegralSolution' depends on axioms: [propext, Classical.choice, Quot.sound]
'MolecularDynamics.textbookLangevinNoiseCompensated' depends on axioms: [propext, Classical.choice, Quot.sound]
'MolecularDynamics.textbookLangevinDrivenField' depends on axioms: [propext, Classical.choice, Quot.sound]
'MolecularDynamics.textbookLangevinNoiseCompensated_continuousOn' depends on axioms: [propext,
 Classical.choice,
 Quot.sound]
'MolecularDynamics.textbookLangevinNoiseCompensated_hasDerivWithinAt' depends on axioms: [propext,
 Classical.choice,
 Quot.sound]
'MolecularDynamics.textbookLangevinNoiseCompensated_initial' depends on axioms: [propext, Classical.choice, Quot.sound]
'MolecularDynamics.textbookLangevinControl_integralSolution' depends on axioms: [propext, Classical.choice, Quot.sound]
'MolecularDynamics.textbookLangevinNoiseCompensated_dist_le' depends on axioms: [propext, Classical.choice, Quot.sound]
'MolecularDynamics.textbookLangevinNoise_phase_dist_le' depends on axioms: [propext, Classical.choice, Quot.sound]
'MolecularDynamics.textbookLangevinControlledEndpoint_stable_globalLip' depends on axioms: [propext,
 Classical.choice,
 Quot.sound]
'MolecularDynamics.textbookLangevinSmoothCutoff' depends on axioms: [propext, Classical.choice, Quot.sound]
'MolecularDynamics.textbookLangevinSmoothCutoff_contDiff' depends on axioms: [propext, Classical.choice, Quot.sound]
'MolecularDynamics.textbookLangevinSmoothCutoff_hasCompactSupport' depends on axioms: [propext,
 Classical.choice,
 Quot.sound]
'MolecularDynamics.textbookLangevinSmoothCutoff_eq' depends on axioms: [propext, Classical.choice, Quot.sound]
'MolecularDynamics.textbookLangevinSmoothCutoff_force_eq' depends on axioms: [propext, Classical.choice, Quot.sound]
'MolecularDynamics.textbookPotentialForce_hasCompactSupport' depends on axioms: [propext, Classical.choice, Quot.sound]
'MolecularDynamics.textbookLangevinSmoothCutoff_force_lipschitz' depends on axioms: [propext,
 Classical.choice,
 Quot.sound]
'MolecularDynamics.textbookContinuous_firstExit' depends on axioms: [propext, Classical.choice, Quot.sound]
'MolecularDynamics.textbookLangevinIntegralSolution_changePotential' depends on axioms: [propext,
 Classical.choice,
 Quot.sound]
'MolecularDynamics.textbookLangevinControlledEndpoint_stable' depends on axioms: [propext, Classical.choice, Quot.sound]
'MolecularDynamics.textbookBrownianBridge' depends on axioms: [propext, Classical.choice, Quot.sound]
'MolecularDynamics.textbookBrownianBridge_terminal' depends on axioms: [propext, Classical.choice, Quot.sound]
'MolecularDynamics.textbookBrownianBridge_jointGaussian' depends on axioms: [propext, Classical.choice, Quot.sound]
'MolecularDynamics.textbookBrownianBridge_covariance_terminal' depends on axioms: [propext,
 Classical.choice,
 Quot.sound]
'MolecularDynamics.textbookBrownianBridge_indep_terminal' depends on axioms: [propext, Classical.choice, Quot.sound]
'MolecularDynamics.textbookBrownianBridge_continuous' depends on axioms: [propext, Classical.choice, Quot.sound]
'MolecularDynamics.textbookBrownian_endpoint_ball_pos' depends on axioms: [propext, Classical.choice, Quot.sound]
'MolecularDynamics.textbookBrownianBridgeSampleTube' depends on axioms: [propext, Classical.choice, Quot.sound]
'MolecularDynamics.textbookBrownianBridgeSampleTube_nullMeasurable' depends on axioms: [propext,
 Classical.choice,
 Quot.sound]
'MolecularDynamics.textbookBrownianBridgeSampleTube_short_pos' depends on axioms: [propext,
 Classical.choice,
 Quot.sound]
'MolecularDynamics.textbookBrownianBridgeSampleTube_exists_pos' depends on axioms: [propext,
 Classical.choice,
 Quot.sound]
'MolecularDynamics.textbookBrownianBridgeSampleTube_ae_full' depends on axioms: [propext, Classical.choice, Quot.sound]
'MolecularDynamics.textbookBrownianBridgeSampleTube_inter_ball' depends on axioms: [propext,
 Classical.choice,
 Quot.sound]
'MolecularDynamics.textbookBrownianBridgeSampleTube_short_joint_pos' depends on axioms: [propext,
 Classical.choice,
 Quot.sound]
'MolecularDynamics.textbookWienerLinearTube' depends on axioms: [propext, Classical.choice, Quot.sound]
'MolecularDynamics.textbookWienerLinearTube_nullMeasurable' depends on axioms: [propext, Classical.choice, Quot.sound]
'MolecularDynamics.textbookWienerLinearTube_short_pos' depends on axioms: [propext, Classical.choice, Quot.sound]
'MolecularDynamics.textbookWienerSamples_finiteLaw' depends on axioms: [propext, Classical.choice, Quot.sound]
'MolecularDynamics.textbookWienerSamples_law_eq' depends on axioms: [propext, Classical.choice, Quot.sound]
'MolecularDynamics.textbookWienerLinearTube_ae_samples' depends on axioms: [propext, Classical.choice, Quot.sound]
'MolecularDynamics.textbookWienerLinearTube_measure_eq' depends on axioms: [propext, Classical.choice, Quot.sound]
'MolecularDynamics.textbookWienerLinearTube_shift_short_pos' depends on axioms: [propext, Classical.choice, Quot.sound]
'MolecularDynamics.textbookWienerSegment' depends on axioms: [propext, Classical.choice, Quot.sound]
'MolecularDynamics.textbookWienerSegments_jointGaussian' depends on axioms: [propext, Classical.choice, Quot.sound]
'MolecularDynamics.textbookWienerSegments_independent' depends on axioms: [propext, Classical.choice, Quot.sound]
'MolecularDynamics.textbookBrownianBridgeJointTube_measure_eq' depends on axioms: [propext,
 Classical.choice,
 Quot.sound]
'MolecularDynamics.textbookBrownianBridgeJointTube_shift_short_pos' depends on axioms: [propext,
 Classical.choice,
 Quot.sound]
'MolecularDynamics.textbookWienerSegmentJointEvent' depends on axioms: [propext, Classical.choice, Quot.sound]
'MolecularDynamics.textbookWienerSegmentJointEvent_nullMeasurable' depends on axioms: [propext,
 Classical.choice,
 Quot.sound]
'MolecularDynamics.textbookWienerSegmentJointEvent_measure_prod' depends on axioms: [propext,
 Classical.choice,
 Quot.sound]
'MolecularDynamics.textbookWienerSegmentJointEvent_short_pos' depends on axioms: [propext, Classical.choice, Quot.sound]
'MolecularDynamics.textbookWienerUniformGrid_cell' depends on axioms: [propext, Classical.choice, Quot.sound]
'MolecularDynamics.textbookWienerEndpointError_telescope' depends on axioms: [propext, Classical.choice, Quot.sound]
'MolecularDynamics.textbookWienerUniformGrid_exists' depends on axioms: [propext, Classical.choice, Quot.sound]
'MolecularDynamics.textbookWienerEndpointError_bound' depends on axioms: [propext, Classical.choice, Quot.sound]
'MolecularDynamics.textbookWienerGridTube_bound' depends on axioms: [propext, Classical.choice, Quot.sound]
'MolecularDynamics.textbookWienerControlTube' depends on axioms: [propext, Classical.choice, Quot.sound]
'MolecularDynamics.textbookWienerControlTube_ae_samples' depends on axioms: [propext, Classical.choice, Quot.sound]
'MolecularDynamics.textbookWienerControlTube_nullMeasurable' depends on axioms: [propext, Classical.choice, Quot.sound]
'MolecularDynamics.textbookWienerControlTube_pos' depends on axioms: [propext, Classical.choice, Quot.sound]
'MolecularDynamics.textbookIsWienerVector' depends on axioms: [propext, Classical.choice, Quot.sound]
'MolecularDynamics.textbookWienerVector_coordinate' depends on axioms: [propext, Classical.choice, Quot.sound]
'MolecularDynamics.textbookWienerVector_coordinates_independent' depends on axioms: [propext,
 Classical.choice,
 Quot.sound]
'MolecularDynamics.textbookWienerVector_zero_ae' depends on axioms: [propext, Classical.choice, Quot.sound]
'MolecularDynamics.textbookWienerVectorControlTube' depends on axioms: [propext, Classical.choice, Quot.sound]
'MolecularDynamics.textbookWienerVectorControlTube_eq_iInter' depends on axioms: [propext, Classical.choice, Quot.sound]
'MolecularDynamics.textbookWienerVectorControlTube_nullMeasurable' depends on axioms: [propext,
 Classical.choice,
 Quot.sound]
'MolecularDynamics.textbookWienerVectorControlTube_measure_prod' depends on axioms: [propext,
 Classical.choice,
 Quot.sound]
'MolecularDynamics.textbookWienerVectorControlTube_pos' depends on axioms: [propext, Classical.choice, Quot.sound]
'MolecularDynamics.textbookWienerVectorRealControlTube' depends on axioms: [propext, Classical.choice, Quot.sound]
'MolecularDynamics.textbookWienerVectorRealControlTube_eq' depends on axioms: [propext, Classical.choice, Quot.sound]
'MolecularDynamics.textbookWienerVectorRealControlTube_nullMeasurable' depends on axioms: [propext,
 Classical.choice,
 Quot.sound]
'MolecularDynamics.textbookWienerVectorRealControlTube_pos' depends on axioms: [propext, Classical.choice, Quot.sound]
'MolecularDynamics.textbookLangevinEndpoint_ball_pos' depends on axioms: [propext, Classical.choice, Quot.sound]
'MolecularDynamics.textbookLangevinEndpoint_open_pos' depends on axioms: [propext, Classical.choice, Quot.sound]
'MolecularDynamics.textbookLangevinEndpoint_physicalNoise_open_pos' depends on axioms: [propext,
 Classical.choice,
 Quot.sound]
'MolecularDynamics.textbookLangevinPeriodicPhase' depends on axioms: [propext, Classical.choice, Quot.sound]
'MolecularDynamics.textbookLangevinPeriodicProjection' depends on axioms: [propext, Classical.choice, Quot.sound]
'MolecularDynamics.textbookLangevinPeriodicProjection_continuous' depends on axioms: [propext,
 Classical.choice,
 Quot.sound]
'MolecularDynamics.textbookLangevinPeriodicProjection_surjective' depends on axioms: [propext,
 Classical.choice,
 Quot.sound]
'MolecularDynamics.textbookLangevinPeriodicProjection_open_preimage' depends on axioms: [propext,
 Classical.choice,
 Quot.sound]
'MolecularDynamics.textbookLangevinProjectedEndpoint_open_pos' depends on axioms: [propext,
 Classical.choice,
 Quot.sound]
'MolecularDynamics.textbookLangevinProjectedEndpoint_physicalNoise_open_pos' depends on axioms: [propext,
 Classical.choice,
 Quot.sound]
'MolecularDynamics.textbookUnitPeriodicPotential' depends on axioms: [propext, Classical.choice, Quot.sound]
'MolecularDynamics.textbookUnitPeriodicPotential_fderiv' depends on axioms: [propext, Classical.choice, Quot.sound]
'MolecularDynamics.textbookUnitPeriodicPotential_force' depends on axioms: [propext, Classical.choice, Quot.sound]
'MolecularDynamics.textbookUnitPeriodicPotential_force_fderiv' depends on axioms: [propext,
 Classical.choice,
 Quot.sound]
'MolecularDynamics.textbookUnitPeriodicPotential_force_bound' depends on axioms: [propext, Classical.choice, Quot.sound]
'MolecularDynamics.textbookUnitPeriodicPotential_force_derivative_bound' depends on axioms: [propext,
 Classical.choice,
 Quot.sound]
'MolecularDynamics.textbookUnitPeriodicPotential_force_lipschitz' depends on axioms: [propext,
 Classical.choice,
 Quot.sound]
'MolecularDynamics.textbookLangevinPeriodicRepresentative' depends on axioms: [propext, Classical.choice, Quot.sound]
'MolecularDynamics.textbookLangevinPeriodicRepresentative_projects' depends on axioms: [propext,
 Classical.choice,
 Quot.sound]
'MolecularDynamics.textbookLangevinPeriodicForce' depends on axioms: [propext, Classical.choice, Quot.sound]
'MolecularDynamics.textbookLangevinPeriodicForce_lift' depends on axioms: [propext, Classical.choice, Quot.sound]
'MolecularDynamics.textbookLangevinPeriodicIntegralSolution' depends on axioms: [propext, Classical.choice, Quot.sound]
'MolecularDynamics.textbookLangevinPeriodicPositionLift' depends on axioms: [propext, Classical.choice, Quot.sound]
'MolecularDynamics.textbookLangevinPeriodicPositionLift_projects' depends on axioms: [propext,
 Classical.choice,
 Quot.sound]
'MolecularDynamics.textbookLangevinPeriodicIntegralSolution_lift' depends on axioms: [propext,
 Classical.choice,
 Quot.sound]
'MolecularDynamics.textbookLangevinPeriodicEndpoint_open_pos' depends on axioms: [propext, Classical.choice, Quot.sound]
'MolecularDynamics.textbookLangevinPeriodicEndpoint_physicalNoise_open_pos' depends on axioms: [propext,
 Classical.choice,
 Quot.sound]
'MolecularDynamics.textbookLangevinDrivenField_lipschitz' depends on axioms: [propext, Classical.choice, Quot.sound]
'MolecularDynamics.textbookLangevinDrivenField_exists' depends on axioms: [propext, Classical.choice, Quot.sound]
'MolecularDynamics.textbookLangevinIntegralSolution_exists_globalLip' depends on axioms: [propext,
 Classical.choice,
 Quot.sound]
'MolecularDynamics.textbookLangevinPeriodicIntegralSolution_exists' depends on axioms: [propext,
 Classical.choice,
 Quot.sound]
'MolecularDynamics.textbookLangevinPathNoise' depends on axioms: [propext, Classical.choice, Quot.sound]
'MolecularDynamics.textbookLangevinPathNoise_continuous' depends on axioms: [propext, Classical.choice, Quot.sound]
'MolecularDynamics.textbookLangevinPathNoise_zero' depends on axioms: [propext, Classical.choice, Quot.sound]
'MolecularDynamics.textbookLangevinPathSolution' depends on axioms: [propext, Classical.choice, Quot.sound]
'MolecularDynamics.textbookLangevinPathSolution_integralSolution' depends on axioms: [propext,
 Classical.choice,
 Quot.sound]
'MolecularDynamics.textbookLangevinPathEndpoint' depends on axioms: [propext, Classical.choice, Quot.sound]
'MolecularDynamics.textbookLangevinPathEndpoint_lipschitz' depends on axioms: [propext, Classical.choice, Quot.sound]
'MolecularDynamics.textbookLangevinPathEndpoint_continuous' depends on axioms: [propext, Classical.choice, Quot.sound]
'MolecularDynamics.textbookLangevinIntegralSolution_unique_globalLip' depends on axioms: [propext,
 Classical.choice,
 Quot.sound]
'MolecularDynamics.textbookWienerVectorContinuousPath' depends on axioms: [propext, Classical.choice, Quot.sound]
'MolecularDynamics.textbookWienerVectorContinuousPath_eval' depends on axioms: [propext, Classical.choice, Quot.sound]
'MolecularDynamics.textbookWienerVectorContinuousPath_aemeasurable' depends on axioms: [propext,
 Classical.choice,
 Quot.sound]
'MolecularDynamics.textbookWienerVectorContinuousPath_noise_ae' depends on axioms: [propext,
 Classical.choice,
 Quot.sound]
'MolecularDynamics.textbookLangevinRandomSolution' depends on axioms: [propext, Classical.choice, Quot.sound]
'MolecularDynamics.textbookLangevinRandomSolution_integralSolution_ae' depends on axioms: [propext,
 Classical.choice,
 Quot.sound]
'MolecularDynamics.textbookLangevinRandomSolution_endpoint_aemeasurable' depends on axioms: [propext,
 Classical.choice,
 Quot.sound]
'MolecularDynamics.textbookLangevinRandomSolution_open_pos' depends on axioms: [propext, Classical.choice, Quot.sound]
'MolecularDynamics.textbookLangevinPeriodicRandomSolution_exists' depends on axioms: [propext,
 Classical.choice,
 Quot.sound]
'MolecularDynamics.textbookLangevinPeriodicRandomSolution_exists_open_pos' depends on axioms: [propext,
 Classical.choice,
 Quot.sound]
'MolecularDynamics.textbookLangevinPeriodicRandomSolution_physicalNoise_exists_open_pos' depends on axioms: [propext,
 Classical.choice,
 Quot.sound]
'MolecularDynamics.textbookLangevinIntegralSolution_periodicProjection' depends on axioms: [propext,
 Classical.choice,
 Quot.sound]
'MolecularDynamics.textbookLangevinIntegralSolution_restrict' depends on axioms: [propext, Classical.choice, Quot.sound]
'MolecularDynamics.textbookLangevinGlobalRandomPhase' depends on axioms: [propext, Classical.choice, Quot.sound]
'MolecularDynamics.textbookLangevinGlobalRandomPhase_integralSolution_ae' depends on axioms: [propext,
 Classical.choice,
 Quot.sound]
'MolecularDynamics.textbookLangevinGlobalRandomPhase_endpoint_aemeasurable' depends on axioms: [propext,
 Classical.choice,
 Quot.sound]
'MolecularDynamics.textbookLangevinGlobalRandomPhase_continuousOn_ae' depends on axioms: [propext,
 Classical.choice,
 Quot.sound]
'MolecularDynamics.textbookLangevinPeriodicGlobalRandomSolution_exists_open_pos' depends on axioms: [propext,
 Classical.choice,
 Quot.sound]
'MolecularDynamics.textbookLangevinPeriodicGlobalRandomSolution_physicalNoise_exists_open_pos' depends on axioms: [propext,
 Classical.choice,
 Quot.sound]
'MolecularDynamics.textbookUnitPeriodicPotential_bound' depends on axioms: [propext, Classical.choice, Quot.sound]
'MolecularDynamics.textbookLangevinHamiltonian' depends on axioms: [propext, Classical.choice, Quot.sound]
'MolecularDynamics.textbookLangevinHamiltonianPower' depends on axioms: [propext, Classical.choice, Quot.sound]
'MolecularDynamics.textbookLangevinDifferentialOperator' depends on axioms: [propext, Classical.choice, Quot.sound]
'MolecularDynamics.textbookLangevinLyapunov_printed_laplacian_bound_counterexample' depends on axioms: [propext,
 Classical.choice,
 Quot.sound]
'MolecularDynamics.textbookLangevinHamiltonian_momentum_shift' depends on axioms: [propext,
 Classical.choice,
 Quot.sound]
'MolecularDynamics.textbookLangevinHamiltonian_lower' depends on axioms: [propext, Classical.choice, Quot.sound]
'MolecularDynamics.textbookLangevinHamiltonianPower_pos' depends on axioms: [propext, Classical.choice, Quot.sound]
'MolecularDynamics.textbookLangevinHamiltonianPower_momentum_second' depends on axioms: [propext,
 Classical.choice,
 Quot.sound]
'MolecularDynamics.textbookLangevinHamiltonianPower_momentum_laplacian' depends on axioms: [propext,
 Classical.choice,
 Quot.sound]
'MolecularDynamics.textbookLangevinHamiltonianPower_momentum_laplacian_bound' depends on axioms: [propext,
 Classical.choice,
 Quot.sound]
'MolecularDynamics.textbookLangevinHamiltonian_drift_hasDerivAt' depends on axioms: [propext,
 Classical.choice,
 Quot.sound]
'MolecularDynamics.textbookLangevinHamiltonianPower_drift_hasDerivAt' depends on axioms: [propext,
 Classical.choice,
 Quot.sound]
'MolecularDynamics.textbookLangevinHamiltonianPower_differentialOperator' depends on axioms: [propext,
 Classical.choice,
 Quot.sound]
'MolecularDynamics.textbookLangevinHamiltonianPower_periodic_lyapunov' depends on axioms: [propext,
 Classical.choice,
 Quot.sound]
'MolecularDynamics.textbookLangevinHamiltonianPower_contDiff' depends on axioms: [propext, Classical.choice, Quot.sound]
'MolecularDynamics.textbookLangevinHamiltonianPower_momentum_coercive' depends on axioms: [propext,
 Classical.choice,
 Quot.sound]
'MolecularDynamics.textbookLangevinPeriodicProjection_isOpenQuotientMap' depends on axioms: [propext,
 Classical.choice,
 Quot.sound]
'MolecularDynamics.textbookLangevinPeriodicHamiltonianPower' depends on axioms: [propext, Classical.choice, Quot.sound]
'MolecularDynamics.textbookLangevinPeriodicHamiltonianPower_lift' depends on axioms: [propext,
 Classical.choice,
 Quot.sound]
'MolecularDynamics.textbookLangevinPeriodicHamiltonianPower_continuous' depends on axioms: [propext,
 Classical.choice,
 Quot.sound]
'MolecularDynamics.textbookLangevinPeriodicHamiltonianPower_pos' depends on axioms: [propext,
 Classical.choice,
 Quot.sound]
'MolecularDynamics.textbookLangevinPeriodicHamiltonianPower_momentum_coercive' depends on axioms: [propext,
 Classical.choice,
 Quot.sound]
'MolecularDynamics.textbookLangevinPeriodicHamiltonianPower_isCompact_sublevel' depends on axioms: [propext,
 Classical.choice,
 Quot.sound]
'MolecularDynamics.textbookLangevinPeriodicHamiltonianPower_tendsto_atTop' depends on axioms: [propext,
 Classical.choice,
 Quot.sound]
'MolecularDynamics.textbookLangevinPeriodicDifferentialOperator' depends on axioms: [propext,
 Classical.choice,
 Quot.sound]
'MolecularDynamics.textbookLangevinPeriodicHamiltonianPower_lyapunov' depends on axioms: [propext,
 Classical.choice,
 Quot.sound]
'MolecularDynamics.textbookLangevinPeriodicHamiltonianPower_operator_lift' depends on axioms: [propext,
 Classical.choice,
 Quot.sound]
'MolecularDynamics.textbookLangevinLyapunov_physical_diffusion_coefficient' depends on axioms: [propext,
 Classical.choice,
 Quot.sound]
'MolecularDynamics.textbookLangevinPeriodicHamiltonianPower_physical_lyapunov' depends on axioms: [propext,
 Classical.choice,
 Quot.sound]
'MolecularDynamics.textbookLangevinIntegralSolution_noise_congr' depends on axioms: [propext,
 Classical.choice,
 Quot.sound]
'MolecularDynamics.textbookLangevinPathRestriction' depends on axioms: [propext, Classical.choice, Quot.sound]
'MolecularDynamics.textbookLangevinPathRestriction_lipschitz' depends on axioms: [propext, Classical.choice, Quot.sound]
'MolecularDynamics.textbookLangevinPathEndpoint_restrict' depends on axioms: [propext, Classical.choice, Quot.sound]
'MolecularDynamics.textbookLangevinRandomSolution_integralSolution_of_cont' depends on axioms: [propext,
 Classical.choice,
 Quot.sound]
'MolecularDynamics.textbookLangevinGlobalRandomPhase_history_endpoint_ae' depends on axioms: [propext,
 Classical.choice,
 Quot.sound]
'MolecularDynamics.textbookLangevinIntegralSolution_shift' depends on axioms: [propext, Classical.choice, Quot.sound]
'MolecularDynamics.textbookLangevinPathSegment' depends on axioms: [propext, Classical.choice, Quot.sound]
'MolecularDynamics.textbookLangevinPathSegment_zero' depends on axioms: [propext, Classical.choice, Quot.sound]
'MolecularDynamics.textbookLangevinPathEndpoint_restart' depends on axioms: [propext, Classical.choice, Quot.sound]
'MolecularDynamics.textbookLangevinGlobalRandomPhase_history_path_ae' depends on axioms: [propext,
 Classical.choice,
 Quot.sound]
'MolecularDynamics.textbookLangevinGlobalRandomPhase_restart_ae' depends on axioms: [propext,
 Classical.choice,
 Quot.sound]
'MolecularDynamics.textbookLangevinIntegralSolution_project' depends on axioms: [propext, Classical.choice, Quot.sound]
'MolecularDynamics.textbookLangevinPeriodicIntegralSolution_unique' depends on axioms: [propext,
 Classical.choice,
 Quot.sound]
'MolecularDynamics.textbookLangevinPeriodicPathEndpoint' depends on axioms: [propext, Classical.choice, Quot.sound]
'MolecularDynamics.textbookLangevinPeriodicPathEndpoint_lift' depends on axioms: [propext, Classical.choice, Quot.sound]
'MolecularDynamics.textbookLangevinPeriodicPathEndpoint_restart' depends on axioms: [propext,
 Classical.choice,
 Quot.sound]
'MolecularDynamics.textbookLangevinPeriodicGlobalRandomPhase' depends on axioms: [propext, Classical.choice, Quot.sound]
'MolecularDynamics.textbookLangevinPeriodicGlobalRandomPhase_integralSolution_ae' depends on axioms: [propext,
 Classical.choice,
 Quot.sound]
'MolecularDynamics.textbookLangevinPeriodicGlobalRandomPhase_endpoint_aemeasurable' depends on axioms: [propext,
 Classical.choice,
 Quot.sound]
'MolecularDynamics.textbookLangevinPeriodicGlobalRandomPhase_history_endpoint_ae' depends on axioms: [propext,
 Classical.choice,
 Quot.sound]
'MolecularDynamics.textbookLangevinPeriodicGlobalRandomPhase_restart_ae' depends on axioms: [propext,
 Classical.choice,
 Quot.sound]
'MolecularDynamics.textbookWienerVectorFuture' depends on axioms: [propext, Classical.choice, Quot.sound]
'MolecularDynamics.textbookWienerVectorFuture_gaussian' depends on axioms: [propext, Classical.choice, Quot.sound]
'MolecularDynamics.textbookWienerVectorFuture_isWiener' depends on axioms: [propext, Classical.choice, Quot.sound]
'MolecularDynamics.textbookWienerVectorFuture_hasLaw_eval' depends on axioms: [propext, Classical.choice, Quot.sound]
'MolecularDynamics.textbookWienerVectorFuture_covariance_history' depends on axioms: [propext,
 Classical.choice,
 Quot.sound]
'MolecularDynamics.textbookWienerVectorFuture_independent_history' depends on axioms: [propext,
 Classical.choice,
 Quot.sound]
'MolecularDynamics.textbookWienerVectorSamples_law_eq' depends on axioms: [propext, Classical.choice, Quot.sound]
'MolecularDynamics.textbookWienerVectorFuture_samples_law' depends on axioms: [propext, Classical.choice, Quot.sound]
'MolecularDynamics.textbookWienerVectorContinuousPath_law_eq' depends on axioms: [propext, Classical.choice, Quot.sound]
'MolecularDynamics.textbookWienerVectorFuture_continuousPath_law' depends on axioms: [propext,
 Classical.choice,
 Quot.sound]
'MolecularDynamics.textbookWienerVectorFuture_continuousPath_independent_history' depends on axioms: [propext,
 Classical.choice,
 Quot.sound]
'MolecularDynamics.textbookWienerVectorFuture_segment_ae' depends on axioms: [propext, Classical.choice, Quot.sound]
'MolecularDynamics.textbookLangevinGlobalRandomPhase_future_restart_ae' depends on axioms: [propext,
 Classical.choice,
 Quot.sound]
'MolecularDynamics.textbookLangevinGlobalRandomPhase_history_aemeasurable' depends on axioms: [propext,
 Classical.choice,
 Quot.sound]
'MolecularDynamics.textbookLangevinGlobalRandomPhase_future_independent_history' depends on axioms: [propext,
 Classical.choice,
 Quot.sound]
'MolecularDynamics.textbookLangevinPeriodicGlobalRandomPhase_future_independent_history' depends on axioms: [propext,
 Classical.choice,
 Quot.sound]
'MolecularDynamics.textbookLangevinGlobalRandomPhase_future_history_product_law' depends on axioms: [propext,
 Classical.choice,
 Quot.sound]
'MolecularDynamics.textbookLangevinNoiseCompensated_initial_dist_le' depends on axioms: [propext,
 Classical.choice,
 Quot.sound]
'MolecularDynamics.textbookLangevinIntegralSolution_initial_dist_le' depends on axioms: [propext,
 Classical.choice,
 Quot.sound]
'MolecularDynamics.textbookLangevinPathEndpoint_initial_lipschitz' depends on axioms: [propext,
 Classical.choice,
 Quot.sound]
'MolecularDynamics.textbookLangevinPathEndpoint_joint_continuous' depends on axioms: [propext,
 Classical.choice,
 Quot.sound]
'MolecularDynamics.textbookLangevinPathEndpoint_joint_measurable' depends on axioms: [propext,
 Classical.choice,
 Quot.sound]
'MolecularDynamics.textbookLangevinRandomInitial_endpoint_aemeasurable' depends on axioms: [propext,
 Classical.choice,
 Quot.sound]
'MolecularDynamics.textbookLangevinPeriodicPathEndpoint_joint_continuous' depends on axioms: [propext,
 Classical.choice,
 Quot.sound]
'MolecularDynamics.textbookLangevinPeriodicPathEndpoint_joint_measurable' depends on axioms: [propext,
 Classical.choice,
 Quot.sound]
'MolecularDynamics.textbookLangevinPeriodicRandomInitial_endpoint_aemeasurable' depends on axioms: [propext,
 Classical.choice,
 Quot.sound]
'MolecularDynamics.textbookLangevinTransitionKernel' depends on axioms: [propext, Classical.choice, Quot.sound]
'MolecularDynamics.textbookLangevinTransitionKernel_isMarkov' depends on axioms: [propext, Classical.choice, Quot.sound]
'MolecularDynamics.textbookLangevinTransitionKernel_apply' depends on axioms: [propext, Classical.choice, Quot.sound]
'MolecularDynamics.textbookLangevinTransitionKernel_global_law' depends on axioms: [propext,
 Classical.choice,
 Quot.sound]
'MolecularDynamics.textbookLangevinTransitionKernel_wiener_law_invariant' depends on axioms: [propext,
 Classical.choice,
 Quot.sound]
'MolecularDynamics.textbookLangevinGlobalRandomPhase_history_transition_joint_law' depends on axioms: [propext,
 Classical.choice,
 Quot.sound]
'MolecularDynamics.textbookLangevinGlobalRandomPhase_condDistrib_history' depends on axioms: [propext,
 Classical.choice,
 Quot.sound]
'MolecularDynamics.textbookLangevinPeriodicTransitionKernel' depends on axioms: [propext, Classical.choice, Quot.sound]
'MolecularDynamics.textbookLangevinPeriodicTransitionKernel_isMarkov' depends on axioms: [propext,
 Classical.choice,
 Quot.sound]
'MolecularDynamics.textbookLangevinPeriodicTransitionKernel_apply' depends on axioms: [propext,
 Classical.choice,
 Quot.sound]
'MolecularDynamics.textbookLangevinPeriodicTransitionKernel_global_law' depends on axioms: [propext,
 Classical.choice,
 Quot.sound]
'MolecularDynamics.textbookLangevinPeriodicTransitionKernel_wiener_law_invariant' depends on axioms: [propext,
 Classical.choice,
 Quot.sound]
'MolecularDynamics.textbookLangevinPeriodicGlobalRandomPhase_history_aemeasurable' depends on axioms: [propext,
 Classical.choice,
 Quot.sound]
'MolecularDynamics.textbookLangevinPeriodicGlobalRandomPhase_future_restart_ae' depends on axioms: [propext,
 Classical.choice,
 Quot.sound]
'MolecularDynamics.textbookLangevinPeriodicGlobalRandomPhase_history_transition_joint_law' depends on axioms: [propext,
 Classical.choice,
 Quot.sound]
'MolecularDynamics.textbookLangevinPeriodicGlobalRandomPhase_condDistrib_history' depends on axioms: [propext,
 Classical.choice,
 Quot.sound]
'MolecularDynamics.textbookLangevinPeriodicGlobalRandomPhase_condDistrib_history_of_periodic' depends on axioms: [propext,
 Classical.choice,
 Quot.sound]
'MolecularDynamics.textbookLangevinPathEndpoint_initial' depends on axioms: [propext, Classical.choice, Quot.sound]
'MolecularDynamics.textbookLangevinPeriodicPathEndpoint_initial' depends on axioms: [propext,
 Classical.choice,
 Quot.sound]
'MolecularDynamics.textbookLangevinTransitionKernel_zero' depends on axioms: [propext, Classical.choice, Quot.sound]
'MolecularDynamics.textbookLangevinPeriodicTransitionKernel_zero' depends on axioms: [propext,
 Classical.choice,
 Quot.sound]
'MolecularDynamics.textbookLangevinGlobalRandomPhase_transition_marginal' depends on axioms: [propext,
 Classical.choice,
 Quot.sound]
'MolecularDynamics.textbookLangevinTransitionKernel_add' depends on axioms: [propext, Classical.choice, Quot.sound]
'MolecularDynamics.textbookLangevinPeriodicGlobalRandomPhase_transition_marginal' depends on axioms: [propext,
 Classical.choice,
 Quot.sound]
'MolecularDynamics.textbookLangevinPeriodicTransitionKernel_add' depends on axioms: [propext,
 Classical.choice,
 Quot.sound]
'MolecularDynamics.textbookLangevinPeriodicTransitionKernel_semigroup_of_periodic' depends on axioms: [propext,
 Classical.choice,
 Quot.sound]
'MolecularDynamics.textbookWienerVector_completed_measurable' depends on axioms: [propext, Classical.choice, Quot.sound]
'MolecularDynamics.textbookWienerVectorCompletedFiltration' depends on axioms: [propext, Classical.choice, Quot.sound]
'MolecularDynamics.textbookWienerVectorCompletedFiltration_null_measurable' depends on axioms: [propext,
 Classical.choice,
 Quot.sound]
'MolecularDynamics.textbookWienerVectorCompletedFiltration_eval_measurable' depends on axioms: [propext,
 Classical.choice,
 Quot.sound]
'MolecularDynamics.textbookWienerVectorCompletedFiltration_trim_complete' depends on axioms: [propext,
 Classical.choice,
 Quot.sound]
'MolecularDynamics.textbookWienerVectorCompletedFiltration_trim_ae' depends on axioms: [propext,
 Classical.choice,
 Quot.sound]
'MolecularDynamics.textbookWienerVectorContinuousPath_filtration_measurable' depends on axioms: [propext,
 Classical.choice,
 Quot.sound]
'MolecularDynamics.textbookWienerVectorCompletedFiltration_adapted' depends on axioms: [propext,
 Classical.choice,
 Quot.sound]
'MolecularDynamics.textbookLangevinGlobalRandomPhase_adapted' depends on axioms: [propext, Classical.choice, Quot.sound]
'MolecularDynamics.textbookLangevinPeriodicGlobalRandomPhase_adapted' depends on axioms: [propext,
 Classical.choice,
 Quot.sound]
'MolecularDynamics.textbookLangevinPeriodicGlobalRandomPhase_adapted_of_periodic' depends on axioms: [propext,
 Classical.choice,
 Quot.sound]
'MolecularDynamics.textbookWienerVectorCompletedFiltration_le_eventual_path' depends on axioms: [propext,
 Classical.choice,
 Quot.sound]
'MolecularDynamics.textbookWienerVectorCompletedFiltration_event_ae_path' depends on axioms: [propext,
 Classical.choice,
 Quot.sound]
'MolecularDynamics.textbookWienerVectorFuture_independent_completed_filtration' depends on axioms: [propext,
 Classical.choice,
 Quot.sound]
'MolecularDynamics.textbookWienerVectorContinuousPath_completion_law' depends on axioms: [propext,
 Classical.choice,
 Quot.sound]
'MolecularDynamics.textbookLangevinGlobalRandomPhase_future_independent_current_completed' depends on axioms: [propext,
 Classical.choice,
 Quot.sound]
'MolecularDynamics.textbookLangevinPeriodicGlobalRandomPhase_future_independent_current_completed' depends on axioms: [propext,
 Classical.choice,
 Quot.sound]
'MolecularDynamics.textbookLangevinGlobalRandomPhase_future_current_product_law_completed' depends on axioms: [propext,
 Classical.choice,
 Quot.sound]
'MolecularDynamics.textbookLangevinPeriodicGlobalRandomPhase_future_current_product_law_completed' depends on axioms: [propext,
 Classical.choice,
 Quot.sound]
'MolecularDynamics.textbookWienerVectorCompletedHistorySpace' depends on axioms: [propext, Classical.choice, Quot.sound]
'MolecularDynamics.textbookWienerVectorCompletedHistoryObservation' depends on axioms: [propext,
 Classical.choice,
 Quot.sound]
'MolecularDynamics.textbookWienerVectorCompletedHistoryObservation_measurable' depends on axioms: [propext,
 Classical.choice,
 Quot.sound]
'MolecularDynamics.textbookWienerVectorFuture_completed_history_product_law' depends on axioms: [propext,
 Classical.choice,
 Quot.sound]
'MolecularDynamics.textbookLangevinGlobalRandomPhase_completed_history_transition_joint_law' depends on axioms: [propext,
 Classical.choice,
 Quot.sound]
'MolecularDynamics.textbookLangevinGlobalRandomPhase_condDistrib_completed_history' depends on axioms: [propext,
 Classical.choice,
 Quot.sound]
'MolecularDynamics.textbookLangevinPeriodicGlobalRandomPhase_completed_history_transition_joint_law' depends on axioms: [propext,
 Classical.choice,
 Quot.sound]
'MolecularDynamics.textbookLangevinPeriodicGlobalRandomPhase_condDistrib_completed_history' depends on axioms: [propext,
 Classical.choice,
 Quot.sound]
'MolecularDynamics.textbookWienerVectorCompletedHistoryObservation_law' depends on axioms: [propext,
 Classical.choice,
 Quot.sound]
'MolecularDynamics.textbookLangevinPeriodicGlobalRandomPhase_condDistrib_completed_history_of_periodic' depends on axioms: [propext,
 Classical.choice,
 Quot.sound]
'MolecularDynamics.textbookWienerVectorContinuousPath_restrict' depends on axioms: [propext,
 Classical.choice,
 Quot.sound]
'MolecularDynamics.textbookLangevinGlobalRandomPhase_history_endpoint' depends on axioms: [propext,
 Classical.choice,
 Quot.sound]
'MolecularDynamics.textbookLangevinGlobalRandomPhase_fixed_endpoint' depends on axioms: [propext,
 Classical.choice,
 Quot.sound]
'MolecularDynamics.textbookLangevinGlobalRandomPhase_continuousOn' depends on axioms: [propext,
 Classical.choice,
 Quot.sound]
'MolecularDynamics.textbookLangevinGlobalRandomPhase_nnreal_continuous' depends on axioms: [propext,
 Classical.choice,
 Quot.sound]
'MolecularDynamics.textbookLangevinPeriodicGlobalRandomPhase_nnreal_continuous' depends on axioms: [propext,
 Classical.choice,
 Quot.sound]
'MolecularDynamics.textbookLangevinGlobalRandomPhase_isProgressive' depends on axioms: [propext,
 Classical.choice,
 Quot.sound]
'MolecularDynamics.textbookLangevinPeriodicGlobalRandomPhase_isProgressive' depends on axioms: [propext,
 Classical.choice,
 Quot.sound]
'MolecularDynamics.textbookLangevinPeriodicGlobalRandomPhase_isProgressive_of_periodic' depends on axioms: [propext,
 Classical.choice,
 Quot.sound]
'MolecularDynamics.textbookCanonicalPartition' depends on axioms: [propext, Classical.choice, Quot.sound]
'MolecularDynamics.textbookCanonicalAverage' depends on axioms: [propext, Classical.choice, Quot.sound]
'MolecularDynamics.textbookCanonicalPartition_pos' depends on axioms: [propext, Classical.choice, Quot.sound]
'MolecularDynamics.textbookCanonicalAverage_one' depends on axioms: [propext, Classical.choice, Quot.sound]
'MolecularDynamics.textbookHamiltonianGibbsWeight_hasFDerivAt' depends on axioms: [propext,
 Classical.choice,
 Quot.sound]
'MolecularDynamics.textbookCanonicalWeightedFlux_divergence' depends on axioms: [propext, Classical.choice, Quot.sound]
'MolecularDynamics.textbookCanonicalWeightedFlux_divergence_integrable' depends on axioms: [propext,
 Classical.choice,
 Quot.sound]
'MolecularDynamics.textbookCompactPhaseField_integral_fderiv_eq_zero' depends on axioms: [propext,
 Classical.choice,
 Quot.sound]
'MolecularDynamics.textbookPhaseField_divergence_coordinates' depends on axioms: [propext, Classical.choice, Quot.sound]
'MolecularDynamics.textbookCompactPhaseField_integral_divergence_eq_zero' depends on axioms: [propext,
 Classical.choice,
 Quot.sound]
'MolecularDynamics.textbookCanonicalDensityCutoff' depends on axioms: [propext, Classical.choice, Quot.sound]
'MolecularDynamics.textbookCanonicalDensityCutoff_mem_Icc' depends on axioms: [propext, Classical.choice, Quot.sound]
'MolecularDynamics.textbookCanonicalDensityCutoff_contDiff' depends on axioms: [propext, Classical.choice, Quot.sound]
'MolecularDynamics.textbookCanonicalDensityCutoff_hasFDerivAt' depends on axioms: [propext,
 Classical.choice,
 Quot.sound]
'MolecularDynamics.textbookCanonicalDensityCutoff_gibbs_lower' depends on axioms: [propext,
 Classical.choice,
 Quot.sound]
'MolecularDynamics.textbookCanonicalDensityCutoff_flux_integrable' depends on axioms: [propext,
 Classical.choice,
 Quot.sound]
'MolecularDynamics.textbookCanonicalDensityCutoff_eventually_one' depends on axioms: [propext,
 Classical.choice,
 Quot.sound]
'MolecularDynamics.textbookCanonicalDensityCutoff_flux_divergence' depends on axioms: [propext,
 Classical.choice,
 Quot.sound]
'MolecularDynamics.textbookPhaseSpaceBump' depends on axioms: [propext, Classical.choice, Quot.sound]
'MolecularDynamics.textbookPhaseSpaceCutoff' depends on axioms: [propext, Classical.choice, Quot.sound]
'MolecularDynamics.textbookPhaseSpaceCutoff_contDiff' depends on axioms: [propext, Classical.choice, Quot.sound]
'MolecularDynamics.textbookPhaseSpaceCutoff_compact' depends on axioms: [propext, Classical.choice, Quot.sound]
'MolecularDynamics.textbookPhaseSpaceCutoff_mem_Icc' depends on axioms: [propext, Classical.choice, Quot.sound]
'MolecularDynamics.textbookPhaseSpaceCutoff_eventually_one' depends on axioms: [propext, Classical.choice, Quot.sound]
'MolecularDynamics.textbookPhaseSpaceCutoff_fderiv' depends on axioms: [propext, Classical.choice, Quot.sound]
'MolecularDynamics.textbookPhaseSpaceCutoff_fderiv_bound' depends on axioms: [propext, Classical.choice, Quot.sound]
'MolecularDynamics.textbookPhaseField_divergence_continuous' depends on axioms: [propext, Classical.choice, Quot.sound]
'MolecularDynamics.textbookPhaseField_integral_divergence_eq_zero' depends on axioms: [propext,
 Classical.choice,
 Quot.sound]
'MolecularDynamics.textbookCanonicalTransition_deriv_compact' depends on axioms: [propext, Classical.choice, Quot.sound]
'MolecularDynamics.textbookCanonicalTransition_deriv_bound' depends on axioms: [propext, Classical.choice, Quot.sound]
'MolecularDynamics.textbookCanonicalDensityCutoff_flux_divergence_integrable' depends on axioms: [propext,
 Classical.choice,
 Quot.sound]
'MolecularDynamics.textbookCanonicalWeightedFlux_integral_divergence_eq_zero' depends on axioms: [propext,
 Classical.choice,
 Quot.sound]
'MolecularDynamics.textbookCanonicalAverage_divergence_eq_beta_lieDerivative' depends on axioms: [propext,
 Classical.choice,
 Quot.sound]
'MolecularDynamics.textbookCanonicalAverage_temperature_ratio' depends on axioms: [propext,
 Classical.choice,
 Quot.sound]
'MolecularDynamics.proposition_6_1' depends on axioms: [propext, Classical.choice, Quot.sound]
'MolecularDynamics.textbookPhaseLieDerivative_coordinates' depends on axioms: [propext, Classical.choice, Quot.sound]
'MolecularDynamics.textbookCanonicalAverage_lieDerivative_pos' depends on axioms: [propext,
 Classical.choice,
 Quot.sound]
'MolecularDynamics.textbookConfigurationPartial' depends on axioms: [propext, Classical.choice, Quot.sound]
'MolecularDynamics.textbookConfigurationCube' depends on axioms: [propext, Classical.choice, Quot.sound]
'MolecularDynamics.textbookConfigurationGibbsWeight' depends on axioms: [propext, Classical.choice, Quot.sound]
'MolecularDynamics.textbookConfigurationGradientPair' depends on axioms: [propext, Classical.choice, Quot.sound]
'MolecularDynamics.textbookBrownianGenerator' depends on axioms: [propext, Classical.choice, Quot.sound]
'MolecularDynamics.textbookConfigurationPartial_contDiff' depends on axioms: [propext, Classical.choice, Quot.sound]
'MolecularDynamics.textbookConfigurationPartial_periodic' depends on axioms: [propext, Classical.choice, Quot.sound]
'MolecularDynamics.textbookConfigurationCube_opposite_faces' depends on axioms: [propext, Classical.choice, Quot.sound]
'MolecularDynamics.textbookConfigurationCube_integral_divergence_eq_zero' depends on axioms: [propext,
 Classical.choice,
 Quot.sound]
'MolecularDynamics.textbookConfigurationGibbsWeight_contDiff' depends on axioms: [propext, Classical.choice, Quot.sound]
'MolecularDynamics.textbookConfigurationGibbsWeight_periodic' depends on axioms: [propext, Classical.choice, Quot.sound]
'MolecularDynamics.textbookConfigurationGibbsWeight_partial' depends on axioms: [propext, Classical.choice, Quot.sound]
'MolecularDynamics.textbookBrownianWeightedFlux' depends on axioms: [propext, Classical.choice, Quot.sound]
'MolecularDynamics.textbookBrownianWeightedFlux_contDiff' depends on axioms: [propext, Classical.choice, Quot.sound]
'MolecularDynamics.textbookBrownianWeightedFlux_periodic' depends on axioms: [propext, Classical.choice, Quot.sound]
'MolecularDynamics.textbookBrownianWeightedFlux_partial' depends on axioms: [propext, Classical.choice, Quot.sound]
'MolecularDynamics.textbookBrownianWeightedFlux_divergence' depends on axioms: [propext, Classical.choice, Quot.sound]
'MolecularDynamics.textbookBrownianGenerator_integral_dirichlet' depends on axioms: [propext,
 Classical.choice,
 Quot.sound]
'MolecularDynamics.textbookConfigurationPartition' depends on axioms: [propext, Classical.choice, Quot.sound]
'MolecularDynamics.textbookConfigurationInner' depends on axioms: [propext, Classical.choice, Quot.sound]
'MolecularDynamics.textbookConfigurationCube_volume' depends on axioms: [propext, Classical.choice, Quot.sound]
'MolecularDynamics.textbookConfigurationPartition_pos' depends on axioms: [propext, Classical.choice, Quot.sound]
'MolecularDynamics.textbookBrownianGenerator_inner_dirichlet' depends on axioms: [propext, Classical.choice, Quot.sound]
'MolecularDynamics.textbookBrownianGenerator_inner_symmetric' depends on axioms: [propext, Classical.choice, Quot.sound]
'MolecularDynamics.textbookBrownianGenerator_inner_nonpos' depends on axioms: [propext, Classical.choice, Quot.sound]
'MolecularDynamics.textbookConfigurationInner_self_pos' depends on axioms: [propext, Classical.choice, Quot.sound]
'MolecularDynamics.textbookBrownianGenerator_real_eigenvalue_nonpos' depends on axioms: [propext,
 Classical.choice,
 Quot.sound]
'MolecularDynamics.textbookBrownianGenerator_const' depends on axioms: [propext, Classical.choice, Quot.sound]
'MolecularDynamics.textbookBrownianGenerator_gibbs_weak_stationary' depends on axioms: [propext,
 Classical.choice,
 Quot.sound]
'MolecularDynamics.textbookConfigurationTorusProjection' depends on axioms: [propext, Classical.choice, Quot.sound]
'MolecularDynamics.textbookConfigurationTorusRepresentative' depends on axioms: [propext, Classical.choice, Quot.sound]
'MolecularDynamics.textbookConfigurationTorusRepresentative_measurable' depends on axioms: [propext,
 Classical.choice,
 Quot.sound]
'MolecularDynamics.textbookConfigurationTorusRepresentative_projects' depends on axioms: [propext,
 Classical.choice,
 Quot.sound]
'MolecularDynamics.textbookConfigurationTorusProjection_measurePreserving' depends on axioms: [propext,
 Classical.choice,
 Quot.sound]
'MolecularDynamics.textbookConfigurationTorusObservable' depends on axioms: [propext, Classical.choice, Quot.sound]
'MolecularDynamics.textbookConfigurationTorusObservable_measurable' depends on axioms: [propext,
 Classical.choice,
 Quot.sound]
'MolecularDynamics.textbookConfigurationTorusObservable_lift' depends on axioms: [propext, Classical.choice, Quot.sound]
'MolecularDynamics.textbookConfigurationTorusObservable_integral' depends on axioms: [propext,
 Classical.choice,
 Quot.sound]
'MolecularDynamics.textbookConfigurationTorusObservable_integrable' depends on axioms: [propext,
 Classical.choice,
 Quot.sound]
'MolecularDynamics.textbookConfigurationTorusGibbsWeight' depends on axioms: [propext, Classical.choice, Quot.sound]
'MolecularDynamics.textbookConfigurationTorusGibbsWeight_lift' depends on axioms: [propext,
 Classical.choice,
 Quot.sound]
'MolecularDynamics.textbookConfigurationTorusGibbsWeight_integral' depends on axioms: [propext,
 Classical.choice,
 Quot.sound]
'MolecularDynamics.textbookConfigurationTorusGibbsWeight_integrable' depends on axioms: [propext,
 Classical.choice,
 Quot.sound]
'MolecularDynamics.textbookConfigurationTorusGibbsMeasure' depends on axioms: [propext, Classical.choice, Quot.sound]
'MolecularDynamics.textbookConfigurationTorusGibbsMeasure_isProbabilityMeasure' depends on axioms: [propext,
 Classical.choice,
 Quot.sound]
'MolecularDynamics.textbookConfigurationTorusGibbsMeasure_integral_observable' depends on axioms: [propext,
 Classical.choice,
 Quot.sound]
'MolecularDynamics.textbookConfigurationTorusGibbsMeasure_inner' depends on axioms: [propext,
 Classical.choice,
 Quot.sound]
'MolecularDynamics.textbookBrownianGenerator_periodic' depends on axioms: [propext, Classical.choice, Quot.sound]
'MolecularDynamics.textbookBrownianGenerator_contDiff' depends on axioms: [propext, Classical.choice, Quot.sound]
'MolecularDynamics.textbookConfigurationGradientPair_periodic' depends on axioms: [propext,
 Classical.choice,
 Quot.sound]
'MolecularDynamics.textbookBrownianTorusGibbsMeasure_dirichlet' depends on axioms: [propext,
 Classical.choice,
 Quot.sound]
'MolecularDynamics.textbookBrownianTorusGibbsMeasure_symmetric' depends on axioms: [propext,
 Classical.choice,
 Quot.sound]
'MolecularDynamics.textbookBrownianTorusGibbsMeasure_quadratic_nonpos' depends on axioms: [propext,
 Classical.choice,
 Quot.sound]
'MolecularDynamics.textbookBrownianTorusGibbsMeasure_weak_stationary' depends on axioms: [propext,
 Classical.choice,
 Quot.sound]
'MolecularDynamics.textbookConfigurationTorusProjection_isOpenQuotientMap' depends on axioms: [propext,
 Classical.choice,
 Quot.sound]
'MolecularDynamics.textbookConfigurationTorusObservable_continuous' depends on axioms: [propext,
 Classical.choice,
 Quot.sound]
'MolecularDynamics.textbookConfigurationTorusGibbsMeasure_memLp_two' depends on axioms: [propext,
 Classical.choice,
 Quot.sound]
'MolecularDynamics.textbookConfigurationGibbsL2Observable' depends on axioms: [propext, Classical.choice, Quot.sound]
'MolecularDynamics.textbookConfigurationGibbsL2Observable_ae_eq' depends on axioms: [propext,
 Classical.choice,
 Quot.sound]
'MolecularDynamics.textbookConfigurationGibbsL2Observable_inner' depends on axioms: [propext,
 Classical.choice,
 Quot.sound]
'MolecularDynamics.textbookConfigurationGibbsL2Observable_norm_sq' depends on axioms: [propext,
 Classical.choice,
 Quot.sound]
'MolecularDynamics.textbookBrownianGibbsL2Image' depends on axioms: [propext, Classical.choice, Quot.sound]
'MolecularDynamics.textbookBrownianGibbsL2Image_ae_eq' depends on axioms: [propext, Classical.choice, Quot.sound]
'MolecularDynamics.textbookBrownianGibbsL2Image_dirichlet' depends on axioms: [propext, Classical.choice, Quot.sound]
'MolecularDynamics.textbookBrownianGibbsL2Image_symmetric' depends on axioms: [propext, Classical.choice, Quot.sound]
'MolecularDynamics.textbookBrownianGibbsL2Image_quadratic_nonpos' depends on axioms: [propext,
 Classical.choice,
 Quot.sound]
'MolecularDynamics.textbookBrownianGibbsL2Image_real_eigenvalue_nonpos' depends on axioms: [propext,
 Classical.choice,
 Quot.sound]
'MolecularDynamics.textbookBrownianGibbsL2Image_const' depends on axioms: [propext, Classical.choice, Quot.sound]
'MolecularDynamics.textbookConfigurationGibbsL2Observable_one_norm' depends on axioms: [propext,
 Classical.choice,
 Quot.sound]
'MolecularDynamics.textbookConfigurationGibbsL2Observable_one_ne_zero' depends on axioms: [propext,
 Classical.choice,
 Quot.sound]
'MolecularDynamics.textbookConfigurationTorusHaar_absolutelyContinuous_gibbs' depends on axioms: [propext,
 Classical.choice,
 Quot.sound]
'MolecularDynamics.textbookConfigurationTorusGibbsMeasure_isOpenPosMeasure' depends on axioms: [propext,
 Classical.choice,
 Quot.sound]
'MolecularDynamics.textbookConfigurationGibbsL2Observable_injective' depends on axioms: [propext,
 Classical.choice,
 Quot.sound]
'MolecularDynamics.textbookConfigurationPartial_add' depends on axioms: [propext, Classical.choice, Quot.sound]
'MolecularDynamics.textbookConfigurationPartial_smul' depends on axioms: [propext, Classical.choice, Quot.sound]
'MolecularDynamics.textbookBrownianGenerator_add' depends on axioms: [propext, Classical.choice, Quot.sound]
'MolecularDynamics.textbookBrownianGenerator_smul' depends on axioms: [propext, Classical.choice, Quot.sound]
'MolecularDynamics.textbookPeriodicSmoothSpace' depends on axioms: [propext, Classical.choice, Quot.sound]
'MolecularDynamics.textbookPeriodicSmoothSpace_mem' depends on axioms: [propext, Classical.choice, Quot.sound]
'MolecularDynamics.textbookBrownianSmoothGenerator' depends on axioms: [propext, Classical.choice, Quot.sound]
'MolecularDynamics.textbookBrownianSmoothGenerator_apply' depends on axioms: [propext, Classical.choice, Quot.sound]
'MolecularDynamics.textbookPeriodicSmoothEmbedding' depends on axioms: [propext, Classical.choice, Quot.sound]
'MolecularDynamics.textbookPeriodicSmoothEmbedding_injective' depends on axioms: [propext, Classical.choice, Quot.sound]
'MolecularDynamics.textbookBrownianGibbsSmoothDomain' depends on axioms: [propext, Classical.choice, Quot.sound]
'MolecularDynamics.textbookPeriodicSmoothEmbeddingEquiv' depends on axioms: [propext, Classical.choice, Quot.sound]
'MolecularDynamics.textbookPeriodicSmoothEmbeddingEquiv_coe' depends on axioms: [propext, Classical.choice, Quot.sound]
'MolecularDynamics.textbookPeriodicSmoothEmbeddingEquiv_symm_coe' depends on axioms: [propext,
 Classical.choice,
 Quot.sound]
'MolecularDynamics.textbookBrownianGibbsDomainOperator' depends on axioms: [propext, Classical.choice, Quot.sound]
'MolecularDynamics.textbookBrownianGibbsDomainOperator_apply_equiv' depends on axioms: [propext,
 Classical.choice,
 Quot.sound]
'MolecularDynamics.textbookBrownianGibbsDomainOperator_dirichlet' depends on axioms: [propext,
 Classical.choice,
 Quot.sound]
'MolecularDynamics.textbookBrownianGibbsDomainOperator_symmetric' depends on axioms: [propext,
 Classical.choice,
 Quot.sound]
'MolecularDynamics.textbookBrownianGibbsDomainOperator_nonpos' depends on axioms: [propext,
 Classical.choice,
 Quot.sound]
'MolecularDynamics.textbookPeriodicSmoothConstant' depends on axioms: [propext, Classical.choice, Quot.sound]
'MolecularDynamics.textbookBrownianGibbsDomainOperator_const' depends on axioms: [propext, Classical.choice, Quot.sound]
'MolecularDynamics.textbookBrownianGibbsSmoothDomain_one_norm' depends on axioms: [propext,
 Classical.choice,
 Quot.sound]
'MolecularDynamics.textbookTorusFourier_lift_contDiff' depends on axioms: [propext, Classical.choice, Quot.sound]
'MolecularDynamics.textbookSmoothTorusComplexSpace' depends on axioms: [propext, Classical.choice, Quot.sound]
'MolecularDynamics.textbookFourierSpan_le_smoothTorusComplex' depends on axioms: [propext, Classical.choice, Quot.sound]
'MolecularDynamics.textbookSmoothTorusComplexSpace_dense' depends on axioms: [propext, Classical.choice, Quot.sound]
'MolecularDynamics.textbookTorusContinuousRealPart' depends on axioms: [propext, Classical.choice, Quot.sound]
'MolecularDynamics.textbookTorusContinuousRealPart_surjective' depends on axioms: [propext,
 Classical.choice,
 Quot.sound]
'MolecularDynamics.textbookSmoothTorusReal_dense' depends on axioms: [propext, Classical.choice, Quot.sound]
'MolecularDynamics.textbookConfigurationTorusProjection_integer_translate' depends on axioms: [propext,
 Classical.choice,
 Quot.sound]
'MolecularDynamics.textbookSmoothTorusRealLift' depends on axioms: [propext, Classical.choice, Quot.sound]
'MolecularDynamics.textbookSmoothTorusRealLift_observable' depends on axioms: [propext, Classical.choice, Quot.sound]
'MolecularDynamics.textbookGibbsContinuousToLp' depends on axioms: [propext, Classical.choice, Quot.sound]
'MolecularDynamics.textbookGibbsContinuousToLp_ae_eq' depends on axioms: [propext, Classical.choice, Quot.sound]
'MolecularDynamics.textbookGibbsContinuousToLp_denseRange' depends on axioms: [propext, Classical.choice, Quot.sound]
'MolecularDynamics.textbookSmoothTorusRealLift_toLp' depends on axioms: [propext, Classical.choice, Quot.sound]
'MolecularDynamics.textbookBrownianGibbsSmoothDomain_dense' depends on axioms: [propext, Classical.choice, Quot.sound]
'MolecularDynamics.textbookBrownianGibbsSmoothDomain_closure_eq_top' depends on axioms: [propext,
 Classical.choice,
 Quot.sound]
'MolecularDynamics.textbookBrownianGibbsPartialOperator' depends on axioms: [propext, Classical.choice, Quot.sound]
'MolecularDynamics.textbookBrownianGibbsPartialOperator_domain' depends on axioms: [propext,
 Classical.choice,
 Quot.sound]
'MolecularDynamics.textbookBrownianGibbsPartialOperator_apply' depends on axioms: [propext,
 Classical.choice,
 Quot.sound]
'MolecularDynamics.textbookBrownianGibbsPartialOperator_dense' depends on axioms: [propext,
 Classical.choice,
 Quot.sound]
'MolecularDynamics.textbookBrownianGibbsPartialOperator_formalAdjoint' depends on axioms: [propext,
 Classical.choice,
 Quot.sound]
'MolecularDynamics.textbookBrownianGibbsPartialOperator_le_adjoint' depends on axioms: [propext,
 Classical.choice,
 Quot.sound]
'MolecularDynamics.textbookBrownianGibbsPartialOperator_adjoint_isClosed' depends on axioms: [propext,
 Classical.choice,
 Quot.sound]
'MolecularDynamics.textbookBrownianGibbsPartialOperator_adjoint_dense' depends on axioms: [propext,
 Classical.choice,
 Quot.sound]
'MolecularDynamics.textbookBrownianGibbsPartialOperator_isClosable' depends on axioms: [propext,
 Classical.choice,
 Quot.sound]
'MolecularDynamics.textbookBrownianGibbsClosedOperator' depends on axioms: [propext, Classical.choice, Quot.sound]
'MolecularDynamics.textbookBrownianGibbsPartialOperator_le_closed' depends on axioms: [propext,
 Classical.choice,
 Quot.sound]
'MolecularDynamics.textbookBrownianGibbsClosedOperator_isClosed' depends on axioms: [propext,
 Classical.choice,
 Quot.sound]
'MolecularDynamics.textbookBrownianGibbsClosedOperator_graph' depends on axioms: [propext, Classical.choice, Quot.sound]
'MolecularDynamics.textbookBrownianGibbsClosedOperator_dense' depends on axioms: [propext, Classical.choice, Quot.sound]
'MolecularDynamics.textbookBrownianGibbsClosedOperator_hasCore' depends on axioms: [propext,
 Classical.choice,
 Quot.sound]
'MolecularDynamics.textbookBrownianGibbsClosedOperator_apply_domain' depends on axioms: [propext,
 Classical.choice,
 Quot.sound]
'MolecularDynamics.textbookBrownianGibbsClosedOperator_apply_lift' depends on axioms: [propext,
 Classical.choice,
 Quot.sound]
'MolecularDynamics.textbookBrownianGibbsClosedOperator_const' depends on axioms: [propext, Classical.choice, Quot.sound]
'MolecularDynamics.textbookBrownianGibbsClosedOperator_le_extension' depends on axioms: [propext,
 Classical.choice,
 Quot.sound]
'MolecularDynamics.textbookBrownianGibbsClosedOperator_formalAdjoint_partial' depends on axioms: [propext,
 Classical.choice,
 Quot.sound]
'MolecularDynamics.textbookBrownianGibbsClosedOperator_formalAdjoint' depends on axioms: [propext,
 Classical.choice,
 Quot.sound]
'MolecularDynamics.textbookBrownianGibbsClosedOperator_nonpos' depends on axioms: [propext,
 Classical.choice,
 Quot.sound]
'MolecularDynamics.textbookTorusPotentialContinuous' depends on axioms: [propext, Classical.choice, Quot.sound]
'MolecularDynamics.textbookTorusPotential_abs_le_norm' depends on axioms: [propext, Classical.choice, Quot.sound]
'MolecularDynamics.textbookTorusPotentialScale' depends on axioms: [propext, Classical.choice, Quot.sound]
'MolecularDynamics.textbookTorusPotentialScale_nonneg' depends on axioms: [propext, Classical.choice, Quot.sound]
'MolecularDynamics.textbookTorusGibbsExponent_abs_le' depends on axioms: [propext, Classical.choice, Quot.sound]
'MolecularDynamics.textbookTorusGibbsWeight_lower' depends on axioms: [propext, Classical.choice, Quot.sound]
'MolecularDynamics.textbookTorusGibbsWeight_upper' depends on axioms: [propext, Classical.choice, Quot.sound]
'MolecularDynamics.textbookTorusPartition_lower' depends on axioms: [propext, Classical.choice, Quot.sound]
'MolecularDynamics.textbookTorusPartition_upper' depends on axioms: [propext, Classical.choice, Quot.sound]
'MolecularDynamics.textbookConfigurationTorusGibbsDensity' depends on axioms: [propext, Classical.choice, Quot.sound]
'MolecularDynamics.textbookConfigurationTorusGibbsDensity_pos' depends on axioms: [propext,
 Classical.choice,
 Quot.sound]
'MolecularDynamics.textbookTorusGibbsDensity_lower' depends on axioms: [propext, Classical.choice, Quot.sound]
'MolecularDynamics.textbookTorusGibbsDensity_upper' depends on axioms: [propext, Classical.choice, Quot.sound]
'MolecularDynamics.textbookConfigurationTorusGibbsDensity_continuous' depends on axioms: [propext,
 Classical.choice,
 Quot.sound]
'MolecularDynamics.textbookTorusGibbsDensity_mul_integrable' depends on axioms: [propext, Classical.choice, Quot.sound]
'MolecularDynamics.textbookTorusGibbsDensity_integral' depends on axioms: [propext, Classical.choice, Quot.sound]
'MolecularDynamics.textbookTorusGibbsIntegral_lower' depends on axioms: [propext, Classical.choice, Quot.sound]
'MolecularDynamics.textbookTorusGibbsIntegral_upper' depends on axioms: [propext, Classical.choice, Quot.sound]
'MolecularDynamics.textbookTorusGibbsSquareIntegral_lower' depends on axioms: [propext, Classical.choice, Quot.sound]
'MolecularDynamics.textbookTorusGibbsSquareIntegral_upper' depends on axioms: [propext, Classical.choice, Quot.sound]
'MolecularDynamics.textbookGibbsContinuousToLp_norm_sq' depends on axioms: [propext, Classical.choice, Quot.sound]
'MolecularDynamics.textbookGibbsContinuousToLp_norm_sq_lower' depends on axioms: [propext, Classical.choice, Quot.sound]
'MolecularDynamics.textbookGibbsContinuousToLp_norm_sq_upper' depends on axioms: [propext, Classical.choice, Quot.sound]
Fixed versions, project source scan, lake build, Scratch.lean, and axiom dependency checks passed.
