'MolecularDynamics.nBodyKineticEnergy_nonneg' depends on axioms: [propext, Classical.choice, Quot.sound]
'MolecularDynamics.unflatten_flatten' depends on axioms: [propext, Classical.choice, Quot.sound]
'MolecularDynamics.flatten_unflatten' depends on axioms: [propext, Classical.choice, Quot.sound]
'MolecularDynamics.coordinateMassesOfParticles_pos_iff' depends on axioms: [propext, Classical.choice, Quot.sound]
'MolecularDynamics.nBodyKineticEnergy_particle_eq' depends on axioms: [propext, Classical.choice, Quot.sound]
'MolecularDynamics.diagonalMassMatrix_posDef_iff' depends on axioms: [propext, Classical.choice, Quot.sound]
'MolecularDynamics.diagonalMassMatrix_inv_eq' depends on axioms: [propext, Classical.choice, Quot.sound]
'MolecularDynamics.diagonalMassMatrix_inv_mulVec' depends on axioms: [propext, Classical.choice, Quot.sound]
'MolecularDynamics.massOperator_velocityOperator' depends on axioms: [propext, Classical.choice, Quot.sound]
'MolecularDynamics.velocityOperator_massOperator' depends on axioms: [propext, Classical.choice, Quot.sound]
'MolecularDynamics.isMechanicalSolutionOn_iff_components' depends on axioms: [propext, Classical.choice, Quot.sound]
'MolecularDynamics.momentum_eq_mass_deriv_position' depends on axioms: [propext, Classical.choice, Quot.sound]
'MolecularDynamics.hasDerivAt_deriv_position' depends on axioms: [propext, Classical.choice, Quot.sound]
'MolecularDynamics.solution_nBodyEquationAt' depends on axioms: [propext, Classical.choice, Quot.sound]
'MolecularDynamics.solution_nBodyEquationAt_of_differentiable' depends on axioms: [propext,
 Classical.choice,
 Quot.sound]
'MolecularDynamics.solution_hasGradientAt_potential' depends on axioms: [propext, Classical.choice, Quot.sound]
'MolecularDynamics.newtonTrajectory_to_mechanicalSolution' depends on axioms: [propext, Classical.choice, Quot.sound]
'MolecularDynamics.freeParticle_localIVP' depends on axioms: [propext, Classical.choice, Quot.sound]
'MolecularDynamics.IsLocalMechanicalIVP.initial_mem' depends on axioms: [propext, Classical.choice, Quot.sound]
'MolecularDynamics.momentumKineticEnergy_eq_inner' depends on axioms: [propext, Classical.choice, Quot.sound]
'MolecularDynamics.momentumKineticEnergy_massOperator' depends on axioms: [propext, Classical.choice, Quot.sound]
'MolecularDynamics.massHamiltonian_massOperator' depends on axioms: [propext, Classical.choice, Quot.sound]
'MolecularDynamics.massHamiltonian_particle' depends on axioms: [propext, Classical.choice, Quot.sound]
'MolecularDynamics.massHamiltonian_velocityOperator' depends on axioms: [propext, Classical.choice, Quot.sound]
'MolecularDynamics.hasGradientAt_momentumKineticEnergy' depends on axioms: [propext, Classical.choice, Quot.sound]
'MolecularDynamics.gradient_momentumKineticEnergy_eq_velocityOperator' depends on axioms: [propext,
 Classical.choice,
 Quot.sound]
'MolecularDynamics.gradient_position_slice' depends on axioms: [propext, Classical.choice, Quot.sound]
'MolecularDynamics.hasGradientAt_position_slice' depends on axioms: [propext, Classical.choice, Quot.sound]
'MolecularDynamics.hamiltonianVectorField_eq' depends on axioms: [propext, Classical.choice, Quot.sound]
'MolecularDynamics.mechanical_energy_hasDerivAt_zero' depends on axioms: [propext, Classical.choice, Quot.sound]
'MolecularDynamics.mechanical_energy_const_on_Ioo' depends on axioms: [propext, Classical.choice, Quot.sound]
'MolecularDynamics.mechanicalVectorField_contDiffAt' depends on axioms: [propext, Classical.choice, Quot.sound]
'MolecularDynamics.exists_localMechanicalIVP_open_of_force_contDiffAt' depends on axioms: [propext,
 Classical.choice,
 Quot.sound]
'MolecularDynamics.mechanicalSolution_unique_on_Ioo' depends on axioms: [propext, Classical.choice, Quot.sound]
'MolecularDynamics.mechanicalSolution_eventually_unique_of_contDiffAt' depends on axioms: [propext,
 Classical.choice,
 Quot.sound]
'MolecularDynamics.totalMomentumCoordinate_hasDerivAt_zero' depends on axioms: [propext, Classical.choice, Quot.sound]
'MolecularDynamics.totalMomentumCoordinate_const_on_Ioo' depends on axioms: [propext, Classical.choice, Quot.sound]
'MolecularDynamics.strictPotentialMin_mechanicalEquilibrium' depends on axioms: [propext, Classical.choice, Quot.sound]
'MolecularDynamics.momentumKineticEnergy_nonneg' depends on axioms: [propext, Classical.choice, Quot.sound]
'MolecularDynamics.momentum_norm_sq_le' depends on axioms: [propext, Classical.choice, Quot.sound]
'MolecularDynamics.momentum_norm_le_of_energy' depends on axioms: [propext, Classical.choice, Quot.sound]
'MolecularDynamics.momentum_norm_lt_of_kineticEnergy' depends on axioms: [propext, Classical.choice, Quot.sound]
'MolecularDynamics.isCompact_phaseEnergySublevel' depends on axioms: [propext, Classical.choice, Quot.sound]
'MolecularDynamics.mechanicalSolution_below_barrier_stays_in_ball' depends on axioms: [propext,
 Classical.choice,
 Quot.sound]
'MolecularDynamics.mechanicalSolution_phase_dist_lt' depends on axioms: [propext, Classical.choice, Quot.sound]
'MolecularDynamics.exists_rightEndpointLimit_of_lipschitzOnWith' depends on axioms: [propext,
 Classical.choice,
 Quot.sound]
'MolecularDynamics.exists_rightEndpointLimit_mem_of_lipschitzOnWith' depends on axioms: [propext,
 Classical.choice,
 Quot.sound]
'MolecularDynamics.mechanicalSolution_lipschitzOnWith_of_field_bound' depends on axioms: [propext,
 Classical.choice,
 Quot.sound]
'MolecularDynamics.mechanicalSolution_has_rightEndpointLimit_of_field_bound' depends on axioms: [propext,
 Classical.choice,
 Quot.sound]
'MolecularDynamics.mechanicalSolution_has_rightEndpointLimit_of_compact' depends on axioms: [propext,
 Classical.choice,
 Quot.sound]
'MolecularDynamics.mechanicalSolution_unique_on_preconnected_of_contDiffAt' depends on axioms: [propext,
 Classical.choice,
 Quot.sound]
'MolecularDynamics.mechanicalSolution_glue_on_Ioo' depends on axioms: [propext, Classical.choice, Quot.sound]
'MolecularDynamics.hasDerivWithinAt_rightEndpoint_of_continuousOn' depends on axioms: [propext,
 Classical.choice,
 Quot.sound]
'MolecularDynamics.exists_localODE_matching_rightEndpoint' depends on axioms: [propext, Classical.choice, Quot.sound]
'MolecularDynamics.mechanicalSolution_extend_of_rightEndpointLimit' depends on axioms: [propext,
 Classical.choice,
 Quot.sound]
'MolecularDynamics.mechanicalSolution_extend_of_force_contDiffAt' depends on axioms: [propext,
 Classical.choice,
 Quot.sound]
'MolecularDynamics.mechanicalSolution_extend_of_compact' depends on axioms: [propext, Classical.choice, Quot.sound]
'MolecularDynamics.strictOn_iff_punctured' depends on axioms: [propext, Classical.choice, Quot.sound]
'MolecularDynamics.strictUniv_iff' depends on axioms: [propext, Classical.choice, Quot.sound]
'MolecularDynamics.strictOn_isLocalMinOn' depends on axioms: [propext, Classical.choice, Quot.sound]
'MolecularDynamics.compact_positive_gap' depends on axioms: [propext, Classical.choice, Quot.sound]
'MolecularDynamics.fixed_sphere_barrier' depends on axioms: [propext, Classical.choice, Quot.sound]
'MolecularDynamics.open_domain_barrier' depends on axioms: [propext, Classical.choice, Quot.sound]
'MolecularDynamics.energy_excludes_sphere' depends on axioms: [propext, Classical.choice, Quot.sound]
'MolecularDynamics.energy_below_barrier_excludes_sphere' depends on axioms: [propext, Classical.choice, Quot.sound]
'MolecularDynamics.conserved_trajectory_stays_in_ball' depends on axioms: [propext, Classical.choice, Quot.sound]
'MolecularDynamics.conserved_trajectory_below_barrier_stays_in_ball' depends on axioms: [propext,
 Classical.choice,
 Quot.sound]
'MolecularDynamics.conserved_trajectory_center_below_barrier_stays_in_ball' depends on axioms: [propext,
 Classical.choice,
 Quot.sound]
'MolecularDynamics.open_domain_energy_confinement' depends on axioms: [propext, Classical.choice, Quot.sound]
'MolecularDynamics.zero_dimensional_sphere_empty' depends on axioms: [propext, Classical.choice, Quot.sound]
'MolecularDynamics.zero_dimensional_barrier' depends on axioms: [propext, Classical.choice, Quot.sound]
'MolecularDynamics.zero_dimensional_strict_min' depends on axioms: [propext, Classical.choice, Quot.sound]
'MolecularDynamics.singleton_relative_strict' depends on axioms: [propext, Classical.choice, Quot.sound]
'MolecularDynamics.singleton_sphere_not_subset' depends on axioms: [propext, Classical.choice, Quot.sound]
'MolecularDynamics.quartic_strict_min' depends on axioms: [propext, Classical.choice, Quot.sound]
'MolecularDynamics.quartic_sphere_barrier' depends on axioms: [propext, Classical.choice, Quot.sound]
'MolecularDynamics.constant_local_min' depends on axioms: [propext, Classical.choice, Quot.sound]
'MolecularDynamics.constant_not_strict' depends on axioms: [propext, Classical.choice, Quot.sound]
'MolecularDynamics.endpoint_strict_radius' depends on axioms: [propext, Classical.choice, Quot.sound]
'MolecularDynamics.endpoint_potential_continuous' depends on axioms: [propext, Classical.choice, Quot.sound]
'MolecularDynamics.endpoint_no_barrier' depends on axioms: [propext, Classical.choice, Quot.sound]
'MolecularDynamics.quartic_potential_continuous' depends on axioms: [propext, Classical.choice, Quot.sound]
Dependency audit passed for 5334 imported project declarations; allowed: [propext, Classical.choice, Quot.sound].
'MolecularDynamics.exists_glued_function_of_compatible' depends on axioms: [propext, Classical.choice, Quot.sound]
'MolecularDynamics.exists_mechanicalSolutionOn_iUnion' depends on axioms: [propext, Classical.choice, Quot.sound]
'MolecularDynamics.exists_globalMechanicalSolution_of_local_compact_confinement' depends on axioms: [propext,
 Classical.choice,
 Quot.sound]
'MolecularDynamics.exists_globalMechanicalIVP_of_energy_barrier' depends on axioms: [propext,
 Classical.choice,
 Quot.sound]
'MolecularDynamics.gradient_contDiffAt_of_potential_contDiffAt_two' depends on axioms: [propext,
 Classical.choice,
 Quot.sound]
'MolecularDynamics.strictPotentialMin_exists_future_bound' depends on axioms: [propext, Classical.choice, Quot.sound]
'MolecularDynamics.strictPotentialMin_futureStable' depends on axioms: [propext, Classical.choice, Quot.sound]
'MolecularDynamics.strictPotentialMin_futureStable_of_potential_contDiffAt_two' depends on axioms: [propext,
 Classical.choice,
 Quot.sound]
'MolecularDynamics.product_dist_le_phaseEuclideanDistance' depends on axioms: [propext, Classical.choice, Quot.sound]
'MolecularDynamics.phaseEuclideanDistance_le_two_mul_dist' depends on axioms: [propext, Classical.choice, Quot.sound]
'MolecularDynamics.IsFutureMechanicalStable.euclidean' depends on axioms: [propext, Classical.choice, Quot.sound]
'MolecularDynamics.strictPotentialMin_futureStableEuclidean_of_potential_contDiffAt_two' depends on axioms: [propext,
 Classical.choice,
 Quot.sound]
'MolecularDynamics.strictPotentialMin_futureStableEuclidean_of_smooth' depends on axioms: [propext,
 Classical.choice,
 Quot.sound]
'MolecularDynamics.nBodyKineticEnergy_eq_inner' depends on axioms: [propext, Classical.choice, Quot.sound]
'MolecularDynamics.hasGradientAt_nBodyKineticEnergy' depends on axioms: [propext, Classical.choice, Quot.sound]
'MolecularDynamics.hasGradientAt_massLagrangian_velocity' depends on axioms: [propext, Classical.choice, Quot.sound]
'MolecularDynamics.hasGradientAt_massLagrangian_position' depends on axioms: [propext, Classical.choice, Quot.sound]
'MolecularDynamics.mechanicalSolution_eulerLagrange' depends on axioms: [propext, Classical.choice, Quot.sound]
'MolecularDynamics.eulerLagrange_to_mechanicalSolution' depends on axioms: [propext, Classical.choice, Quot.sound]
'MolecularDynamics.massLagrangian_coordinateChange' depends on axioms: [propext, Classical.choice, Quot.sound]
'MolecularDynamics.hasDerivAt_coordinateChange' depends on axioms: [propext, Classical.choice, Quot.sound]
'MolecularDynamics.generalizedMassMatrix_posDef' depends on axioms: [propext, Classical.choice, Quot.sound]
'MolecularDynamics.generalizedMassMatrix_isUnit' depends on axioms: [propext, Classical.choice, Quot.sound]
'MolecularDynamics.massHamiltonian_legendre_gap' depends on axioms: [propext, Classical.choice, Quot.sound]
'MolecularDynamics.legendre_objective_le_massHamiltonian' depends on axioms: [propext, Classical.choice, Quot.sound]
'MolecularDynamics.legendre_objective_attains_massHamiltonian' depends on axioms: [propext,
 Classical.choice,
 Quot.sound]
'MolecularDynamics.nBodyKineticEnergy_eq_zero_iff' depends on axioms: [propext, Classical.choice, Quot.sound]
'MolecularDynamics.legendre_objective_eq_massHamiltonian_iff' depends on axioms: [propext, Classical.choice, Quot.sound]
'MolecularDynamics.massHamiltonian_eq_legendre_sup' depends on axioms: [propext, Classical.choice, Quot.sound]
'MolecularDynamics.mechanicalSolution_translate_on_Ioi' depends on axioms: [propext, Classical.choice, Quot.sound]
'MolecularDynamics.futureMechanicalFlow_add' depends on axioms: [propext, Classical.choice, Quot.sound]
'MolecularDynamics.futureMechanicalFlow_commute' depends on axioms: [propext, Classical.choice, Quot.sound]
'MolecularDynamics.futureMechanicalFlow_energy' depends on axioms: [propext, Classical.choice, Quot.sound]
'MolecularDynamics.futureMechanicalFlow_injOn' depends on axioms: [propext, Classical.choice, Quot.sound]
'MolecularDynamics.exists_futureMechanicalFlow_of_energy_barrier' depends on axioms: [propext,
 Classical.choice,
 Quot.sound]
'MolecularDynamics.massHamiltonian_momentumReflection' depends on axioms: [propext, Classical.choice, Quot.sound]
'MolecularDynamics.mechanicalSolution_time_reverse_on_Iio' depends on axioms: [propext, Classical.choice, Quot.sound]
'MolecularDynamics.exists_globalMechanicalIVP_of_energy_barrier_two_sided' depends on axioms: [propext,
 Classical.choice,
 Quot.sound]
'MolecularDynamics.mechanicalSolution_translate_on_univ' depends on axioms: [propext, Classical.choice, Quot.sound]
'MolecularDynamics.mechanicalSolution_energy_on_univ' depends on axioms: [propext, Classical.choice, Quot.sound]
'MolecularDynamics.globalMechanicalFlow_add' depends on axioms: [propext, Classical.choice, Quot.sound]
'MolecularDynamics.globalMechanicalFlow_inverse' depends on axioms: [propext, Classical.choice, Quot.sound]
'MolecularDynamics.globalMechanicalFlow_commute' depends on axioms: [propext, Classical.choice, Quot.sound]
'MolecularDynamics.globalMechanicalFlow_bijOn' depends on axioms: [propext, Classical.choice, Quot.sound]
'MolecularDynamics.globalMechanicalFlow_energy' depends on axioms: [propext, Classical.choice, Quot.sound]
'MolecularDynamics.exists_globalMechanicalFlow_of_energy_barrier' depends on axioms: [propext,
 Classical.choice,
 Quot.sound]
'MolecularDynamics.harmonicFlow_isMechanicalSolution' depends on axioms: [propext, Classical.choice, Quot.sound]
'MolecularDynamics.harmonicFlow_isGlobalFlow' depends on axioms: [propext, Classical.choice, Quot.sound]
'MolecularDynamics.harmonicFlow_continuous' depends on axioms: [propext, Classical.choice, Quot.sound]
'MolecularDynamics.harmonicFlow_add' depends on axioms: [propext, Classical.choice, Quot.sound]
'MolecularDynamics.harmonicFlow_inverse' depends on axioms: [propext, Classical.choice, Quot.sound]
'MolecularDynamics.harmonicContinuousFlow' depends on axioms: [propext, Classical.choice, Quot.sound]
'MolecularDynamics.hasGradientAt_harmonicPotential' depends on axioms: [propext, Classical.choice, Quot.sound]
'MolecularDynamics.harmonicFlow_energy' depends on axioms: [propext, Classical.choice, Quot.sound]
'MolecularDynamics.freeParticleFlow_isMechanicalSolution' depends on axioms: [propext, Classical.choice, Quot.sound]
'MolecularDynamics.freeParticleFlow_isGlobalFlow' depends on axioms: [propext, Classical.choice, Quot.sound]
'MolecularDynamics.freeParticleFlow_continuous' depends on axioms: [propext, Classical.choice, Quot.sound]
'MolecularDynamics.freeParticleFlow_add' depends on axioms: [propext, Classical.choice, Quot.sound]
'MolecularDynamics.freeParticleContinuousFlow' depends on axioms: [propext, Classical.choice, Quot.sound]
'MolecularDynamics.freeParticleFlow_energy' depends on axioms: [propext, Classical.choice, Quot.sound]
'MolecularDynamics.hasDerivAt_linearExponentialFlow' depends on axioms: [propext, Classical.choice, Quot.sound]
'MolecularDynamics.linearExponentialFlow_add' depends on axioms: [propext, Classical.choice, Quot.sound]
'MolecularDynamics.linearExponentialFlow_continuous' depends on axioms: [propext, Classical.choice, Quot.sound]
'MolecularDynamics.linearContinuousFlow' depends on axioms: [propext, Classical.choice, Quot.sound]
'MolecularDynamics.linearExponentialFlow_inverse' depends on axioms: [propext, Classical.choice, Quot.sound]
'MolecularDynamics.hasDerivAt_linearExponentialFlow_initial_time' depends on axioms: [propext,
 Classical.choice,
 Quot.sound]
'MolecularDynamics.linearExponentialFlow_unique' depends on axioms: [propext, Classical.choice, Quot.sound]
'MolecularDynamics.linearExponentialOperator_series' depends on axioms: [propext, Classical.choice, Quot.sound]
'MolecularDynamics.matrixExponentialFlow_eq' depends on axioms: [propext, Classical.choice, Quot.sound]
'MolecularDynamics.hasDerivAt_matrixExponentialFlow' depends on axioms: [propext, Classical.choice, Quot.sound]
'MolecularDynamics.hasDerivAt_matrixExponentialFlow_initial_time' depends on axioms: [propext,
 Classical.choice,
 Quot.sound]
'MolecularDynamics.matrixExponentialFlow_unique' depends on axioms: [propext, Classical.choice, Quot.sound]
'MolecularDynamics.matrixContinuousFlow' depends on axioms: [propext, Classical.choice, Quot.sound]
'MolecularDynamics.matrixExponential_series' depends on axioms: [propext, Classical.choice, Quot.sound]
'MolecularDynamics.hasDerivAt_realEigenmode' depends on axioms: [propext, Classical.choice, Quot.sound]
'MolecularDynamics.linearExponentialFlow_realEigenmode' depends on axioms: [propext, Classical.choice, Quot.sound]
'MolecularDynamics.linearExponentialFlow_realSpectral_sum' depends on axioms: [propext, Classical.choice, Quot.sound]
'MolecularDynamics.linearExponentialFlow_realEigenbasis' depends on axioms: [propext, Classical.choice, Quot.sound]
'MolecularDynamics.hasDerivAt_complexEigenmode' depends on axioms: [propext, Classical.choice, Quot.sound]
'MolecularDynamics.complexExponentialFlow_eigenmode' depends on axioms: [propext, Classical.choice, Quot.sound]
'MolecularDynamics.complexExponentialFlow_spectral_sum' depends on axioms: [propext, Classical.choice, Quot.sound]
'MolecularDynamics.complexExponentialFlow_eigenbasis' depends on axioms: [propext, Classical.choice, Quot.sound]
'MolecularDynamics.hasDerivAt_complexExponentialFlow' depends on axioms: [propext, Classical.choice, Quot.sound]
'MolecularDynamics.complexContinuousFlow' depends on axioms: [propext, Classical.choice, Quot.sound]
'MolecularDynamics.complexEigenbasis_coefficients_unique' depends on axioms: [propext, Classical.choice, Quot.sound]
'MolecularDynamics.linearExponentialFlow_intertwine' depends on axioms: [propext, Classical.choice, Quot.sound]
'MolecularDynamics.linearExponentialFlow_fixed_clm' depends on axioms: [propext, Classical.choice, Quot.sound]
'MolecularDynamics.realMatrix_conjugation_commute' depends on axioms: [propext, Classical.choice, Quot.sound]
'MolecularDynamics.realMatrix_complexFlow_isReal' depends on axioms: [propext, Classical.choice, Quot.sound]
'MolecularDynamics.realMatrix_complexSpectral_sum_isReal' depends on axioms: [propext, Classical.choice, Quot.sound]
'MolecularDynamics.basisColumnMatrix_mulVec' depends on axioms: [propext, Classical.choice, Quot.sound]
'MolecularDynamics.basisColumnMatrix_mulVec_repr' depends on axioms: [propext, Classical.choice, Quot.sound]
'MolecularDynamics.basisColumnMatrix_isUnit' depends on axioms: [propext, Classical.choice, Quot.sound]
'MolecularDynamics.basisColumnMatrix_inverse_coefficients' depends on axioms: [propext, Classical.choice, Quot.sound]
'MolecularDynamics.firstIntegral_hasDerivAt_zero' depends on axioms: [propext, Classical.choice, Quot.sound]
'MolecularDynamics.firstIntegral_const_on_Ioo' depends on axioms: [propext, Classical.choice, Quot.sound]
'MolecularDynamics.firstIntegral_differential_necessary' depends on axioms: [propext, Classical.choice, Quot.sound]
'MolecularDynamics.isFirstIntegralOn_iff_differential' depends on axioms: [propext, Classical.choice, Quot.sound]
'MolecularDynamics.firstIntegral_gradient_criterion' depends on axioms: [propext, Classical.choice, Quot.sound]
'MolecularDynamics.planarAngularMomentum_hasDerivAt_zero' depends on axioms: [propext, Classical.choice, Quot.sound]
'MolecularDynamics.planarAngularMomentum_const_on_Ioo' depends on axioms: [propext, Classical.choice, Quot.sound]
'MolecularDynamics.centralForce_planarAngularMomentum_const' depends on axioms: [propext, Classical.choice, Quot.sound]
'MolecularDynamics.polarKinetic_identity' depends on axioms: [propext, Classical.choice, Quot.sound]
'MolecularDynamics.polarAngularMomentum_identity' depends on axioms: [propext, Classical.choice, Quot.sound]
'MolecularDynamics.keplerPolarLagrangian_identity' depends on axioms: [propext, Classical.choice, Quot.sound]
'MolecularDynamics.polarCoordinates_hasDerivAt_components' depends on axioms: [propext, Classical.choice, Quot.sound]
'MolecularDynamics.polarJacobian_det' depends on axioms: [propext, Classical.choice, Quot.sound]
'MolecularDynamics.polarJacobian_isUnit_iff' depends on axioms: [propext, Classical.choice, Quot.sound]
'MolecularDynamics.hasGradientAt_keplerPotential' depends on axioms: [propext, Classical.choice, Quot.sound]
'MolecularDynamics.keplerForce_eq_neg_gradient' depends on axioms: [propext, Classical.choice, Quot.sound]
'MolecularDynamics.keplerForce_contDiffAt' depends on axioms: [propext, Classical.choice, Quot.sound]
'MolecularDynamics.exists_kepler_localIVP' depends on axioms: [propext, Classical.choice, Quot.sound]
'MolecularDynamics.kepler_energy_const_on_Ioo' depends on axioms: [propext, Classical.choice, Quot.sound]
'MolecularDynamics.kepler_planarAngularMomentum_const_on_Ioo' depends on axioms: [propext, Classical.choice, Quot.sound]
'MolecularDynamics.hasStrictFDerivAt_polarCoordinateMap' depends on axioms: [propext, Classical.choice, Quot.sound]
'MolecularDynamics.exists_polarDerivativeEquiv' depends on axioms: [propext, Classical.choice, Quot.sound]
'MolecularDynamics.fderiv_polarCoordinateMap' depends on axioms: [propext, Classical.choice, Quot.sound]
'MolecularDynamics.exists_polarLocalChart_strictInverse' depends on axioms: [propext, Classical.choice, Quot.sound]
'MolecularDynamics.exists_polarLocalChart' depends on axioms: [propext, Classical.choice, Quot.sound]
'MolecularDynamics.keplerPolar_partial_v' depends on axioms: [propext, Classical.choice, Quot.sound]
'MolecularDynamics.keplerPolar_partial_ω' depends on axioms: [propext, Classical.choice, Quot.sound]
'MolecularDynamics.keplerPolar_partial_r' depends on axioms: [propext, Classical.choice, Quot.sound]
'MolecularDynamics.keplerPolar_partial_θ' depends on axioms: [propext, Classical.choice, Quot.sound]
'MolecularDynamics.keplerPolar_eulerLagrange_iff' depends on axioms: [propext, Classical.choice, Quot.sound]
'MolecularDynamics.keplerPolar_angular_const' depends on axioms: [propext, Classical.choice, Quot.sound]
'MolecularDynamics.keplerPolar_radial_reduction' depends on axioms: [propext, Classical.choice, Quot.sound]
'MolecularDynamics.keplerRadialEnergy_formula' depends on axioms: [propext, Classical.choice, Quot.sound]
'MolecularDynamics.keplerRadialEnergy_hasDerivAt_zero' depends on axioms: [propext, Classical.choice, Quot.sound]
'MolecularDynamics.keplerPolar_radialEnergy_const' depends on axioms: [propext, Classical.choice, Quot.sound]
'MolecularDynamics.keplerPolar_angle_integral' depends on axioms: [propext, Classical.choice, Quot.sound]
'MolecularDynamics.keplerPolar_radialEnergy_const_initialAngular' depends on axioms: [propext,
 Classical.choice,
 Quot.sound]
'MolecularDynamics.keplerPolar_energy_radial_identity' depends on axioms: [propext, Classical.choice, Quot.sound]
'MolecularDynamics.norm_polarCartesianPosition' depends on axioms: [propext, Classical.choice, Quot.sound]
'MolecularDynamics.polarCartesianState_angular' depends on axioms: [propext, Classical.choice, Quot.sound]
'MolecularDynamics.polarCartesianState_energy' depends on axioms: [propext, Classical.choice, Quot.sound]
'MolecularDynamics.hasDerivAt_planarPair' depends on axioms: [propext, Classical.choice, Quot.sound]
'MolecularDynamics.keplerPolar_angularVelocity_hasDerivAt' depends on axioms: [propext, Classical.choice, Quot.sound]
'MolecularDynamics.polarCartesianState_momentum_hasDerivAt' depends on axioms: [propext, Classical.choice, Quot.sound]
'MolecularDynamics.keplerPolarEL_to_cartesianMechanical' depends on axioms: [propext, Classical.choice, Quot.sound]
'MolecularDynamics.polarCartesianState_force' depends on axioms: [propext, Classical.choice, Quot.sound]
'MolecularDynamics.polarCartesianState_radialVelocity' depends on axioms: [propext, Classical.choice, Quot.sound]
'MolecularDynamics.cartesianMechanical_to_keplerPolarEL' depends on axioms: [propext, Classical.choice, Quot.sound]
'MolecularDynamics.keplerPolarEL_iff_cartesianMechanical' depends on axioms: [propext, Classical.choice, Quot.sound]
'MolecularDynamics.keplerReconstructedAngle_initial' depends on axioms: [propext, Classical.choice, Quot.sound]
'MolecularDynamics.keplerReconstructedAngle_hasDerivAt' depends on axioms: [propext, Classical.choice, Quot.sound]
'MolecularDynamics.keplerRadial_reconstruction_isEulerLagrange' depends on axioms: [propext,
 Classical.choice,
 Quot.sound]
'MolecularDynamics.keplerRadial_reconstruction_isMechanical' depends on axioms: [propext, Classical.choice, Quot.sound]
'MolecularDynamics.keplerRadialForce_contDiffAt' depends on axioms: [propext, Classical.choice, Quot.sound]
'MolecularDynamics.exists_keplerRadial_localIVP' depends on axioms: [propext, Classical.choice, Quot.sound]
'MolecularDynamics.exists_keplerRadial_reconstructed_localIVP' depends on axioms: [propext,
 Classical.choice,
 Quot.sound]
'MolecularDynamics.exists_polarCartesian_initialRepresentation' depends on axioms: [propext,
 Classical.choice,
 Quot.sound]
'MolecularDynamics.exists_kepler_localIVP_radialReconstruction' depends on axioms: [propext,
 Classical.choice,
 Quot.sound]
'MolecularDynamics.separableTimePrimitive_initial' depends on axioms: [propext, Classical.choice, Quot.sound]
'MolecularDynamics.separableTimePrimitive_hasStrictDerivAt' depends on axioms: [propext, Classical.choice, Quot.sound]
'MolecularDynamics.separableTimePrimitive_localInverse' depends on axioms: [propext, Classical.choice, Quot.sound]
'MolecularDynamics.separableTimePrimitive_along_solution' depends on axioms: [propext, Classical.choice, Quot.sound]
'MolecularDynamics.separableTimePrimitive_inverse_along_solution' depends on axioms: [propext,
 Classical.choice,
 Quot.sound]
'MolecularDynamics.keplerRadial_energy_speedSquare' depends on axioms: [propext, Classical.choice, Quot.sound]
'MolecularDynamics.keplerRadialBranchSpeed_eq_velocity' depends on axioms: [propext, Classical.choice, Quot.sound]
'MolecularDynamics.keplerRadialSpeedSquare_continuousAt' depends on axioms: [propext, Classical.choice, Quot.sound]
'MolecularDynamics.keplerRadialEnergy_const_on_Ioo' depends on axioms: [propext, Classical.choice, Quot.sound]
'MolecularDynamics.keplerRadial_signedQuadrature_inverse_on_branch' depends on axioms: [propext,
 Classical.choice,
 Quot.sound]
'MolecularDynamics.exists_keplerRadial_nonturning_window' depends on axioms: [propext, Classical.choice, Quot.sound]
'MolecularDynamics.keplerRadial_nonturning_signedQuadrature' depends on axioms: [propext, Classical.choice, Quot.sound]
'MolecularDynamics.keplerRadial_nonturning_quadrature' depends on axioms: [propext, Classical.choice, Quot.sound]
'MolecularDynamics.harmonicAction_time_formula' depends on axioms: [propext, Classical.choice, Quot.sound]
'MolecularDynamics.harmonicAction_harmonicFlow' depends on axioms: [propext, Classical.choice, Quot.sound]
'MolecularDynamics.harmonicActionAmplitude_pos' depends on axioms: [propext, Classical.choice, Quot.sound]
'MolecularDynamics.harmonicActionVelocity_formula' depends on axioms: [propext, Classical.choice, Quot.sound]
'MolecularDynamics.harmonicAction_energy' depends on axioms: [propext, Classical.choice, Quot.sound]
'MolecularDynamics.harmonicActionAmplitude_hasDerivAt' depends on axioms: [propext, Classical.choice, Quot.sound]
'MolecularDynamics.harmonicAction_hasDerivAt_components' depends on axioms: [propext, Classical.choice, Quot.sound]
'MolecularDynamics.harmonicAction_derivative_coefficients_iff' depends on axioms: [propext,
 Classical.choice,
 Quot.sound]
'MolecularDynamics.harmonicAction_ode_iff' depends on axioms: [propext, Classical.choice, Quot.sound]
'MolecularDynamics.harmonicAction_explicit_solution' depends on axioms: [propext, Classical.choice, Quot.sound]
'MolecularDynamics.exists_harmonicAction_representation' depends on axioms: [propext, Classical.choice, Quot.sound]
'MolecularDynamics.harmonicActionAmplitude_hasStrictDerivAt' depends on axioms: [propext, Classical.choice, Quot.sound]
'MolecularDynamics.harmonicActionJacobian_det' depends on axioms: [propext, Classical.choice, Quot.sound]
'MolecularDynamics.hasStrictFDerivAt_harmonicActionMap' depends on axioms: [propext, Classical.choice, Quot.sound]
'MolecularDynamics.fderiv_harmonicActionMap' depends on axioms: [propext, Classical.choice, Quot.sound]
'MolecularDynamics.exists_harmonicActionLocalChart' depends on axioms: [propext, Classical.choice, Quot.sound]
'MolecularDynamics.harmonicTorusPhase_rotation_coordinates' depends on axioms: [propext, Classical.choice, Quot.sound]
'MolecularDynamics.harmonicTorusPhase_rotation_isMechanical' depends on axioms: [propext, Classical.choice, Quot.sound]
'MolecularDynamics.harmonicTorusRotation_continuous' depends on axioms: [propext, Classical.choice, Quot.sound]
'MolecularDynamics.harmonicTorusRotation_add' depends on axioms: [propext, Classical.choice, Quot.sound]
'MolecularDynamics.harmonicTorusRotation_periodic_iff' depends on axioms: [propext, Classical.choice, Quot.sound]
'MolecularDynamics.harmonicTorusRotation_periodic_iff_integer' depends on axioms: [propext,
 Classical.choice,
 Quot.sound]
'MolecularDynamics.harmonicTorusRotation_integerFrequencies_periodic' depends on axioms: [propext,
 Classical.choice,
 Quot.sound]
'MolecularDynamics.harmonicTorusPhase_continuous' depends on axioms: [propext, Classical.choice, Quot.sound]
'MolecularDynamics.harmonicTorusPhase_realAngles' depends on axioms: [propext, Classical.choice, Quot.sound]
'MolecularDynamics.harmonicTorusPhase_energy' depends on axioms: [propext, Classical.choice, Quot.sound]
'MolecularDynamics.harmonicTorusPhase_image_fixedEnergy' depends on axioms: [propext, Classical.choice, Quot.sound]
'MolecularDynamics.harmonicTorusPhase_injective' depends on axioms: [propext, Classical.choice, Quot.sound]
'MolecularDynamics.harmonicTorusPhase_isClosedEmbedding' depends on axioms: [propext, Classical.choice, Quot.sound]
'MolecularDynamics.exists_harmonicTorusPhase_homeomorph' depends on axioms: [propext, Classical.choice, Quot.sound]
'MolecularDynamics.harmonicTorusThreeResonance_rotation' depends on axioms: [propext, Classical.choice, Quot.sound]
'MolecularDynamics.harmonicTorusRotation_three_resonant_not_dense' depends on axioms: [propext,
 Classical.choice,
 Quot.sound]
'MolecularDynamics.harmonicTorusRotation_two_dense_zero' depends on axioms: [propext, Classical.choice, Quot.sound]
'MolecularDynamics.harmonicTorusRotation_two_dense' depends on axioms: [propext, Classical.choice, Quot.sound]
'MolecularDynamics.harmonicTorusPhase_two_dense_fixedEnergy' depends on axioms: [propext, Classical.choice, Quot.sound]
'MolecularDynamics.harmonicTorusRotation_two_positivePeriod_iff_rational' depends on axioms: [propext,
 Classical.choice,
 Quot.sound]
'MolecularDynamics.harmonicTorusRotation_two_irrational_no_positivePeriod' depends on axioms: [propext,
 Classical.choice,
 Quot.sound]
'MolecularDynamics.harmonicTorusPhase_periodic_of_rotation_periodic' depends on axioms: [propext,
 Classical.choice,
 Quot.sound]
'MolecularDynamics.harmonicTorusPhase_periodic_iff_rotation_periodic' depends on axioms: [propext,
 Classical.choice,
 Quot.sound]
'MolecularDynamics.harmonicTorusPhase_two_positivePeriod_iff_rational' depends on axioms: [propext,
 Classical.choice,
 Quot.sound]
'MolecularDynamics.harmonicTorusPhase_two_irrational_no_positivePeriod' depends on axioms: [propext,
 Classical.choice,
 Quot.sound]
'MolecularDynamics.planarScalarPartial_isInvertible' depends on axioms: [propext, Classical.choice, Quot.sound]
'MolecularDynamics.exists_planarFirstIntegral_localGraph' depends on axioms: [propext, Classical.choice, Quot.sound]
'MolecularDynamics.planarFirstIntegral_localGraph_reduction' depends on axioms: [propext, Classical.choice, Quot.sound]
'MolecularDynamics.exists_planarFirstIntegral_C1Graph' depends on axioms: [propext, Classical.choice, Quot.sound]
'MolecularDynamics.exists_planarFirstIntegral_quadratureWindow' depends on axioms: [propext,
 Classical.choice,
 Quot.sound]
'MolecularDynamics.planarFirstIntegral_nonturning_quadrature' depends on axioms: [propext, Classical.choice, Quot.sound]
'MolecularDynamics.scalarPotentialEnergy_contDiff' depends on axioms: [propext, Classical.choice, Quot.sound]
'MolecularDynamics.scalarPotentialVectorField_contDiff' depends on axioms: [propext, Classical.choice, Quot.sound]
'MolecularDynamics.scalarPotentialEnergy_hasDerivAt_zero' depends on axioms: [propext, Classical.choice, Quot.sound]
'MolecularDynamics.scalarPotentialEnergy_isFirstIntegral' depends on axioms: [propext, Classical.choice, Quot.sound]
'MolecularDynamics.scalarPotentialEnergy_velocityPartial' depends on axioms: [propext, Classical.choice, Quot.sound]
'MolecularDynamics.scalarPotential_nonturning_quadrature' depends on axioms: [propext, Classical.choice, Quot.sound]
'MolecularDynamics.scalarPotentialSwappedEnergy_contDiff' depends on axioms: [propext, Classical.choice, Quot.sound]
'MolecularDynamics.scalarPotentialSwappedField_contDiff' depends on axioms: [propext, Classical.choice, Quot.sound]
'MolecularDynamics.scalarPotentialSwappedEnergy_isFirstIntegral' depends on axioms: [propext,
 Classical.choice,
 Quot.sound]
'MolecularDynamics.scalarPotentialSwappedEnergy_positionPartial' depends on axioms: [propext,
 Classical.choice,
 Quot.sound]
'MolecularDynamics.scalarPotential_regularTurning_quadrature' depends on axioms: [propext, Classical.choice, Quot.sound]
'MolecularDynamics.scalarPotential_equilibrium_constant' depends on axioms: [propext, Classical.choice, Quot.sound]
'MolecularDynamics.scalarPotential_equilibrium_locally_unique' depends on axioms: [propext,
 Classical.choice,
 Quot.sound]
'MolecularDynamics.scalarPotential_equilibrium_on_Ioo' depends on axioms: [propext, Classical.choice, Quot.sound]
'MolecularDynamics.scalarPotential_localDescription' depends on axioms: [propext, Classical.choice, Quot.sound]
'MolecularDynamics.scalarPotential_exists_localIVP' depends on axioms: [propext, Classical.choice, Quot.sound]
'MolecularDynamics.scalarPotential_exists_localIVP_integrable' depends on axioms: [propext,
 Classical.choice,
 Quot.sound]
'MolecularDynamics.equilibrium_constant_ode_iff' depends on axioms: [propext, Classical.choice, Quot.sound]
'MolecularDynamics.equilibriumLinearizationRemainder_isLittleO' depends on axioms: [propext,
 Classical.choice,
 Quot.sound]
'MolecularDynamics.equilibriumLinearizationRemainder_of_C1' depends on axioms: [propext, Classical.choice, Quot.sound]
'MolecularDynamics.actual_perturbation_ode' depends on axioms: [propext, Classical.choice, Quot.sound]
'MolecularDynamics.equilibrium_linearized_IVP' depends on axioms: [propext, Classical.choice, Quot.sound]
'MolecularDynamics.mechanicalLinearization_apply' depends on axioms: [propext, Classical.choice, Quot.sound]
'MolecularDynamics.hasFDerivAt_mechanicalVectorField' depends on axioms: [propext, Classical.choice, Quot.sound]
'MolecularDynamics.conservative_mechanical_linearization' depends on axioms: [propext, Classical.choice, Quot.sound]
'MolecularDynamics.exists_C1_localContinuousSolutionFamily' depends on axioms: [propext, Classical.choice, Quot.sound]
'MolecularDynamics.exists_localContinuousMechanicalFamily' depends on axioms: [propext, Classical.choice, Quot.sound]
'MolecularDynamics.exists_localContinuousMechanicalFamily_open' depends on axioms: [propext,
 Classical.choice,
 Quot.sound]
'MolecularDynamics.potential_hessian_symmetric' depends on axioms: [propext, Classical.choice, Quot.sound]
'MolecularDynamics.potential_hessian_symmetric_apply' depends on axioms: [propext, Classical.choice, Quot.sound]
'MolecularDynamics.conservative_linearization_hessian_data' depends on axioms: [propext, Classical.choice, Quot.sound]
'MolecularDynamics.linearizedHamiltonianQuadratic' depends on axioms: [propext, Classical.choice, Quot.sound]
'MolecularDynamics.linearizedHamiltonianQuadratic_eq_textbook_form' depends on axioms: [propext,
 Classical.choice,
 Quot.sound]
'MolecularDynamics.linearizedHamiltonianQuadratic_nonneg' depends on axioms: [propext, Classical.choice, Quot.sound]
'MolecularDynamics.linearizedHamiltonianQuadratic_nonneg_of_hessian' depends on axioms: [propext,
 Classical.choice,
 Quot.sound]
'MolecularDynamics.uniformPairPotentialEnergy' depends on axioms: [propext, Classical.choice, Quot.sound]
'MolecularDynamics.uniformPairPotentialEnergy_translate' depends on axioms: [propext, Classical.choice, Quot.sound]
'MolecularDynamics.uniformPairPotentialEnergy_two' depends on axioms: [propext, Classical.choice, Quot.sound]
'MolecularDynamics.nearestNeighborPotentialEnergy' depends on axioms: [propext, Classical.choice, Quot.sound]
'MolecularDynamics.nearestNeighborPotentialEnergy_translate' depends on axioms: [propext, Classical.choice, Quot.sound]
'MolecularDynamics.nearestNeighborPotentialEnergy_two' depends on axioms: [propext, Classical.choice, Quot.sound]
'MolecularDynamics.periodicNearestNeighborPotentialEnergy' depends on axioms: [propext, Classical.choice, Quot.sound]
'MolecularDynamics.periodicNearestNeighborPotentialEnergy_translate' depends on axioms: [propext,
 Classical.choice,
 Quot.sound]
'MolecularDynamics.walledNearestNeighborPotentialEnergy' depends on axioms: [propext, Classical.choice, Quot.sound]
'MolecularDynamics.boxPeriodicNearestNeighborPotentialEnergy' depends on axioms: [propext, Classical.choice, Quot.sound]
'MolecularDynamics.boxPeriodicNearestNeighborPotentialEnergy_translate' depends on axioms: [propext,
 Classical.choice,
 Quot.sound]
'MolecularDynamics.gradientLinearizationRemainder' depends on axioms: [propext, Classical.choice, Quot.sound]
'MolecularDynamics.gradientLinearizationRemainder_isLittleO' depends on axioms: [propext, Classical.choice, Quot.sound]
'MolecularDynamics.gradientLinearization_expansion' depends on axioms: [propext, Classical.choice, Quot.sound]
'MolecularDynamics.potentialHessian_quadratic_nonneg_of_posDef' depends on axioms: [propext,
 Classical.choice,
 Quot.sound]
'MolecularDynamics.linearizedHamiltonianQuadratic_nonneg_of_positive_hessian' depends on axioms: [propext,
 Classical.choice,
 Quot.sound]
'MolecularDynamics.realNormalMode' depends on axioms: [propext, Classical.choice, Quot.sound]
'MolecularDynamics.hasDerivAt_realNormalMode' depends on axioms: [propext, Classical.choice, Quot.sound]
'MolecularDynamics.realNormalMode_eq_linearExponentialFlow' depends on axioms: [propext, Classical.choice, Quot.sound]
'MolecularDynamics.mechanicalNormalMode_pair' depends on axioms: [propext, Classical.choice, Quot.sound]
'MolecularDynamics.hasDerivAt_mechanicalNormalMode' depends on axioms: [propext, Classical.choice, Quot.sound]
'MolecularDynamics.IsConstantVariationalSolution' depends on axioms: [propext, Classical.choice, Quot.sound]
'MolecularDynamics.linearExponentialFlow_isConstantVariationalSolution' depends on axioms: [propext,
 Classical.choice,
 Quot.sound]
'MolecularDynamics.constantVariationalSolution_unique' depends on axioms: [propext, Classical.choice, Quot.sound]
'MolecularDynamics.matrixExponential_zero' depends on axioms: [propext, Classical.choice, Quot.sound]
'MolecularDynamics.matrixExponential_add_of_commute' depends on axioms: [propext, Classical.choice, Quot.sound]
'MolecularDynamics.matrixExponential_neg' depends on axioms: [propext, Classical.choice, Quot.sound]
'MolecularDynamics.matrixExponentialFlow_realEigenmode' depends on axioms: [propext, Classical.choice, Quot.sound]
'MolecularDynamics.matrixExponentialFlow_diagonal' depends on axioms: [propext, Classical.choice, Quot.sound]
'MolecularDynamics.matrixExponential_conjugate' depends on axioms: [propext, Classical.choice, Quot.sound]
'MolecularDynamics.upperTriangularMatrix' depends on axioms: [propext, Classical.choice, Quot.sound]
'MolecularDynamics.upperTriangularFlow' depends on axioms: [propext, Classical.choice, Quot.sound]
'MolecularDynamics.hasDerivAt_positionPair' depends on axioms: [propext, Classical.choice, Quot.sound]
'MolecularDynamics.hasDerivAt_upperTriangularFlow' depends on axioms: [propext, Classical.choice, Quot.sound]
'MolecularDynamics.matrixExponentialFlow_upperTriangular' depends on axioms: [propext, Classical.choice, Quot.sound]
'MolecularDynamics.twoBodyCenterOfMass' depends on axioms: [propext, Classical.choice, Quot.sound]
'MolecularDynamics.twoBodySeparation' depends on axioms: [propext, Classical.choice, Quot.sound]
'MolecularDynamics.twoBodyCenterVelocity' depends on axioms: [propext, Classical.choice, Quot.sound]
'MolecularDynamics.twoBodyRelativeVelocity' depends on axioms: [propext, Classical.choice, Quot.sound]
'MolecularDynamics.twoBody_reconstruct_first' depends on axioms: [propext, Classical.choice, Quot.sound]
'MolecularDynamics.twoBody_reconstruct_second' depends on axioms: [propext, Classical.choice, Quot.sound]
'MolecularDynamics.twoBody_center_roundtrip' depends on axioms: [propext, Classical.choice, Quot.sound]
'MolecularDynamics.twoBody_separation_roundtrip' depends on axioms: [propext, Classical.choice, Quot.sound]
'MolecularDynamics.twoBody_equalMass_kinetic_decomposition' depends on axioms: [propext, Classical.choice, Quot.sound]
'MolecularDynamics.twoBodyRadialLagrangian' depends on axioms: [propext, Classical.choice, Quot.sound]
'MolecularDynamics.twoBody_equalMass_lagrangian_center_relative' depends on axioms: [propext,
 Classical.choice,
 Quot.sound]
'MolecularDynamics.eulerStep' depends on axioms: [propext, Classical.choice, Quot.sound]
'MolecularDynamics.eulerIterate' depends on axioms: [propext, Classical.choice, Quot.sound]
'MolecularDynamics.eulerIterate_zero' depends on axioms: [propext, Classical.choice, Quot.sound]
'MolecularDynamics.eulerIterate_succ' depends on axioms: [propext, Classical.choice, Quot.sound]
'MolecularDynamics.eulerIterate_zero_step' depends on axioms: [propext, Classical.choice, Quot.sound]
'MolecularDynamics.eulerMaxError' depends on axioms: [propext, Classical.choice, Quot.sound]
'MolecularDynamics.eulerMaxError_le' depends on axioms: [propext, Classical.choice, Quot.sound]
'MolecularDynamics.eulerStep_norm_sub_le' depends on axioms: [propext, Classical.choice, Quot.sound]
'MolecularDynamics.euler_localDefect_of_derivative_bound' depends on axioms: [propext, Classical.choice, Quot.sound]
'MolecularDynamics.exists_euler_trajectory_bounds' depends on axioms: [propext, Classical.choice, Quot.sound]
'MolecularDynamics.euler_convergence_on_open' depends on axioms: [propext, Classical.choice, Quot.sound]
'MolecularDynamics.theorem_2_1_euler' depends on axioms: [propext, Classical.choice, Quot.sound]
'MolecularDynamics.oneStepIterate' depends on axioms: [propext, Classical.choice, Quot.sound]
'MolecularDynamics.oneStepIterate_zero' depends on axioms: [propext, Classical.choice, Quot.sound]
'MolecularDynamics.oneStepIterate_succ' depends on axioms: [propext, Classical.choice, Quot.sound]
'MolecularDynamics.oneStepMaxError' depends on axioms: [propext, Classical.choice, Quot.sound]
'MolecularDynamics.oneStepMaxError_nonneg' depends on axioms: [propext, Classical.choice, Quot.sound]
'MolecularDynamics.oneStepMaxError_le' depends on axioms: [propext, Classical.choice, Quot.sound]
'MolecularDynamics.oneStep_error_recursion' depends on axioms: [propext, Classical.choice, Quot.sound]
'MolecularDynamics.oneStep_error_bound' depends on axioms: [propext, Classical.choice, Quot.sound]
'MolecularDynamics.oneStepMaxError_order_bound' depends on axioms: [propext, Classical.choice, Quot.sound]
'MolecularDynamics.oneStep_converges_of_consistency_stability' depends on axioms: [propext,
 Classical.choice,
 Quot.sound]
'MolecularDynamics.SymplecticCoordinates' depends on axioms: [propext, Classical.choice, Quot.sound]
'MolecularDynamics.SymplecticCoordinateMatrix' depends on axioms: [propext, Classical.choice, Quot.sound]
'MolecularDynamics.textbookJ' depends on axioms: [propext, Classical.choice, Quot.sound]
'MolecularDynamics.textbookJ_eq_neg_mathlibJ' depends on axioms: [propext, Classical.choice, Quot.sound]
'MolecularDynamics.textbookJ_transpose' depends on axioms: [propext, Classical.choice, Quot.sound]
'MolecularDynamics.textbookJ_squared' depends on axioms: [propext, Classical.choice, Quot.sound]
'MolecularDynamics.textbookDq' depends on axioms: [propext, Classical.choice, Quot.sound]
'MolecularDynamics.textbookDp' depends on axioms: [propext, Classical.choice, Quot.sound]
'MolecularDynamics.textbookDq_apply' depends on axioms: [propext, Classical.choice, Quot.sound]
'MolecularDynamics.textbookDp_apply' depends on axioms: [propext, Classical.choice, Quot.sound]
'MolecularDynamics.textbookWedgeOneForms' depends on axioms: [propext, Classical.choice, Quot.sound]
'MolecularDynamics.textbookWedgeOneForms_apply' depends on axioms: [propext, Classical.choice, Quot.sound]
'MolecularDynamics.textbookSymplecticForm' depends on axioms: [propext, Classical.choice, Quot.sound]
'MolecularDynamics.textbookSymplecticForm_coordinates' depends on axioms: [propext, Classical.choice, Quot.sound]
'MolecularDynamics.textbookSymplecticForm_eq_sum_wedges' depends on axioms: [propext, Classical.choice, Quot.sound]
'MolecularDynamics.textbookSymplecticForm_self' depends on axioms: [propext, Classical.choice, Quot.sound]
'MolecularDynamics.textbookSymplecticForm_skew' depends on axioms: [propext, Classical.choice, Quot.sound]
'MolecularDynamics.textbookSymplecticPullback' depends on axioms: [propext, Classical.choice, Quot.sound]
'MolecularDynamics.textbookSymplecticPullback_apply' depends on axioms: [propext, Classical.choice, Quot.sound]
'MolecularDynamics.textbookSymplecticPullback_matrix' depends on axioms: [propext, Classical.choice, Quot.sound]
'MolecularDynamics.IsTextbookSymplectic' depends on axioms: [propext, Classical.choice, Quot.sound]
'MolecularDynamics.isTextbookSymplectic_iff_pullback' depends on axioms: [propext, Classical.choice, Quot.sound]
'MolecularDynamics.isTextbookSymplectic_iff_preserves_form' depends on axioms: [propext, Classical.choice, Quot.sound]
'MolecularDynamics.isTextbookSymplectic_iff_mathlib' depends on axioms: [propext, Classical.choice, Quot.sound]
'MolecularDynamics.isTextbookSymplectic_one' depends on axioms: [propext, Classical.choice, Quot.sound]
'MolecularDynamics.IsTextbookSymplectic.mul' depends on axioms: [propext, Classical.choice, Quot.sound]
'MolecularDynamics.IsTextbookSymplectic.det_eq_one' depends on axioms: [propext, Classical.choice, Quot.sound]
'MolecularDynamics.IsTextbookSymplectic.det_square' depends on axioms: [propext, Classical.choice, Quot.sound]
'MolecularDynamics.IsTextbookSymplectic.abs_det' depends on axioms: [propext, Classical.choice, Quot.sound]
'MolecularDynamics.IsTextbookSymplectic.inv' depends on axioms: [propext, Classical.choice, Quot.sound]
'MolecularDynamics.IsTextbookSymplectic.inv_formula' depends on axioms: [propext, Classical.choice, Quot.sound]
'MolecularDynamics.textbookJacobian' depends on axioms: [propext, Classical.choice, Quot.sound]
'MolecularDynamics.textbookJacobian_entry' depends on axioms: [propext, Classical.choice, Quot.sound]
'MolecularDynamics.textbookJacobian_mulVec' depends on axioms: [propext, Classical.choice, Quot.sound]
'MolecularDynamics.textbookJacobian_id' depends on axioms: [propext, Classical.choice, Quot.sound]
'MolecularDynamics.textbookJacobian_comp' depends on axioms: [propext, Classical.choice, Quot.sound]
'MolecularDynamics.IsTextbookSymplecticMap' depends on axioms: [propext, Classical.choice, Quot.sound]
'MolecularDynamics.isTextbookSymplecticMap_iff_preserves_form' depends on axioms: [propext,
 Classical.choice,
 Quot.sound]
'MolecularDynamics.isTextbookSymplecticMap_id' depends on axioms: [propext, Classical.choice, Quot.sound]
'MolecularDynamics.IsTextbookSymplecticMap.comp' depends on axioms: [propext, Classical.choice, Quot.sound]
'MolecularDynamics.IsTextbookSymplecticMap.jacobian_det_eq_one' depends on axioms: [propext,
 Classical.choice,
 Quot.sound]
'MolecularDynamics.textbookJacobian_equiv_symm' depends on axioms: [propext, Classical.choice, Quot.sound]
'MolecularDynamics.IsTextbookSymplecticEquiv' depends on axioms: [propext, Classical.choice, Quot.sound]
'MolecularDynamics.isTextbookSymplecticEquiv_refl' depends on axioms: [propext, Classical.choice, Quot.sound]
'MolecularDynamics.IsTextbookSymplecticEquiv.mul' depends on axioms: [propext, Classical.choice, Quot.sound]
'MolecularDynamics.IsTextbookSymplecticEquiv.symm' depends on axioms: [propext, Classical.choice, Quot.sound]
'MolecularDynamics.textbookSymplecticDiffeomorphismGroup' depends on axioms: [propext, Classical.choice, Quot.sound]
'MolecularDynamics.textbookSymplecticDiffeomorphismGroup_mem_iff' depends on axioms: [propext,
 Classical.choice,
 Quot.sound]
'MolecularDynamics.TextbookSymplecticDiffeomorphism' depends on axioms: [propext, Classical.choice, Quot.sound]
'MolecularDynamics.textbookSymplecticDiffeomorphism_mul_apply' depends on axioms: [propext,
 Classical.choice,
 Quot.sound]
'MolecularDynamics.textbookHamiltonianHessian' depends on axioms: [propext, Classical.choice, Quot.sound]
'MolecularDynamics.textbookHamiltonianHessian_isSymm' depends on axioms: [propext, Classical.choice, Quot.sound]
'MolecularDynamics.hamiltonian_variational_matrix_cancellation' depends on axioms: [propext,
 Classical.choice,
 Quot.sound]
'MolecularDynamics.hasDerivWithinAt_hamiltonian_variational_form' depends on axioms: [propext,
 Classical.choice,
 Quot.sound]
'MolecularDynamics.hamiltonian_variational_form_constant' depends on axioms: [propext, Classical.choice, Quot.sound]
'MolecularDynamics.hamiltonian_variational_isSymplectic' depends on axioms: [propext, Classical.choice, Quot.sound]
'MolecularDynamics.hamiltonian_hessian_variational_isSymplectic' depends on axioms: [propext,
 Classical.choice,
 Quot.sound]
'MolecularDynamics.hamiltonian_flow_isSymplectic_of_variational_equation' depends on axioms: [propext,
 Classical.choice,
 Quot.sound]
'MolecularDynamics.textbookPositionProjection' depends on axioms: [propext, Classical.choice, Quot.sound]
'MolecularDynamics.textbookPotentialForce' depends on axioms: [propext, Classical.choice, Quot.sound]
'MolecularDynamics.contDiff_textbookPotentialForce' depends on axioms: [propext, Classical.choice, Quot.sound]
'MolecularDynamics.textbookPotentialForce_matrix_isSymm' depends on axioms: [propext, Classical.choice, Quot.sound]
'MolecularDynamics.textbookMomentumKick' depends on axioms: [propext, Classical.choice, Quot.sound]
'MolecularDynamics.textbookPositionDrift' depends on axioms: [propext, Classical.choice, Quot.sound]
'MolecularDynamics.textbookJacobian_momentumKick' depends on axioms: [propext, Classical.choice, Quot.sound]
'MolecularDynamics.contDiff_textbookMomentumKick' depends on axioms: [propext, Classical.choice, Quot.sound]
'MolecularDynamics.textbookJacobian_positionDrift' depends on axioms: [propext, Classical.choice, Quot.sound]
'MolecularDynamics.textbookPositionDrift_isSymplectic' depends on axioms: [propext, Classical.choice, Quot.sound]
'MolecularDynamics.textbookPotentialKick_isSymplectic' depends on axioms: [propext, Classical.choice, Quot.sound]
'MolecularDynamics.textbookSymplecticEuler' depends on axioms: [propext, Classical.choice, Quot.sound]
'MolecularDynamics.textbookSymplecticEuler_position' depends on axioms: [propext, Classical.choice, Quot.sound]
'MolecularDynamics.textbookSymplecticEuler_momentum' depends on axioms: [propext, Classical.choice, Quot.sound]
'MolecularDynamics.textbookSymplecticEuler_isSymplectic' depends on axioms: [propext, Classical.choice, Quot.sound]
'MolecularDynamics.textbookPositionProjection_momentumKick' depends on axioms: [propext, Classical.choice, Quot.sound]
'MolecularDynamics.textbookMomentumKick_neg_cancel' depends on axioms: [propext, Classical.choice, Quot.sound]
'MolecularDynamics.textbookPositionDrift_neg_cancel' depends on axioms: [propext, Classical.choice, Quot.sound]
'MolecularDynamics.textbookMomentumKickEquiv' depends on axioms: [propext, Classical.choice, Quot.sound]
'MolecularDynamics.textbookPositionDriftEquiv' depends on axioms: [propext, Classical.choice, Quot.sound]
'MolecularDynamics.textbookSymplecticEulerEquiv' depends on axioms: [propext, Classical.choice, Quot.sound]
'MolecularDynamics.textbookSymplecticEulerEquiv_apply' depends on axioms: [propext, Classical.choice, Quot.sound]
'MolecularDynamics.textbookSymplecticEulerEquiv_symm_apply' depends on axioms: [propext, Classical.choice, Quot.sound]
'MolecularDynamics.textbookSymplecticEulerEquiv_isSymplectic' depends on axioms: [propext, Classical.choice, Quot.sound]
'MolecularDynamics.textbookAdjointMethod' depends on axioms: [propext, Classical.choice, Quot.sound]
'MolecularDynamics.textbookAdjointMethod_apply_eq_iff' depends on axioms: [propext, Classical.choice, Quot.sound]
'MolecularDynamics.textbookAdjointMethod_involutive' depends on axioms: [propext, Classical.choice, Quot.sound]
'MolecularDynamics.textbookAdjointMethod_isSymplectic' depends on axioms: [propext, Classical.choice, Quot.sound]
'MolecularDynamics.textbookFlowMethod' depends on axioms: [propext, Classical.choice, Quot.sound]
'MolecularDynamics.textbookFlowMethod_isSelfAdjoint' depends on axioms: [propext, Classical.choice, Quot.sound]
'MolecularDynamics.euler_negative_step_iff_backward' depends on axioms: [propext, Classical.choice, Quot.sound]
'MolecularDynamics.euler_adjoint_iff_backward' depends on axioms: [propext, Classical.choice, Quot.sound]
'MolecularDynamics.textbookAdjointSymplecticEuler' depends on axioms: [propext, Classical.choice, Quot.sound]
'MolecularDynamics.textbookAdjointSymplecticEuler_apply' depends on axioms: [propext, Classical.choice, Quot.sound]
'MolecularDynamics.textbookAdjointSymplecticEuler_position' depends on axioms: [propext, Classical.choice, Quot.sound]
'MolecularDynamics.textbookAdjointSymplecticEuler_momentum' depends on axioms: [propext, Classical.choice, Quot.sound]
'MolecularDynamics.textbookAdjointSymplecticEuler_isSymplectic' depends on axioms: [propext,
 Classical.choice,
 Quot.sound]
'MolecularDynamics.exists_splitting_localError_bound' depends on axioms: [propext, Classical.choice, Quot.sound]
'MolecularDynamics.exists_flow_splitting_localError_bound' depends on axioms: [propext, Classical.choice, Quot.sound]
'MolecularDynamics.textbookHamiltonianVectorField' depends on axioms: [propext, Classical.choice, Quot.sound]
'MolecularDynamics.contDiffOn_textbookHamiltonianVectorField' depends on axioms: [propext, Classical.choice, Quot.sound]
'MolecularDynamics.textbookHamiltonianVectorField_add' depends on axioms: [propext, Classical.choice, Quot.sound]
'MolecularDynamics.exists_hamiltonian_splitting_localError_bound' depends on axioms: [propext,
 Classical.choice,
 Quot.sound]
'MolecularDynamics.textbookComposeMaps' depends on axioms: [propext, Classical.choice, Quot.sound]
'MolecularDynamics.textbookComposeMaps_isSymplectic' depends on axioms: [propext, Classical.choice, Quot.sound]
'MolecularDynamics.textbookComposeMethods' depends on axioms: [propext, Classical.choice, Quot.sound]
'MolecularDynamics.textbookComposeMethods_toMap' depends on axioms: [propext, Classical.choice, Quot.sound]
'MolecularDynamics.textbookAdjointMethod_comp' depends on axioms: [propext, Classical.choice, Quot.sound]
'MolecularDynamics.textbookSymmetricComposition' depends on axioms: [propext, Classical.choice, Quot.sound]
'MolecularDynamics.textbookSymmetricComposition_isSelfAdjoint' depends on axioms: [propext,
 Classical.choice,
 Quot.sound]
'MolecularDynamics.textbookComposeMethods_isSymplectic' depends on axioms: [propext, Classical.choice, Quot.sound]
'MolecularDynamics.textbookSymmetricComposition_isSymplectic' depends on axioms: [propext, Classical.choice, Quot.sound]
'MolecularDynamics.textbookConjugateMap' depends on axioms: [Quot.sound]
'MolecularDynamics.textbookConjugateMap_iterate' depends on axioms: [propext, Quot.sound]
'MolecularDynamics.textbook_conjugate_iterates' depends on axioms: [propext, Quot.sound]
'MolecularDynamics.textbook_conjugate_iterates_tendsto_iff' depends on axioms: [propext, Quot.sound]
'MolecularDynamics.textbookProcessedMethod' depends on axioms: [propext, Classical.choice, Quot.sound]
'MolecularDynamics.textbookProcessedIterate' depends on axioms: [propext, Classical.choice, Quot.sound]
'MolecularDynamics.textbookProcessedIterate_eq' depends on axioms: [propext, Classical.choice, Quot.sound]
'MolecularDynamics.textbookProcessedIterate_eq_of_conjugacy' depends on axioms: [propext, Classical.choice, Quot.sound]
'MolecularDynamics.textbookProcessedMaxError' depends on axioms: [propext, Classical.choice, Quot.sound]
'MolecularDynamics.textbookProcessedMaxError_eq_of_conjugacy' depends on axioms: [propext, Classical.choice, Quot.sound]
'MolecularDynamics.textbookLieDerivative' depends on axioms: [propext, Classical.choice, Quot.sound]
'MolecularDynamics.hasDerivWithinAt_textbookLieDerivative' depends on axioms: [propext, Classical.choice, Quot.sound]
'MolecularDynamics.hasDerivAt_textbookLieDerivative' depends on axioms: [propext, Classical.choice, Quot.sound]
'MolecularDynamics.contDiff_textbookLieDerivative' depends on axioms: [propext, Classical.choice, Quot.sound]
'MolecularDynamics.hasDerivAt_textbookLieDerivative_second' depends on axioms: [propext, Classical.choice, Quot.sound]
'MolecularDynamics.textbookLieDerivative_field_add' depends on axioms: [propext, Classical.choice, Quot.sound]
'MolecularDynamics.textbookPoissonBracket' depends on axioms: [propext, Classical.choice, Quot.sound]
'MolecularDynamics.textbookPoissonBracket_coordinates' depends on axioms: [propext, Classical.choice, Quot.sound]
'MolecularDynamics.textbookPoissonBracket_skew' depends on axioms: [propext, Classical.choice, Quot.sound]
'MolecularDynamics.textbookPoissonBracket_self' depends on axioms: [propext, Classical.choice, Quot.sound]
'MolecularDynamics.textbookPoissonBracket_linear_right' depends on axioms: [propext, Classical.choice, Quot.sound]
'MolecularDynamics.textbookPoissonBracket_jacobi' depends on axioms: [propext, Classical.choice, Quot.sound]
'MolecularDynamics.textbookLieDerivative_hamiltonian_eq_poisson' depends on axioms: [propext,
 Classical.choice,
 Quot.sound]
'MolecularDynamics.hasDerivWithinAt_textbookPoissonBracket' depends on axioms: [propext, Classical.choice, Quot.sound]
'MolecularDynamics.textbookHamiltonian_energy_const_on_Icc' depends on axioms: [propext, Classical.choice, Quot.sound]
'MolecularDynamics.textbookPoissonBracket_linear_left' depends on axioms: [propext, Classical.choice, Quot.sound]
'MolecularDynamics.textbookHamiltonianLieDerivative_add' depends on axioms: [propext, Classical.choice, Quot.sound]
'MolecularDynamics.textbookHamiltonianLieDerivative_commutator' depends on axioms: [propext,
 Classical.choice,
 Quot.sound]
'MolecularDynamics.textbookFormalOperatorExponential' depends on axioms: [propext, Classical.choice, Quot.sound]
'MolecularDynamics.textbookFormalOperatorExponential_coeff' depends on axioms: [propext, Classical.choice, Quot.sound]
'MolecularDynamics.textbookFormalOperatorProduct_coeff_zero' depends on axioms: [propext, Classical.choice, Quot.sound]
'MolecularDynamics.textbookFormalOperatorProduct_coeff_one' depends on axioms: [propext, Classical.choice, Quot.sound]
'MolecularDynamics.textbookFormalOperatorProduct_coeff_two' depends on axioms: [propext, Classical.choice, Quot.sound]
'MolecularDynamics.textbookFormalOperatorProduct_coeff_three' depends on axioms: [propext, Classical.choice, Quot.sound]
'MolecularDynamics.textbookFormalOperatorDifference_coeff_two' depends on axioms: [propext,
 Classical.choice,
 Quot.sound]
'MolecularDynamics.textbookFormalOperatorDifference_coeff_three' depends on axioms: [propext,
 Classical.choice,
 Quot.sound]
'MolecularDynamics.textbookFormalZeroConstant_power_coeff_zero' depends on axioms: [propext,
 Classical.choice,
 Quot.sound]
'MolecularDynamics.textbookFormalZeroConstantExponential' depends on axioms: [propext, Classical.choice, Quot.sound]
'MolecularDynamics.textbookFormalZeroConstantExponential_coeff_stabilizes' depends on axioms: [propext,
 Classical.choice,
 Quot.sound]
'MolecularDynamics.textbookFormalModifiedExponential' depends on axioms: [propext, Classical.choice, Quot.sound]
'MolecularDynamics.textbookFormalModifiedExponential_coeff_zero' depends on axioms: [propext,
 Classical.choice,
 Quot.sound]
'MolecularDynamics.textbookFormalModifiedExponential_coeff_one' depends on axioms: [propext,
 Classical.choice,
 Quot.sound]
'MolecularDynamics.textbookFormalModifiedExponential_coeff_two' depends on axioms: [propext,
 Classical.choice,
 Quot.sound]
'MolecularDynamics.textbookFormalModifiedExponential_matches_product' depends on axioms: [propext,
 Classical.choice,
 Quot.sound]
'MolecularDynamics.textbookTruncatedHamiltonian' depends on axioms: [propext, Classical.choice, Quot.sound]
'MolecularDynamics.contDiffOn_textbookTruncatedHamiltonian' depends on axioms: [propext, Classical.choice, Quot.sound]
'MolecularDynamics.exists_compact_C1_lipschitz_constant' depends on axioms: [propext, Classical.choice, Quot.sound]
'MolecularDynamics.exists_uniform_textbookTruncatedHamiltonian_remainder' depends on axioms: [propext,
 Classical.choice,
 Quot.sound]
'MolecularDynamics.textbookTruncatedHamiltonian_difference_isBigO' depends on axioms: [propext,
 Classical.choice,
 Quot.sound]
'MolecularDynamics.exists_uniform_textbookTruncatedHamiltonian_lipschitz' depends on axioms: [propext,
 Classical.choice,
 Quot.sound]
'MolecularDynamics.oneStep_energy_telescoping' depends on axioms: [propext, Classical.choice, Quot.sound]
'MolecularDynamics.textbook_energy_drift_le_actual_defects' depends on axioms: [propext, Classical.choice, Quot.sound]
'MolecularDynamics.energy_step_count_power_factor' depends on axioms: [propext, Classical.choice, Quot.sound]
'MolecularDynamics.textbook_energy_drift_rate_of_flow_defect' depends on axioms: [propext, Classical.choice, Quot.sound]
'MolecularDynamics.textbookConstraintGradient' depends on axioms: [propext, Classical.choice, Quot.sound]
'MolecularDynamics.contDiff_textbookConstraintGradient' depends on axioms: [propext, Classical.choice, Quot.sound]
'MolecularDynamics.textbookConstrainedMomentum' depends on axioms: [propext, Classical.choice, Quot.sound]
'MolecularDynamics.textbookCotangentChart' depends on axioms: [propext, Classical.choice, Quot.sound]
'MolecularDynamics.lemma_4_1_coordinates' depends on axioms: [propext, Classical.choice, Quot.sound]
'MolecularDynamics.lemma_4_1' depends on axioms: [propext, Classical.choice, Quot.sound]
'MolecularDynamics.textbookMultiConstrainedMomentum' depends on axioms: [propext, Classical.choice, Quot.sound]
'MolecularDynamics.differentiableAt_textbookMultiConstrainedMomentum' depends on axioms: [propext,
 Classical.choice,
 Quot.sound]
'MolecularDynamics.textbookMultiConstrainedMomentum_preserves_pullback' depends on axioms: [propext,
 Classical.choice,
 Quot.sound]
'MolecularDynamics.textbookProjectedEulerPreMomentum' depends on axioms: [propext, Classical.choice, Quot.sound]
'MolecularDynamics.textbookProjectedEulerPosition' depends on axioms: [propext, Classical.choice, Quot.sound]
'MolecularDynamics.textbookProjectedEulerChart' depends on axioms: [propext, Classical.choice, Quot.sound]
'MolecularDynamics.differentiableAt_textbookProjectedEulerPreMomentum' depends on axioms: [propext,
 Classical.choice,
 Quot.sound]
'MolecularDynamics.differentiableAt_textbookProjectedEulerPosition' depends on axioms: [propext,
 Classical.choice,
 Quot.sound]
'MolecularDynamics.textbookProjectedEulerChart_preserves_pullback' depends on axioms: [propext,
 Classical.choice,
 Quot.sound]
'MolecularDynamics.textbookConstraintJacobian' depends on axioms: [propext, Classical.choice, Quot.sound]
'MolecularDynamics.textbookConstraintJacobian_mulVec' depends on axioms: [propext, Classical.choice, Quot.sound]
'MolecularDynamics.textbookConstraintJacobian_eq_actualDerivative' depends on axioms: [propext,
 Classical.choice,
 Quot.sound]
'MolecularDynamics.textbookInverseMassMatrix' depends on axioms: [propext, Classical.choice, Quot.sound]
'MolecularDynamics.textbookConstraintGram' depends on axioms: [propext, Classical.choice, Quot.sound]
'MolecularDynamics.textbookCotangentMultiplier' depends on axioms: [propext, Classical.choice, Quot.sound]
'MolecularDynamics.textbookCotangentProjection' depends on axioms: [propext, Classical.choice, Quot.sound]
'MolecularDynamics.textbookCotangentProjection_eq_gradient_sum' depends on axioms: [propext,
 Classical.choice,
 Quot.sound]
'MolecularDynamics.textbookCotangentProjection_hiddenConstraint' depends on axioms: [propext,
 Classical.choice,
 Quot.sound]
'MolecularDynamics.textbookCotangentProjection_constraint_derivative_zero' depends on axioms: [propext,
 Classical.choice,
 Quot.sound]
'MolecularDynamics.textbookConstraintCurvature' depends on axioms: [propext, Classical.choice, Quot.sound]
'MolecularDynamics.textbookConstrainedReactionMultiplier' depends on axioms: [propext, Classical.choice, Quot.sound]
'MolecularDynamics.textbookConstrainedReaction_balance' depends on axioms: [propext, Classical.choice, Quot.sound]
'MolecularDynamics.textbookConstrainedODE_cotangent_invariant' depends on axioms: [propext,
 Classical.choice,
 Quot.sound]
'MolecularDynamics.contDiffAt_textbookConstraintJacobian' depends on axioms: [propext, Classical.choice, Quot.sound]
'MolecularDynamics.contDiffAt_textbookConstraintGram' depends on axioms: [propext, Classical.choice, Quot.sound]
'MolecularDynamics.contDiffAt_textbookCotangentMultiplier' depends on axioms: [propext, Classical.choice, Quot.sound]
'MolecularDynamics.contDiffAt_textbookCotangentProjection' depends on axioms: [propext, Classical.choice, Quot.sound]
'MolecularDynamics.textbookCotangentProjection_preserves_pullback' depends on axioms: [propext,
 Classical.choice,
 Quot.sound]
'MolecularDynamics.contDiffAt_textbookProjectedEulerPreMomentum' depends on axioms: [propext,
 Classical.choice,
 Quot.sound]
'MolecularDynamics.contDiffAt_textbookProjectedEulerPosition' depends on axioms: [propext, Classical.choice, Quot.sound]
'MolecularDynamics.textbookGramProjectedEulerChart' depends on axioms: [propext, Classical.choice, Quot.sound]
'MolecularDynamics.textbookGramProjectedEulerChart_hiddenConstraint_and_pullback' depends on axioms: [propext,
 Classical.choice,
 Quot.sound]
'MolecularDynamics.textbookConstraintJacobian_vecMul_injective' depends on axioms: [propext,
 Classical.choice,
 Quot.sound]
'MolecularDynamics.textbookInverseMassMatrix_posDef' depends on axioms: [propext, Classical.choice, Quot.sound]
'MolecularDynamics.textbookConstraintGram_posDef' depends on axioms: [propext, Classical.choice, Quot.sound]
'MolecularDynamics.textbookConstraintGram_det_pos' depends on axioms: [propext, Classical.choice, Quot.sound]
'MolecularDynamics.textbookConstraintGram_det_ne_zero' depends on axioms: [propext, Classical.choice, Quot.sound]
'MolecularDynamics.textbookCotangentProjection_hiddenConstraint_of_mass_and_independence' depends on axioms: [propext,
 Classical.choice,
 Quot.sound]
'MolecularDynamics.contDiffAt_textbookCotangentMultiplier_of_mass_and_independence' depends on axioms: [propext,
 Classical.choice,
 Quot.sound]
'MolecularDynamics.textbookConstrainedODE_cotangent_invariant_of_mass_and_independence' depends on axioms: [propext,
 Classical.choice,
 Quot.sound]
'MolecularDynamics.textbookSolutionVariation' depends on axioms: [propext, Classical.choice, Quot.sound]
'MolecularDynamics.textbookSolutionVariation_hasDerivAt' depends on axioms: [propext, Classical.choice, Quot.sound]
'MolecularDynamics.textbookHamiltonianVectorField_fderiv_mulVec' depends on axioms: [propext,
 Classical.choice,
 Quot.sound]
'MolecularDynamics.textbookHamiltonianFlowJacobian_hasDerivAt' depends on axioms: [propext,
 Classical.choice,
 Quot.sound]
'MolecularDynamics.textbookHamiltonianFlow_isSymplectic_of_jointC2' depends on axioms: [propext,
 Classical.choice,
 Quot.sound]
'MolecularDynamics.textbookHamiltonianFlowJacobian_det_eq_one_of_jointC2' depends on axioms: [propext,
 Classical.choice,
 Quot.sound]
'MolecularDynamics.textbookHamiltonianVectorField_jacobian' depends on axioms: [propext, Classical.choice, Quot.sound]
'MolecularDynamics.textbookHamiltonianVectorField_divergence_zero' depends on axioms: [propext,
 Classical.choice,
 Quot.sound]
'MolecularDynamics.textbookC1SolutionFamily_injective' depends on axioms: [propext, Classical.choice, Quot.sound]
'MolecularDynamics.textbookHamiltonianFlow_injective_of_jointC2' depends on axioms: [propext,
 Classical.choice,
 Quot.sound]
'MolecularDynamics.textbookHamiltonianFlow_measurable_image_of_jointC2' depends on axioms: [propext,
 Classical.choice,
 Quot.sound]
'MolecularDynamics.textbookHamiltonianFlow_volume_image_of_jointC2' depends on axioms: [propext,
 Classical.choice,
 Quot.sound]
'MolecularDynamics.textbookCoordinateJacobian' depends on axioms: [propext, Classical.choice, Quot.sound]
'MolecularDynamics.textbookCoordinateJacobian_entry' depends on axioms: [propext, Classical.choice, Quot.sound]
'MolecularDynamics.textbookCoordinateJacobian_mulVec' depends on axioms: [propext, Classical.choice, Quot.sound]
'MolecularDynamics.textbookMatrixDet_hasDerivAt_of_linearODE' depends on axioms: [propext, Classical.choice, Quot.sound]
'MolecularDynamics.textbookSolutionFamilyJacobian_hasDerivAt' depends on axioms: [propext, Classical.choice, Quot.sound]
'MolecularDynamics.textbookDivergenceFreeFlowJacobian_det_eq_one_of_jointC2' depends on axioms: [propext,
 Classical.choice,
 Quot.sound]
'MolecularDynamics.textbookDivergenceFreeFlow_measurable_image_of_jointC2' depends on axioms: [propext,
 Classical.choice,
 Quot.sound]
'MolecularDynamics.textbookDivergenceFreeFlow_volume_image_of_jointC2' depends on axioms: [propext,
 Classical.choice,
 Quot.sound]
'MolecularDynamics.contDiffAt_textbookConstraintGram_inverse' depends on axioms: [propext, Classical.choice, Quot.sound]
'MolecularDynamics.contDiffAt_textbookConstraintCurvature' depends on axioms: [propext, Classical.choice, Quot.sound]
'MolecularDynamics.contDiffAt_textbookConstrainedReactionMultiplier' depends on axioms: [propext,
 Classical.choice,
 Quot.sound]
'MolecularDynamics.contDiffAt_textbookConstrainedReactionMultiplier_of_mass_and_independence' depends on axioms: [propext,
 Classical.choice,
 Quot.sound]
'MolecularDynamics.textbookConstrainedPhaseVectorField' depends on axioms: [propext, Classical.choice, Quot.sound]
'MolecularDynamics.contDiffAt_textbookConstrainedPhaseVectorField' depends on axioms: [propext,
 Classical.choice,
 Quot.sound]
'MolecularDynamics.contDiffAt_textbookConstrainedPhaseVectorField_of_mass_and_independence' depends on axioms: [propext,
 Classical.choice,
 Quot.sound]
'MolecularDynamics.textbookConstrainedAcceleration_pullback_zero' depends on axioms: [propext,
 Classical.choice,
 Quot.sound]
'MolecularDynamics.textbookConstrainedFlow_pullback_constant_of_jointC2' depends on axioms: [propext,
 Classical.choice,
 Quot.sound]
'MolecularDynamics.textbookConstrainedFlow_pullback_constant_of_mass_and_independence' depends on axioms: [propext,
 Classical.choice,
 Quot.sound]
'MolecularDynamics.textbookCenteredGaussian_secondMoment' depends on axioms: [propext, Classical.choice, Quot.sound]
'MolecularDynamics.textbookCenteredGaussian_fourthMoment' depends on axioms: [propext, Classical.choice, Quot.sound]
'MolecularDynamics.textbookCenteredGaussian_square_memLp' depends on axioms: [propext, Classical.choice, Quot.sound]
'MolecularDynamics.textbookCenteredGaussian_square_variance' depends on axioms: [propext, Classical.choice, Quot.sound]
'MolecularDynamics.textbookWienerTime' depends on axioms: [propext, Classical.choice, Quot.sound]
'MolecularDynamics.textbookWienerIncrement' depends on axioms: [propext, Classical.choice, Quot.sound]
'MolecularDynamics.textbookWienerQuadraticSum' depends on axioms: [propext, Classical.choice, Quot.sound]
'MolecularDynamics.textbookWienerIncrement_hasLaw' depends on axioms: [propext, Classical.choice, Quot.sound]
'MolecularDynamics.textbookWienerIncrement_independent' depends on axioms: [propext, Classical.choice, Quot.sound]
'MolecularDynamics.textbookWienerQuadraticSum_integral' depends on axioms: [propext, Classical.choice, Quot.sound]
'MolecularDynamics.textbookWienerQuadraticSum_variance' depends on axioms: [propext, Classical.choice, Quot.sound]
'MolecularDynamics.textbookWienerQuadraticSum_meanSquareError' depends on axioms: [propext,
 Classical.choice,
 Quot.sound]
'MolecularDynamics.textbookWienerQuadraticSum_meanSquare_tendsto' depends on axioms: [propext,
 Classical.choice,
 Quot.sound]
'MolecularDynamics.textbookWienerWeightedSum' depends on axioms: [propext, Classical.choice, Quot.sound]
'MolecularDynamics.textbookWienerWeightedVariance' depends on axioms: [propext, Classical.choice, Quot.sound]
'MolecularDynamics.textbookWienerWeightedSum_hasGaussianLaw' depends on axioms: [propext, Classical.choice, Quot.sound]
'MolecularDynamics.textbookWienerWeightedSum_integral' depends on axioms: [propext, Classical.choice, Quot.sound]
'MolecularDynamics.textbookWienerWeightedSum_variance' depends on axioms: [propext, Classical.choice, Quot.sound]
'MolecularDynamics.textbookWienerWeightedSum_hasLaw' depends on axioms: [propext, Classical.choice, Quot.sound]
'MolecularDynamics.textbookWienerWeightedSum_difference_secondMoment' depends on axioms: [propext,
 Classical.choice,
 Quot.sound]
'MolecularDynamics.textbookWienerSelfItoSum' depends on axioms: [propext, Classical.choice, Quot.sound]
'MolecularDynamics.textbookWienerSelfItoSum_identity' depends on axioms: [propext, Classical.choice, Quot.sound]
'MolecularDynamics.textbookWienerSelfItoLimit_memLp' depends on axioms: [propext, Classical.choice, Quot.sound]
'MolecularDynamics.textbookWienerSelfItoSum_memLp' depends on axioms: [propext, Classical.choice, Quot.sound]
'MolecularDynamics.textbookWienerSelfItoSum_meanSquareError' depends on axioms: [propext, Classical.choice, Quot.sound]
'MolecularDynamics.textbookWienerSelfItoSum_meanSquare_tendsto' depends on axioms: [propext,
 Classical.choice,
 Quot.sound]
'MolecularDynamics.textbookWienerSelfItoIntegral_exists' depends on axioms: [propext, Classical.choice, Quot.sound]
'MolecularDynamics.textbookUniqueInvariantProbability' depends on axioms: [propext, Classical.choice, Quot.sound]
'MolecularDynamics.textbookKernelInvariant_swap' depends on axioms: [propext, Classical.choice, Quot.sound]
'MolecularDynamics.textbookKernelComposition_iterate' depends on axioms: [propext, Classical.choice, Quot.sound]
'MolecularDynamics.textbookInvariantDistributionSwap_left' depends on axioms: [propext, Classical.choice, Quot.sound]
'MolecularDynamics.textbookInvariantDistributionSwap' depends on axioms: [propext, Classical.choice, Quot.sound]
'MolecularDynamics.textbookThermostatPhase' depends on axioms: [propext, Classical.choice, Quot.sound]
'MolecularDynamics.textbookThermostatF' depends on axioms: [propext, Classical.choice, Quot.sound]
'MolecularDynamics.textbookThermostatG' depends on axioms: [propext, Classical.choice, Quot.sound]
'MolecularDynamics.textbookThermostatC' depends on axioms: [propext, Classical.choice, Quot.sound]
'MolecularDynamics.textbookThermostatD' depends on axioms: [propext, Classical.choice, Quot.sound]
'MolecularDynamics.textbookThermostatF_apply' depends on axioms: [propext, Classical.choice, Quot.sound]
'MolecularDynamics.textbookThermostatG_apply' depends on axioms: [propext, Classical.choice, Quot.sound]
'MolecularDynamics.textbookThermostatC_apply' depends on axioms: [propext, Classical.choice, Quot.sound]
'MolecularDynamics.textbookThermostatD_apply' depends on axioms: [propext, Classical.choice, Quot.sound]
'MolecularDynamics.textbookThermostatLinearField_lieBracket' depends on axioms: [propext, Classical.choice, Quot.sound]
'MolecularDynamics.textbookThermostat_lie_F_G' depends on axioms: [propext, Classical.choice, Quot.sound]
'MolecularDynamics.textbookThermostat_lie_F_C' depends on axioms: [propext, Classical.choice, Quot.sound]
'MolecularDynamics.textbookThermostat_lie_D_F' depends on axioms: [propext, Classical.choice, Quot.sound]
'MolecularDynamics.textbookThermostatLieSpan' depends on axioms: [propext, Classical.choice, Quot.sound]
'MolecularDynamics.textbookThermostatLieSpan_vectorField_closed' depends on axioms: [propext,
 Classical.choice,
 Quot.sound]
'MolecularDynamics.textbookThermostat_C_D_mem_lieSpan' depends on axioms: [propext, Classical.choice, Quot.sound]
'MolecularDynamics.textbookThermostatEigenCoordinates' depends on axioms: [propext, Classical.choice, Quot.sound]
'MolecularDynamics.textbookThermostatSpectralPhase' depends on axioms: [propext, Classical.choice, Quot.sound]
'MolecularDynamics.textbookThermostatEigenCoordinates_eq_dotProduct' depends on axioms: [propext,
 Classical.choice,
 Quot.sound]
'MolecularDynamics.textbookThermostatEigenCoordinates_intertwine' depends on axioms: [propext,
 Classical.choice,
 Quot.sound]
'MolecularDynamics.textbookThermostatEigenCoordinates_power' depends on axioms: [propext, Classical.choice, Quot.sound]
'MolecularDynamics.textbookThermostat_C_coordinates' depends on axioms: [propext, Classical.choice, Quot.sound]
'MolecularDynamics.textbookThermostat_D_coordinates' depends on axioms: [propext, Classical.choice, Quot.sound]
'MolecularDynamics.textbookThermostatModeDomain' depends on axioms: [propext, Classical.choice, Quot.sound]
'MolecularDynamics.textbookThermostatModeDomain_isOpen' depends on axioms: [propext, Classical.choice, Quot.sound]
'MolecularDynamics.textbookThermostatModal_coefficients_eq_zero' depends on axioms: [propext,
 Classical.choice,
 Quot.sound]
'MolecularDynamics.textbookThermostatFamily' depends on axioms: [propext, Classical.choice, Quot.sound]
'MolecularDynamics.textbookThermostatFamily_linearIndependent' depends on axioms: [propext,
 Classical.choice,
 Quot.sound]
'MolecularDynamics.textbookThermostatFamily_span_eq_top' depends on axioms: [propext, Classical.choice, Quot.sound]
'MolecularDynamics.textbookThermostatLieSpan_pointwise_span_eq_top' depends on axioms: [propext,
 Classical.choice,
 Quot.sound]
'MolecularDynamics.textbookIteratedBracket' depends on axioms: [propext, Classical.choice, Quot.sound]
'MolecularDynamics.textbookIteratedBracket_contDiff' depends on axioms: [propext, Classical.choice, Quot.sound]
'MolecularDynamics.textbookBracketPointSpan' depends on axioms: [propext, Classical.choice, Quot.sound]
'MolecularDynamics.textbookHormanderAt' depends on axioms: [propext, Classical.choice, Quot.sound]
'MolecularDynamics.textbookSmoothBracketModule' depends on axioms: [propext, Classical.choice, Quot.sound]
'MolecularDynamics.textbookSmoothBracketModule_generator_mem' depends on axioms: [propext, Classical.choice, Quot.sound]
'MolecularDynamics.textbookSmoothBracketModule_contDiff' depends on axioms: [propext, Classical.choice, Quot.sound]
'MolecularDynamics.textbookSmoothBracketModule_smooth_smul_mem' depends on axioms: [propext,
 Classical.choice,
 Quot.sound]
'MolecularDynamics.textbookSmoothBracketModule_eval_mem' depends on axioms: [propext, Classical.choice, Quot.sound]
'MolecularDynamics.textbookSmoothBracketModule_bracket_mem' depends on axioms: [propext, Classical.choice, Quot.sound]
'MolecularDynamics.textbookThermostatLift' depends on axioms: [propext, Classical.choice, Quot.sound]
'MolecularDynamics.textbookThermostatDrift' depends on axioms: [propext, Classical.choice, Quot.sound]
'MolecularDynamics.textbookThermostatNoise' depends on axioms: [propext, Classical.choice, Quot.sound]
'MolecularDynamics.textbookThermostatSeed' depends on axioms: [propext, Classical.choice, Quot.sound]
'MolecularDynamics.textbookThermostatSeed_contDiff' depends on axioms: [propext, Classical.choice, Quot.sound]
'MolecularDynamics.textbookThermostatLift_lieBracket' depends on axioms: [propext, Classical.choice, Quot.sound]
'MolecularDynamics.textbookThermostatDrift_noise_bracket' depends on axioms: [propext, Classical.choice, Quot.sound]
'MolecularDynamics.textbookThermostatLift_mem_module' depends on axioms: [propext, Classical.choice, Quot.sound]
'MolecularDynamics.textbookThermostatLift_iterated_mem_module' depends on axioms: [propext,
 Classical.choice,
 Quot.sound]
'MolecularDynamics.textbookThermostatHormanderLift' depends on axioms: [propext, Classical.choice, Quot.sound]
'MolecularDynamics.textbookThermostatPhysical_hormander' depends on axioms: [propext, Classical.choice, Quot.sound]
'MolecularDynamics.textbookNHLFeedback' depends on axioms: [propext, Classical.choice, Quot.sound]
'MolecularDynamics.textbookNHLFeedback_contDiff' depends on axioms: [propext, Classical.choice, Quot.sound]
'MolecularDynamics.textbookNHLDrift' depends on axioms: [propext, Classical.choice, Quot.sound]
'MolecularDynamics.textbookNHL_domain_isOpen' depends on axioms: [propext, Classical.choice, Quot.sound]
'MolecularDynamics.textbookNHLSeed_contDiff' depends on axioms: [propext, Classical.choice, Quot.sound]
'MolecularDynamics.textbookNHLDrift_apply' depends on axioms: [propext, Classical.choice, Quot.sound]
'MolecularDynamics.textbookNHL_hormander' depends on axioms: [propext, Classical.choice, Quot.sound]
'MolecularDynamics.textbookNHL_hormander_physicalNoise' depends on axioms: [propext, Classical.choice, Quot.sound]
'MolecularDynamics.textbookIteratedBracket.seed' depends on axioms: [propext, Classical.choice, Quot.sound]
'MolecularDynamics.textbookIteratedBracket.bracket' depends on axioms: [propext, Classical.choice, Quot.sound]
'MolecularDynamics.textbookIteratedBracket.rec' depends on axioms: [propext, Classical.choice, Quot.sound]
'MolecularDynamics.textbookNHLZeroMode' depends on axioms: [propext, Classical.choice, Quot.sound]
'MolecularDynamics.textbookThermostatModeDomain_eq_compl_zeroModes' depends on axioms: [propext,
 Classical.choice,
 Quot.sound]
'MolecularDynamics.textbookNHL_zeroMode_invariant' depends on axioms: [propext, Classical.choice, Quot.sound]
'MolecularDynamics.textbookWienerMidpointSum' depends on axioms: [propext, Classical.choice, Quot.sound]
'MolecularDynamics.textbookWienerMidpointCorrection' depends on axioms: [propext, Classical.choice, Quot.sound]
'MolecularDynamics.textbookWienerMidpointCorrection_memLp' depends on axioms: [propext, Classical.choice, Quot.sound]
'MolecularDynamics.textbookWienerMidpointCorrection_integral' depends on axioms: [propext, Classical.choice, Quot.sound]
'MolecularDynamics.textbookWienerMidpointCorrection_variance' depends on axioms: [propext, Classical.choice, Quot.sound]
'MolecularDynamics.textbookWienerMidpointSum_identity' depends on axioms: [propext, Classical.choice, Quot.sound]
'MolecularDynamics.textbookWienerMidpointLimit_memLp' depends on axioms: [propext, Classical.choice, Quot.sound]
'MolecularDynamics.textbookWienerMidpointSum_memLp' depends on axioms: [propext, Classical.choice, Quot.sound]
'MolecularDynamics.textbookWienerMidpointSum_meanSquareError' depends on axioms: [propext, Classical.choice, Quot.sound]
'MolecularDynamics.textbookWienerMidpointSum_meanSquare_tendsto' depends on axioms: [propext,
 Classical.choice,
 Quot.sound]
'MolecularDynamics.textbookWienerSelfStratonovichIntegral_exists' depends on axioms: [propext,
 Classical.choice,
 Quot.sound]
'MolecularDynamics.textbookWienerWeightedSum_refine' depends on axioms: [propext, Classical.choice, Quot.sound]
'MolecularDynamics.textbookWienerWeightedSum_twoGrid_secondMoment' depends on axioms: [propext,
 Classical.choice,
 Quot.sound]
'MolecularDynamics.textbookWienerDeterministicSum' depends on axioms: [propext, Classical.choice, Quot.sound]
'MolecularDynamics.textbookWienerDeterministicSum_memLp' depends on axioms: [propext, Classical.choice, Quot.sound]
'MolecularDynamics.textbookWienerTime_mem_Icc' depends on axioms: [propext, Classical.choice, Quot.sound]
'MolecularDynamics.textbookWienerDeterministicSum_twoGrid_meanSquare_le' depends on axioms: [propext,
 Classical.choice,
 Quot.sound]
'MolecularDynamics.textbookWienerDeterministicLp' depends on axioms: [propext, Classical.choice, Quot.sound]
'MolecularDynamics.textbookWienerDeterministicLp_dist_le' depends on axioms: [propext, Classical.choice, Quot.sound]
'MolecularDynamics.textbookWienerDeterministicLp_cauchySeq' depends on axioms: [propext, Classical.choice, Quot.sound]
'MolecularDynamics.textbookWienerDeterministicIntegral_exists_of_lipschitz' depends on axioms: [propext,
 Classical.choice,
 Quot.sound]
'MolecularDynamics.textbookWienerDeterministicIntegral_exists' depends on axioms: [propext,
 Classical.choice,
 Quot.sound]
'MolecularDynamics.textbookWienerDeterministicVariance' depends on axioms: [propext, Classical.choice, Quot.sound]
'MolecularDynamics.textbookWienerDeterministicVariance_coe' depends on axioms: [propext, Classical.choice, Quot.sound]
'MolecularDynamics.textbookWienerDeterministicFiniteVariance_tendsto' depends on axioms: [propext,
 Classical.choice,
 Quot.sound]
'MolecularDynamics.textbookWienerDeterministicIntegral_hasLaw' depends on axioms: [propext,
 Classical.choice,
 Quot.sound]
'MolecularDynamics.textbookWienerDeterministicIto_proposition63' depends on axioms: [propext,
 Classical.choice,
 Quot.sound]
'MolecularDynamics.textbookDivergence' depends on axioms: [propext, Classical.choice, Quot.sound]
'MolecularDynamics.textbookLiouvilleStationary' depends on axioms: [propext, Classical.choice, Quot.sound]
'MolecularDynamics.textbookDivergence_density' depends on axioms: [propext, Classical.choice, Quot.sound]
'MolecularDynamics.textbookDivergence_add' depends on axioms: [propext, Classical.choice, Quot.sound]
'MolecularDynamics.textbookDivergence_sub' depends on axioms: [propext, Classical.choice, Quot.sound]
'MolecularDynamics.textbookDivergence_const_smul' depends on axioms: [propext, Classical.choice, Quot.sound]
'MolecularDynamics.textbookDivergence_prod' depends on axioms: [propext, Classical.choice, Quot.sound]
'MolecularDynamics.textbookDivergence_conjugate' depends on axioms: [propext, Classical.choice, Quot.sound]
'MolecularDynamics.textbookLiouvilleStationary_lift_idle' depends on axioms: [propext, Classical.choice, Quot.sound]
'MolecularDynamics.textbookLiouvilleStationary_conjugate' depends on axioms: [propext, Classical.choice, Quot.sound]
'MolecularDynamics.textbookLiouvilleStationary_add_sub' depends on axioms: [propext, Classical.choice, Quot.sound]
'MolecularDynamics.textbookLiouvilleStationary_const_mul' depends on axioms: [propext, Classical.choice, Quot.sound]
'MolecularDynamics.textbookHamiltonianGibbsWeight' depends on axioms: [propext, Classical.choice, Quot.sound]
'MolecularDynamics.textbookHamiltonianGibbsWeight_pos' depends on axioms: [propext, Classical.choice, Quot.sound]
'MolecularDynamics.textbookHamiltonianGibbsWeight_stationary' depends on axioms: [propext, Classical.choice, Quot.sound]
'MolecularDynamics.textbookHamiltonianGibbsDensity' depends on axioms: [propext, Classical.choice, Quot.sound]
'MolecularDynamics.textbookHamiltonianGibbsDensity_stationary' depends on axioms: [propext,
 Classical.choice,
 Quot.sound]
'MolecularDynamics.textbookHamiltonianGibbsDensity_pos' depends on axioms: [propext, Classical.choice, Quot.sound]
'MolecularDynamics.textbookSingleThermostatField' depends on axioms: [propext, Classical.choice, Quot.sound]
'MolecularDynamics.textbookCombinedThermostatField' depends on axioms: [propext, Classical.choice, Quot.sound]
'MolecularDynamics.textbookThermostatProductDensity' depends on axioms: [propext, Classical.choice, Quot.sound]
'MolecularDynamics.textbookThermostatProductDensity_stationary' depends on axioms: [propext,
 Classical.choice,
 Quot.sound]
'MolecularDynamics.textbookThermostatProductDensity_nonneg' depends on axioms: [propext, Classical.choice, Quot.sound]
'MolecularDynamics.textbookThermostats_additive_proposition81' depends on axioms: [propext,
 Classical.choice,
 Quot.sound]
'MolecularDynamics.textbookStationaryDensityFlow_weightedJacobian' depends on axioms: [propext,
 Classical.choice,
 Quot.sound]
'MolecularDynamics.textbookStationaryDensityFlow_abs_weightedJacobian' depends on axioms: [propext,
 Classical.choice,
 Quot.sound]
'MolecularDynamics.textbookDensityMeasure' depends on axioms: [propext, Classical.choice, Quot.sound]
'MolecularDynamics.textbookStationaryDensityFlow_measure_image' depends on axioms: [propext,
 Classical.choice,
 Quot.sound]
'MolecularDynamics.textbookStationaryDensityFlow_measure_map' depends on axioms: [propext, Classical.choice, Quot.sound]
'MolecularDynamics.textbookThermostatProductDensity_measure_eq_prod' depends on axioms: [propext,
 Classical.choice,
 Quot.sound]
'MolecularDynamics.textbookThermostatProductDensity_probability' depends on axioms: [propext,
 Classical.choice,
 Quot.sound]
'MolecularDynamics.textbookThermostats_additive_invariant_probability' depends on axioms: [propext,
 Classical.choice,
 Quot.sound]
'MolecularDynamics.textbookFormalOperatorLogarithm' depends on axioms: [propext, Classical.choice, Quot.sound]
'MolecularDynamics.textbookFormalOperatorLogarithm_coeff_stabilizes' depends on axioms: [propext,
 Classical.choice,
 Quot.sound]
'MolecularDynamics.textbookFormalOperatorLogarithm_coeff_one' depends on axioms: [propext, Classical.choice, Quot.sound]
'MolecularDynamics.textbookFormalOperatorLogarithm_coeff_two' depends on axioms: [propext, Classical.choice, Quot.sound]
'MolecularDynamics.textbookFormalOperatorLogarithm_coeff_three' depends on axioms: [propext,
 Classical.choice,
 Quot.sound]
'MolecularDynamics.textbookFormalOperatorLogarithm_coeff_four' depends on axioms: [propext,
 Classical.choice,
 Quot.sound]
'MolecularDynamics.textbookSymmetricOperatorComposition' depends on axioms: [propext, Classical.choice, Quot.sound]
'MolecularDynamics.textbookOperatorCommutator' does not depend on any axioms
'MolecularDynamics.textbookSymmetricOperatorCorrection' depends on axioms: [propext, Classical.choice, Quot.sound]
'MolecularDynamics.textbookSymmetricOperatorComposition_coeff_zero' depends on axioms: [propext,
 Classical.choice,
 Quot.sound]
'MolecularDynamics.textbookSymmetricOperatorComposition_coeff_one' depends on axioms: [propext,
 Classical.choice,
 Quot.sound]
'MolecularDynamics.textbookSymmetricOperatorComposition_coeff_two' depends on axioms: [propext,
 Classical.choice,
 Quot.sound]
'MolecularDynamics.textbookSymmetricOperatorComposition_coeff_three' depends on axioms: [propext,
 Classical.choice,
 Quot.sound]
'MolecularDynamics.textbookSymmetricOperatorComposition_coeff_four' depends on axioms: [propext,
 Classical.choice,
 Quot.sound]
'MolecularDynamics.textbookSymmetricModifiedGenerator' depends on axioms: [propext, Classical.choice, Quot.sound]
'MolecularDynamics.textbookSymmetricModifiedGenerator_coeff_zero' depends on axioms: [propext,
 Classical.choice,
 Quot.sound]
'MolecularDynamics.textbookSymmetricModifiedGenerator_coeff_one' depends on axioms: [propext,
 Classical.choice,
 Quot.sound]
'MolecularDynamics.textbookSymmetricModifiedGenerator_coeff_two' depends on axioms: [propext,
 Classical.choice,
 Quot.sound]
'MolecularDynamics.textbookSymmetricModifiedGenerator_coeff_three' depends on axioms: [propext,
 Classical.choice,
 Quot.sound]
'MolecularDynamics.textbookSymmetricModifiedGenerator_formal_proposition71' depends on axioms: [propext,
 Classical.choice,
 Quot.sound]
'MolecularDynamics.textbookFormalLogarithmExponential' depends on axioms: [propext, Classical.choice, Quot.sound]
'MolecularDynamics.textbookFormalLogarithmExponential_coeff_matches' depends on axioms: [propext,
 Classical.choice,
 Quot.sound]
'MolecularDynamics.textbookSymmetricModifiedGenerator_logarithm' depends on axioms: [propext,
 Classical.choice,
 Quot.sound]
'MolecularDynamics.textbookSymmetricGeneratorExponential' depends on axioms: [propext, Classical.choice, Quot.sound]
'MolecularDynamics.textbookSymmetricGeneratorExponential_coeff_matches' depends on axioms: [propext,
 Classical.choice,
 Quot.sound]
'MolecularDynamics.textbookFormalOperatorCalculus' depends on axioms: [propext, Classical.choice, Quot.sound]
'MolecularDynamics.textbookFormalOperatorCalculusHom' depends on axioms: [propext, Classical.choice, Quot.sound]
'MolecularDynamics.textbookFormalOperatorCalculus_subst' depends on axioms: [propext, Classical.choice, Quot.sound]
'MolecularDynamics.textbookFormalOperatorCalculus_exp' depends on axioms: [propext, Classical.choice, Quot.sound]
'MolecularDynamics.textbookFormalOperatorCalculus_log' depends on axioms: [propext, Classical.choice, Quot.sound]
'MolecularDynamics.textbookFormalLogarithmExponential_eq' depends on axioms: [propext, Classical.choice, Quot.sound]
'MolecularDynamics.textbookFormalOperatorLogarithm_exp' depends on axioms: [propext, Classical.choice, Quot.sound]
'MolecularDynamics.textbookSymmetricGeneratorExponential_eq' depends on axioms: [propext, Classical.choice, Quot.sound]
'MolecularDynamics.textbookFormalOperatorTimeNeg' depends on axioms: [propext, Classical.choice, Quot.sound]
'MolecularDynamics.textbookFormalZeroConstantExponential_mul_neg' depends on axioms: [propext,
 Classical.choice,
 Quot.sound]
'MolecularDynamics.textbookFormalOperatorExponential_mul_neg' depends on axioms: [propext, Classical.choice, Quot.sound]
'MolecularDynamics.textbookSymmetricOperatorComposition_inverse' depends on axioms: [propext,
 Classical.choice,
 Quot.sound]
'MolecularDynamics.textbookSymmetricOperatorLogarithm_timeNeg' depends on axioms: [propext,
 Classical.choice,
 Quot.sound]
'MolecularDynamics.textbookSymmetricModifiedGenerator_odd_coeff_zero' depends on axioms: [propext,
 Classical.choice,
 Quot.sound]
'MolecularDynamics.textbookLangevinPhase' depends on axioms: [propext, Classical.choice, Quot.sound]
'MolecularDynamics.textbookLangevinDrift' depends on axioms: [propext, Classical.choice, Quot.sound]
'MolecularDynamics.textbookLangevinNoise' depends on axioms: [propext, Classical.choice, Quot.sound]
'MolecularDynamics.textbookLangevinSeed' depends on axioms: [propext, Classical.choice, Quot.sound]
'MolecularDynamics.textbookLangevinForce_contDiff' depends on axioms: [propext, Classical.choice, Quot.sound]
'MolecularDynamics.textbookLangevinSeed_contDiff' depends on axioms: [propext, Classical.choice, Quot.sound]
'MolecularDynamics.textbookLangevinDrift_noise_bracket' depends on axioms: [propext, Classical.choice, Quot.sound]
'MolecularDynamics.textbookLangevinBracketFamily' depends on axioms: [propext, Classical.choice, Quot.sound]
'MolecularDynamics.textbookLangevinBracketFamily_linearIndependent' depends on axioms: [propext,
 Classical.choice,
 Quot.sound]
'MolecularDynamics.textbookLangevin_hormander' depends on axioms: [propext, Classical.choice, Quot.sound]
'MolecularDynamics.textbookLangevin_hormander_physicalNoise' depends on axioms: [propext, Classical.choice, Quot.sound]
'MolecularDynamics.textbookLangevinControlPosition' depends on axioms: [propext, Classical.choice, Quot.sound]
'MolecularDynamics.textbookLangevinControlMomentum' depends on axioms: [propext, Classical.choice, Quot.sound]
'MolecularDynamics.textbookLangevinControlRate' depends on axioms: [propext, Classical.choice, Quot.sound]
'MolecularDynamics.textbookLangevinControlPath' depends on axioms: [propext, Classical.choice, Quot.sound]
'MolecularDynamics.textbookLangevinControlPosition_hasDerivAt' depends on axioms: [propext,
 Classical.choice,
 Quot.sound]
'MolecularDynamics.textbookLangevinControl_endpoints' depends on axioms: [propext, Classical.choice, Quot.sound]
'MolecularDynamics.textbookLangevinControlPath_hasDerivAt' depends on axioms: [propext, Classical.choice, Quot.sound]
'MolecularDynamics.textbookLangevinControlPath_contDiff' depends on axioms: [propext, Classical.choice, Quot.sound]
'MolecularDynamics.textbookLangevinControlMomentum_hasDerivAt' depends on axioms: [propext,
 Classical.choice,
 Quot.sound]
'MolecularDynamics.textbookLangevinControlledEndpoint' depends on axioms: [propext, Classical.choice, Quot.sound]
'MolecularDynamics.textbookLangevinIntegralSolution' depends on axioms: [propext, Classical.choice, Quot.sound]
'MolecularDynamics.textbookLangevinNoiseCompensated' depends on axioms: [propext, Classical.choice, Quot.sound]
'MolecularDynamics.textbookLangevinDrivenField' depends on axioms: [propext, Classical.choice, Quot.sound]
'MolecularDynamics.textbookLangevinNoiseCompensated_continuousOn' depends on axioms: [propext,
 Classical.choice,
 Quot.sound]
'MolecularDynamics.textbookLangevinNoiseCompensated_hasDerivWithinAt' depends on axioms: [propext,
 Classical.choice,
 Quot.sound]
'MolecularDynamics.textbookLangevinNoiseCompensated_initial' depends on axioms: [propext, Classical.choice, Quot.sound]
'MolecularDynamics.textbookLangevinControl_integralSolution' depends on axioms: [propext, Classical.choice, Quot.sound]
'MolecularDynamics.textbookLangevinNoiseCompensated_dist_le' depends on axioms: [propext, Classical.choice, Quot.sound]
'MolecularDynamics.textbookLangevinNoise_phase_dist_le' depends on axioms: [propext, Classical.choice, Quot.sound]
'MolecularDynamics.textbookLangevinControlledEndpoint_stable_globalLip' depends on axioms: [propext,
 Classical.choice,
 Quot.sound]
'MolecularDynamics.textbookLangevinSmoothCutoff' depends on axioms: [propext, Classical.choice, Quot.sound]
'MolecularDynamics.textbookLangevinSmoothCutoff_contDiff' depends on axioms: [propext, Classical.choice, Quot.sound]
'MolecularDynamics.textbookLangevinSmoothCutoff_hasCompactSupport' depends on axioms: [propext,
 Classical.choice,
 Quot.sound]
'MolecularDynamics.textbookLangevinSmoothCutoff_eq' depends on axioms: [propext, Classical.choice, Quot.sound]
'MolecularDynamics.textbookLangevinSmoothCutoff_force_eq' depends on axioms: [propext, Classical.choice, Quot.sound]
'MolecularDynamics.textbookPotentialForce_hasCompactSupport' depends on axioms: [propext, Classical.choice, Quot.sound]
'MolecularDynamics.textbookLangevinSmoothCutoff_force_lipschitz' depends on axioms: [propext,
 Classical.choice,
 Quot.sound]
'MolecularDynamics.textbookContinuous_firstExit' depends on axioms: [propext, Classical.choice, Quot.sound]
'MolecularDynamics.textbookLangevinIntegralSolution_changePotential' depends on axioms: [propext,
 Classical.choice,
 Quot.sound]
'MolecularDynamics.textbookLangevinControlledEndpoint_stable' depends on axioms: [propext, Classical.choice, Quot.sound]
'MolecularDynamics.textbookBrownianBridge' depends on axioms: [propext, Classical.choice, Quot.sound]
'MolecularDynamics.textbookBrownianBridge_terminal' depends on axioms: [propext, Classical.choice, Quot.sound]
'MolecularDynamics.textbookBrownianBridge_jointGaussian' depends on axioms: [propext, Classical.choice, Quot.sound]
'MolecularDynamics.textbookBrownianBridge_covariance_terminal' depends on axioms: [propext,
 Classical.choice,
 Quot.sound]
'MolecularDynamics.textbookBrownianBridge_indep_terminal' depends on axioms: [propext, Classical.choice, Quot.sound]
'MolecularDynamics.textbookBrownianBridge_continuous' depends on axioms: [propext, Classical.choice, Quot.sound]
'MolecularDynamics.textbookBrownian_endpoint_ball_pos' depends on axioms: [propext, Classical.choice, Quot.sound]
'MolecularDynamics.textbookBrownianBridgeSampleTube' depends on axioms: [propext, Classical.choice, Quot.sound]
'MolecularDynamics.textbookBrownianBridgeSampleTube_nullMeasurable' depends on axioms: [propext,
 Classical.choice,
 Quot.sound]
'MolecularDynamics.textbookBrownianBridgeSampleTube_short_pos' depends on axioms: [propext,
 Classical.choice,
 Quot.sound]
'MolecularDynamics.textbookBrownianBridgeSampleTube_exists_pos' depends on axioms: [propext,
 Classical.choice,
 Quot.sound]
'MolecularDynamics.textbookBrownianBridgeSampleTube_ae_full' depends on axioms: [propext, Classical.choice, Quot.sound]
'MolecularDynamics.textbookBrownianBridgeSampleTube_inter_ball' depends on axioms: [propext,
 Classical.choice,
 Quot.sound]
'MolecularDynamics.textbookBrownianBridgeSampleTube_short_joint_pos' depends on axioms: [propext,
 Classical.choice,
 Quot.sound]
'MolecularDynamics.textbookWienerLinearTube' depends on axioms: [propext, Classical.choice, Quot.sound]
'MolecularDynamics.textbookWienerLinearTube_nullMeasurable' depends on axioms: [propext, Classical.choice, Quot.sound]
'MolecularDynamics.textbookWienerLinearTube_short_pos' depends on axioms: [propext, Classical.choice, Quot.sound]
'MolecularDynamics.textbookWienerSamples_finiteLaw' depends on axioms: [propext, Classical.choice, Quot.sound]
'MolecularDynamics.textbookWienerSamples_law_eq' depends on axioms: [propext, Classical.choice, Quot.sound]
'MolecularDynamics.textbookWienerLinearTube_ae_samples' depends on axioms: [propext, Classical.choice, Quot.sound]
'MolecularDynamics.textbookWienerLinearTube_measure_eq' depends on axioms: [propext, Classical.choice, Quot.sound]
'MolecularDynamics.textbookWienerLinearTube_shift_short_pos' depends on axioms: [propext, Classical.choice, Quot.sound]
'MolecularDynamics.textbookWienerSegment' depends on axioms: [propext, Classical.choice, Quot.sound]
'MolecularDynamics.textbookWienerSegments_jointGaussian' depends on axioms: [propext, Classical.choice, Quot.sound]
'MolecularDynamics.textbookWienerSegments_independent' depends on axioms: [propext, Classical.choice, Quot.sound]
'MolecularDynamics.textbookBrownianBridgeJointTube_measure_eq' depends on axioms: [propext,
 Classical.choice,
 Quot.sound]
'MolecularDynamics.textbookBrownianBridgeJointTube_shift_short_pos' depends on axioms: [propext,
 Classical.choice,
 Quot.sound]
'MolecularDynamics.textbookWienerSegmentJointEvent' depends on axioms: [propext, Classical.choice, Quot.sound]
'MolecularDynamics.textbookWienerSegmentJointEvent_nullMeasurable' depends on axioms: [propext,
 Classical.choice,
 Quot.sound]
'MolecularDynamics.textbookWienerSegmentJointEvent_measure_prod' depends on axioms: [propext,
 Classical.choice,
 Quot.sound]
'MolecularDynamics.textbookWienerSegmentJointEvent_short_pos' depends on axioms: [propext, Classical.choice, Quot.sound]
'MolecularDynamics.textbookWienerUniformGrid_cell' depends on axioms: [propext, Classical.choice, Quot.sound]
'MolecularDynamics.textbookWienerEndpointError_telescope' depends on axioms: [propext, Classical.choice, Quot.sound]
'MolecularDynamics.textbookWienerUniformGrid_exists' depends on axioms: [propext, Classical.choice, Quot.sound]
'MolecularDynamics.textbookWienerEndpointError_bound' depends on axioms: [propext, Classical.choice, Quot.sound]
'MolecularDynamics.textbookWienerGridTube_bound' depends on axioms: [propext, Classical.choice, Quot.sound]
'MolecularDynamics.textbookWienerControlTube' depends on axioms: [propext, Classical.choice, Quot.sound]
'MolecularDynamics.textbookWienerControlTube_ae_samples' depends on axioms: [propext, Classical.choice, Quot.sound]
'MolecularDynamics.textbookWienerControlTube_nullMeasurable' depends on axioms: [propext, Classical.choice, Quot.sound]
'MolecularDynamics.textbookWienerControlTube_pos' depends on axioms: [propext, Classical.choice, Quot.sound]
'MolecularDynamics.textbookIsWienerVector' depends on axioms: [propext, Classical.choice, Quot.sound]
'MolecularDynamics.textbookWienerVector_coordinate' depends on axioms: [propext, Classical.choice, Quot.sound]
'MolecularDynamics.textbookWienerVector_coordinates_independent' depends on axioms: [propext,
 Classical.choice,
 Quot.sound]
'MolecularDynamics.textbookWienerVector_zero_ae' depends on axioms: [propext, Classical.choice, Quot.sound]
'MolecularDynamics.textbookWienerVectorControlTube' depends on axioms: [propext, Classical.choice, Quot.sound]
'MolecularDynamics.textbookWienerVectorControlTube_eq_iInter' depends on axioms: [propext, Classical.choice, Quot.sound]
'MolecularDynamics.textbookWienerVectorControlTube_nullMeasurable' depends on axioms: [propext,
 Classical.choice,
 Quot.sound]
'MolecularDynamics.textbookWienerVectorControlTube_measure_prod' depends on axioms: [propext,
 Classical.choice,
 Quot.sound]
'MolecularDynamics.textbookWienerVectorControlTube_pos' depends on axioms: [propext, Classical.choice, Quot.sound]
'MolecularDynamics.textbookWienerVectorRealControlTube' depends on axioms: [propext, Classical.choice, Quot.sound]
'MolecularDynamics.textbookWienerVectorRealControlTube_eq' depends on axioms: [propext, Classical.choice, Quot.sound]
'MolecularDynamics.textbookWienerVectorRealControlTube_nullMeasurable' depends on axioms: [propext,
 Classical.choice,
 Quot.sound]
'MolecularDynamics.textbookWienerVectorRealControlTube_pos' depends on axioms: [propext, Classical.choice, Quot.sound]
'MolecularDynamics.textbookLangevinEndpoint_ball_pos' depends on axioms: [propext, Classical.choice, Quot.sound]
'MolecularDynamics.textbookLangevinEndpoint_open_pos' depends on axioms: [propext, Classical.choice, Quot.sound]
'MolecularDynamics.textbookLangevinEndpoint_physicalNoise_open_pos' depends on axioms: [propext,
 Classical.choice,
 Quot.sound]
'MolecularDynamics.textbookLangevinPeriodicPhase' depends on axioms: [propext, Classical.choice, Quot.sound]
'MolecularDynamics.textbookLangevinPeriodicProjection' depends on axioms: [propext, Classical.choice, Quot.sound]
'MolecularDynamics.textbookLangevinPeriodicProjection_continuous' depends on axioms: [propext,
 Classical.choice,
 Quot.sound]
'MolecularDynamics.textbookLangevinPeriodicProjection_surjective' depends on axioms: [propext,
 Classical.choice,
 Quot.sound]
'MolecularDynamics.textbookLangevinPeriodicProjection_open_preimage' depends on axioms: [propext,
 Classical.choice,
 Quot.sound]
'MolecularDynamics.textbookLangevinProjectedEndpoint_open_pos' depends on axioms: [propext,
 Classical.choice,
 Quot.sound]
'MolecularDynamics.textbookLangevinProjectedEndpoint_physicalNoise_open_pos' depends on axioms: [propext,
 Classical.choice,
 Quot.sound]
'MolecularDynamics.textbookUnitPeriodicPotential' depends on axioms: [propext, Classical.choice, Quot.sound]
'MolecularDynamics.textbookUnitPeriodicPotential_fderiv' depends on axioms: [propext, Classical.choice, Quot.sound]
'MolecularDynamics.textbookUnitPeriodicPotential_force' depends on axioms: [propext, Classical.choice, Quot.sound]
'MolecularDynamics.textbookUnitPeriodicPotential_force_fderiv' depends on axioms: [propext,
 Classical.choice,
 Quot.sound]
'MolecularDynamics.textbookUnitPeriodicPotential_force_bound' depends on axioms: [propext, Classical.choice, Quot.sound]
'MolecularDynamics.textbookUnitPeriodicPotential_force_derivative_bound' depends on axioms: [propext,
 Classical.choice,
 Quot.sound]
'MolecularDynamics.textbookUnitPeriodicPotential_force_lipschitz' depends on axioms: [propext,
 Classical.choice,
 Quot.sound]
'MolecularDynamics.textbookLangevinPeriodicRepresentative' depends on axioms: [propext, Classical.choice, Quot.sound]
'MolecularDynamics.textbookLangevinPeriodicRepresentative_projects' depends on axioms: [propext,
 Classical.choice,
 Quot.sound]
'MolecularDynamics.textbookLangevinPeriodicForce' depends on axioms: [propext, Classical.choice, Quot.sound]
'MolecularDynamics.textbookLangevinPeriodicForce_lift' depends on axioms: [propext, Classical.choice, Quot.sound]
'MolecularDynamics.textbookLangevinPeriodicIntegralSolution' depends on axioms: [propext, Classical.choice, Quot.sound]
'MolecularDynamics.textbookLangevinPeriodicPositionLift' depends on axioms: [propext, Classical.choice, Quot.sound]
'MolecularDynamics.textbookLangevinPeriodicPositionLift_projects' depends on axioms: [propext,
 Classical.choice,
 Quot.sound]
'MolecularDynamics.textbookLangevinPeriodicIntegralSolution_lift' depends on axioms: [propext,
 Classical.choice,
 Quot.sound]
'MolecularDynamics.textbookLangevinPeriodicEndpoint_open_pos' depends on axioms: [propext, Classical.choice, Quot.sound]
'MolecularDynamics.textbookLangevinPeriodicEndpoint_physicalNoise_open_pos' depends on axioms: [propext,
 Classical.choice,
 Quot.sound]
'MolecularDynamics.textbookLangevinDrivenField_lipschitz' depends on axioms: [propext, Classical.choice, Quot.sound]
'MolecularDynamics.textbookLangevinDrivenField_exists' depends on axioms: [propext, Classical.choice, Quot.sound]
'MolecularDynamics.textbookLangevinIntegralSolution_exists_globalLip' depends on axioms: [propext,
 Classical.choice,
 Quot.sound]
'MolecularDynamics.textbookLangevinPeriodicIntegralSolution_exists' depends on axioms: [propext,
 Classical.choice,
 Quot.sound]
'MolecularDynamics.textbookLangevinPathNoise' depends on axioms: [propext, Classical.choice, Quot.sound]
'MolecularDynamics.textbookLangevinPathNoise_continuous' depends on axioms: [propext, Classical.choice, Quot.sound]
'MolecularDynamics.textbookLangevinPathNoise_zero' depends on axioms: [propext, Classical.choice, Quot.sound]
'MolecularDynamics.textbookLangevinPathSolution' depends on axioms: [propext, Classical.choice, Quot.sound]
'MolecularDynamics.textbookLangevinPathSolution_integralSolution' depends on axioms: [propext,
 Classical.choice,
 Quot.sound]
'MolecularDynamics.textbookLangevinPathEndpoint' depends on axioms: [propext, Classical.choice, Quot.sound]
'MolecularDynamics.textbookLangevinPathEndpoint_lipschitz' depends on axioms: [propext, Classical.choice, Quot.sound]
'MolecularDynamics.textbookLangevinPathEndpoint_continuous' depends on axioms: [propext, Classical.choice, Quot.sound]
'MolecularDynamics.textbookLangevinIntegralSolution_unique_globalLip' depends on axioms: [propext,
 Classical.choice,
 Quot.sound]
'MolecularDynamics.textbookWienerVectorContinuousPath' depends on axioms: [propext, Classical.choice, Quot.sound]
'MolecularDynamics.textbookWienerVectorContinuousPath_eval' depends on axioms: [propext, Classical.choice, Quot.sound]
'MolecularDynamics.textbookWienerVectorContinuousPath_aemeasurable' depends on axioms: [propext,
 Classical.choice,
 Quot.sound]
'MolecularDynamics.textbookWienerVectorContinuousPath_noise_ae' depends on axioms: [propext,
 Classical.choice,
 Quot.sound]
'MolecularDynamics.textbookLangevinRandomSolution' depends on axioms: [propext, Classical.choice, Quot.sound]
'MolecularDynamics.textbookLangevinRandomSolution_integralSolution_ae' depends on axioms: [propext,
 Classical.choice,
 Quot.sound]
'MolecularDynamics.textbookLangevinRandomSolution_endpoint_aemeasurable' depends on axioms: [propext,
 Classical.choice,
 Quot.sound]
'MolecularDynamics.textbookLangevinRandomSolution_open_pos' depends on axioms: [propext, Classical.choice, Quot.sound]
'MolecularDynamics.textbookLangevinPeriodicRandomSolution_exists' depends on axioms: [propext,
 Classical.choice,
 Quot.sound]
'MolecularDynamics.textbookLangevinPeriodicRandomSolution_exists_open_pos' depends on axioms: [propext,
 Classical.choice,
 Quot.sound]
'MolecularDynamics.textbookLangevinPeriodicRandomSolution_physicalNoise_exists_open_pos' depends on axioms: [propext,
 Classical.choice,
 Quot.sound]
'MolecularDynamics.textbookLangevinIntegralSolution_periodicProjection' depends on axioms: [propext,
 Classical.choice,
 Quot.sound]
'MolecularDynamics.textbookLangevinIntegralSolution_restrict' depends on axioms: [propext, Classical.choice, Quot.sound]
'MolecularDynamics.textbookLangevinGlobalRandomPhase' depends on axioms: [propext, Classical.choice, Quot.sound]
'MolecularDynamics.textbookLangevinGlobalRandomPhase_integralSolution_ae' depends on axioms: [propext,
 Classical.choice,
 Quot.sound]
'MolecularDynamics.textbookLangevinGlobalRandomPhase_endpoint_aemeasurable' depends on axioms: [propext,
 Classical.choice,
 Quot.sound]
'MolecularDynamics.textbookLangevinGlobalRandomPhase_continuousOn_ae' depends on axioms: [propext,
 Classical.choice,
 Quot.sound]
'MolecularDynamics.textbookLangevinPeriodicGlobalRandomSolution_exists_open_pos' depends on axioms: [propext,
 Classical.choice,
 Quot.sound]
'MolecularDynamics.textbookLangevinPeriodicGlobalRandomSolution_physicalNoise_exists_open_pos' depends on axioms: [propext,
 Classical.choice,
 Quot.sound]
'MolecularDynamics.textbookUnitPeriodicPotential_bound' depends on axioms: [propext, Classical.choice, Quot.sound]
'MolecularDynamics.textbookLangevinHamiltonian' depends on axioms: [propext, Classical.choice, Quot.sound]
'MolecularDynamics.textbookLangevinHamiltonianPower' depends on axioms: [propext, Classical.choice, Quot.sound]
'MolecularDynamics.textbookLangevinDifferentialOperator' depends on axioms: [propext, Classical.choice, Quot.sound]
'MolecularDynamics.textbookLangevinLyapunov_printed_laplacian_bound_counterexample' depends on axioms: [propext,
 Classical.choice,
 Quot.sound]
'MolecularDynamics.textbookLangevinHamiltonian_momentum_shift' depends on axioms: [propext,
 Classical.choice,
 Quot.sound]
'MolecularDynamics.textbookLangevinHamiltonian_lower' depends on axioms: [propext, Classical.choice, Quot.sound]
'MolecularDynamics.textbookLangevinHamiltonianPower_pos' depends on axioms: [propext, Classical.choice, Quot.sound]
'MolecularDynamics.textbookLangevinHamiltonianPower_momentum_second' depends on axioms: [propext,
 Classical.choice,
 Quot.sound]
'MolecularDynamics.textbookLangevinHamiltonianPower_momentum_laplacian' depends on axioms: [propext,
 Classical.choice,
 Quot.sound]
'MolecularDynamics.textbookLangevinHamiltonianPower_momentum_laplacian_bound' depends on axioms: [propext,
 Classical.choice,
 Quot.sound]
'MolecularDynamics.textbookLangevinHamiltonian_drift_hasDerivAt' depends on axioms: [propext,
 Classical.choice,
 Quot.sound]
'MolecularDynamics.textbookLangevinHamiltonianPower_drift_hasDerivAt' depends on axioms: [propext,
 Classical.choice,
 Quot.sound]
'MolecularDynamics.textbookLangevinHamiltonianPower_differentialOperator' depends on axioms: [propext,
 Classical.choice,
 Quot.sound]
'MolecularDynamics.textbookLangevinHamiltonianPower_periodic_lyapunov' depends on axioms: [propext,
 Classical.choice,
 Quot.sound]
'MolecularDynamics.textbookLangevinHamiltonianPower_contDiff' depends on axioms: [propext, Classical.choice, Quot.sound]
'MolecularDynamics.textbookLangevinHamiltonianPower_momentum_coercive' depends on axioms: [propext,
 Classical.choice,
 Quot.sound]
'MolecularDynamics.textbookLangevinPeriodicProjection_isOpenQuotientMap' depends on axioms: [propext,
 Classical.choice,
 Quot.sound]
'MolecularDynamics.textbookLangevinPeriodicHamiltonianPower' depends on axioms: [propext, Classical.choice, Quot.sound]
'MolecularDynamics.textbookLangevinPeriodicHamiltonianPower_lift' depends on axioms: [propext,
 Classical.choice,
 Quot.sound]
'MolecularDynamics.textbookLangevinPeriodicHamiltonianPower_continuous' depends on axioms: [propext,
 Classical.choice,
 Quot.sound]
'MolecularDynamics.textbookLangevinPeriodicHamiltonianPower_pos' depends on axioms: [propext,
 Classical.choice,
 Quot.sound]
'MolecularDynamics.textbookLangevinPeriodicHamiltonianPower_momentum_coercive' depends on axioms: [propext,
 Classical.choice,
 Quot.sound]
'MolecularDynamics.textbookLangevinPeriodicHamiltonianPower_isCompact_sublevel' depends on axioms: [propext,
 Classical.choice,
 Quot.sound]
'MolecularDynamics.textbookLangevinPeriodicHamiltonianPower_tendsto_atTop' depends on axioms: [propext,
 Classical.choice,
 Quot.sound]
'MolecularDynamics.textbookLangevinPeriodicDifferentialOperator' depends on axioms: [propext,
 Classical.choice,
 Quot.sound]
'MolecularDynamics.textbookLangevinPeriodicHamiltonianPower_lyapunov' depends on axioms: [propext,
 Classical.choice,
 Quot.sound]
'MolecularDynamics.textbookLangevinPeriodicHamiltonianPower_operator_lift' depends on axioms: [propext,
 Classical.choice,
 Quot.sound]
'MolecularDynamics.textbookLangevinLyapunov_physical_diffusion_coefficient' depends on axioms: [propext,
 Classical.choice,
 Quot.sound]
'MolecularDynamics.textbookLangevinPeriodicHamiltonianPower_physical_lyapunov' depends on axioms: [propext,
 Classical.choice,
 Quot.sound]
'MolecularDynamics.textbookLangevinIntegralSolution_noise_congr' depends on axioms: [propext,
 Classical.choice,
 Quot.sound]
'MolecularDynamics.textbookLangevinPathRestriction' depends on axioms: [propext, Classical.choice, Quot.sound]
'MolecularDynamics.textbookLangevinPathRestriction_lipschitz' depends on axioms: [propext, Classical.choice, Quot.sound]
'MolecularDynamics.textbookLangevinPathEndpoint_restrict' depends on axioms: [propext, Classical.choice, Quot.sound]
'MolecularDynamics.textbookLangevinRandomSolution_integralSolution_of_cont' depends on axioms: [propext,
 Classical.choice,
 Quot.sound]
'MolecularDynamics.textbookLangevinGlobalRandomPhase_history_endpoint_ae' depends on axioms: [propext,
 Classical.choice,
 Quot.sound]
'MolecularDynamics.textbookLangevinIntegralSolution_shift' depends on axioms: [propext, Classical.choice, Quot.sound]
'MolecularDynamics.textbookLangevinPathSegment' depends on axioms: [propext, Classical.choice, Quot.sound]
'MolecularDynamics.textbookLangevinPathSegment_zero' depends on axioms: [propext, Classical.choice, Quot.sound]
'MolecularDynamics.textbookLangevinPathEndpoint_restart' depends on axioms: [propext, Classical.choice, Quot.sound]
'MolecularDynamics.textbookLangevinGlobalRandomPhase_history_path_ae' depends on axioms: [propext,
 Classical.choice,
 Quot.sound]
'MolecularDynamics.textbookLangevinGlobalRandomPhase_restart_ae' depends on axioms: [propext,
 Classical.choice,
 Quot.sound]
'MolecularDynamics.textbookLangevinIntegralSolution_project' depends on axioms: [propext, Classical.choice, Quot.sound]
'MolecularDynamics.textbookLangevinPeriodicIntegralSolution_unique' depends on axioms: [propext,
 Classical.choice,
 Quot.sound]
'MolecularDynamics.textbookLangevinPeriodicPathEndpoint' depends on axioms: [propext, Classical.choice, Quot.sound]
'MolecularDynamics.textbookLangevinPeriodicPathEndpoint_lift' depends on axioms: [propext, Classical.choice, Quot.sound]
'MolecularDynamics.textbookLangevinPeriodicPathEndpoint_restart' depends on axioms: [propext,
 Classical.choice,
 Quot.sound]
'MolecularDynamics.textbookLangevinPeriodicGlobalRandomPhase' depends on axioms: [propext, Classical.choice, Quot.sound]
'MolecularDynamics.textbookLangevinPeriodicGlobalRandomPhase_integralSolution_ae' depends on axioms: [propext,
 Classical.choice,
 Quot.sound]
'MolecularDynamics.textbookLangevinPeriodicGlobalRandomPhase_endpoint_aemeasurable' depends on axioms: [propext,
 Classical.choice,
 Quot.sound]
'MolecularDynamics.textbookLangevinPeriodicGlobalRandomPhase_history_endpoint_ae' depends on axioms: [propext,
 Classical.choice,
 Quot.sound]
'MolecularDynamics.textbookLangevinPeriodicGlobalRandomPhase_restart_ae' depends on axioms: [propext,
 Classical.choice,
 Quot.sound]
'MolecularDynamics.textbookWienerVectorFuture' depends on axioms: [propext, Classical.choice, Quot.sound]
'MolecularDynamics.textbookWienerVectorFuture_gaussian' depends on axioms: [propext, Classical.choice, Quot.sound]
'MolecularDynamics.textbookWienerVectorFuture_isWiener' depends on axioms: [propext, Classical.choice, Quot.sound]
'MolecularDynamics.textbookWienerVectorFuture_hasLaw_eval' depends on axioms: [propext, Classical.choice, Quot.sound]
'MolecularDynamics.textbookWienerVectorFuture_covariance_history' depends on axioms: [propext,
 Classical.choice,
 Quot.sound]
'MolecularDynamics.textbookWienerVectorFuture_independent_history' depends on axioms: [propext,
 Classical.choice,
 Quot.sound]
'MolecularDynamics.textbookWienerVectorSamples_law_eq' depends on axioms: [propext, Classical.choice, Quot.sound]
'MolecularDynamics.textbookWienerVectorFuture_samples_law' depends on axioms: [propext, Classical.choice, Quot.sound]
'MolecularDynamics.textbookWienerVectorContinuousPath_law_eq' depends on axioms: [propext, Classical.choice, Quot.sound]
'MolecularDynamics.textbookWienerVectorFuture_continuousPath_law' depends on axioms: [propext,
 Classical.choice,
 Quot.sound]
'MolecularDynamics.textbookWienerVectorFuture_continuousPath_independent_history' depends on axioms: [propext,
 Classical.choice,
 Quot.sound]
'MolecularDynamics.textbookWienerVectorFuture_segment_ae' depends on axioms: [propext, Classical.choice, Quot.sound]
'MolecularDynamics.textbookLangevinGlobalRandomPhase_future_restart_ae' depends on axioms: [propext,
 Classical.choice,
 Quot.sound]
'MolecularDynamics.textbookLangevinGlobalRandomPhase_history_aemeasurable' depends on axioms: [propext,
 Classical.choice,
 Quot.sound]
'MolecularDynamics.textbookLangevinGlobalRandomPhase_future_independent_history' depends on axioms: [propext,
 Classical.choice,
 Quot.sound]
'MolecularDynamics.textbookLangevinPeriodicGlobalRandomPhase_future_independent_history' depends on axioms: [propext,
 Classical.choice,
 Quot.sound]
'MolecularDynamics.textbookLangevinGlobalRandomPhase_future_history_product_law' depends on axioms: [propext,
 Classical.choice,
 Quot.sound]
'MolecularDynamics.textbookLangevinNoiseCompensated_initial_dist_le' depends on axioms: [propext,
 Classical.choice,
 Quot.sound]
'MolecularDynamics.textbookLangevinIntegralSolution_initial_dist_le' depends on axioms: [propext,
 Classical.choice,
 Quot.sound]
'MolecularDynamics.textbookLangevinPathEndpoint_initial_lipschitz' depends on axioms: [propext,
 Classical.choice,
 Quot.sound]
'MolecularDynamics.textbookLangevinPathEndpoint_joint_continuous' depends on axioms: [propext,
 Classical.choice,
 Quot.sound]
'MolecularDynamics.textbookLangevinPathEndpoint_joint_measurable' depends on axioms: [propext,
 Classical.choice,
 Quot.sound]
'MolecularDynamics.textbookLangevinRandomInitial_endpoint_aemeasurable' depends on axioms: [propext,
 Classical.choice,
 Quot.sound]
'MolecularDynamics.textbookLangevinPeriodicPathEndpoint_joint_continuous' depends on axioms: [propext,
 Classical.choice,
 Quot.sound]
'MolecularDynamics.textbookLangevinPeriodicPathEndpoint_joint_measurable' depends on axioms: [propext,
 Classical.choice,
 Quot.sound]
'MolecularDynamics.textbookLangevinPeriodicRandomInitial_endpoint_aemeasurable' depends on axioms: [propext,
 Classical.choice,
 Quot.sound]
'MolecularDynamics.textbookLangevinTransitionKernel' depends on axioms: [propext, Classical.choice, Quot.sound]
'MolecularDynamics.textbookLangevinTransitionKernel_isMarkov' depends on axioms: [propext, Classical.choice, Quot.sound]
'MolecularDynamics.textbookLangevinTransitionKernel_apply' depends on axioms: [propext, Classical.choice, Quot.sound]
'MolecularDynamics.textbookLangevinTransitionKernel_global_law' depends on axioms: [propext,
 Classical.choice,
 Quot.sound]
'MolecularDynamics.textbookLangevinTransitionKernel_wiener_law_invariant' depends on axioms: [propext,
 Classical.choice,
 Quot.sound]
'MolecularDynamics.textbookLangevinGlobalRandomPhase_history_transition_joint_law' depends on axioms: [propext,
 Classical.choice,
 Quot.sound]
'MolecularDynamics.textbookLangevinGlobalRandomPhase_condDistrib_history' depends on axioms: [propext,
 Classical.choice,
 Quot.sound]
'MolecularDynamics.textbookLangevinPeriodicTransitionKernel' depends on axioms: [propext, Classical.choice, Quot.sound]
'MolecularDynamics.textbookLangevinPeriodicTransitionKernel_isMarkov' depends on axioms: [propext,
 Classical.choice,
 Quot.sound]
'MolecularDynamics.textbookLangevinPeriodicTransitionKernel_apply' depends on axioms: [propext,
 Classical.choice,
 Quot.sound]
'MolecularDynamics.textbookLangevinPeriodicTransitionKernel_global_law' depends on axioms: [propext,
 Classical.choice,
 Quot.sound]
'MolecularDynamics.textbookLangevinPeriodicTransitionKernel_wiener_law_invariant' depends on axioms: [propext,
 Classical.choice,
 Quot.sound]
'MolecularDynamics.textbookLangevinPeriodicGlobalRandomPhase_history_aemeasurable' depends on axioms: [propext,
 Classical.choice,
 Quot.sound]
'MolecularDynamics.textbookLangevinPeriodicGlobalRandomPhase_future_restart_ae' depends on axioms: [propext,
 Classical.choice,
 Quot.sound]
'MolecularDynamics.textbookLangevinPeriodicGlobalRandomPhase_history_transition_joint_law' depends on axioms: [propext,
 Classical.choice,
 Quot.sound]
'MolecularDynamics.textbookLangevinPeriodicGlobalRandomPhase_condDistrib_history' depends on axioms: [propext,
 Classical.choice,
 Quot.sound]
'MolecularDynamics.textbookLangevinPeriodicGlobalRandomPhase_condDistrib_history_of_periodic' depends on axioms: [propext,
 Classical.choice,
 Quot.sound]
'MolecularDynamics.textbookLangevinPathEndpoint_initial' depends on axioms: [propext, Classical.choice, Quot.sound]
'MolecularDynamics.textbookLangevinPeriodicPathEndpoint_initial' depends on axioms: [propext,
 Classical.choice,
 Quot.sound]
'MolecularDynamics.textbookLangevinTransitionKernel_zero' depends on axioms: [propext, Classical.choice, Quot.sound]
'MolecularDynamics.textbookLangevinPeriodicTransitionKernel_zero' depends on axioms: [propext,
 Classical.choice,
 Quot.sound]
'MolecularDynamics.textbookLangevinGlobalRandomPhase_transition_marginal' depends on axioms: [propext,
 Classical.choice,
 Quot.sound]
'MolecularDynamics.textbookLangevinTransitionKernel_add' depends on axioms: [propext, Classical.choice, Quot.sound]
'MolecularDynamics.textbookLangevinPeriodicGlobalRandomPhase_transition_marginal' depends on axioms: [propext,
 Classical.choice,
 Quot.sound]
'MolecularDynamics.textbookLangevinPeriodicTransitionKernel_add' depends on axioms: [propext,
 Classical.choice,
 Quot.sound]
'MolecularDynamics.textbookLangevinPeriodicTransitionKernel_semigroup_of_periodic' depends on axioms: [propext,
 Classical.choice,
 Quot.sound]
'MolecularDynamics.textbookWienerVector_completed_measurable' depends on axioms: [propext, Classical.choice, Quot.sound]
'MolecularDynamics.textbookWienerVectorCompletedFiltration' depends on axioms: [propext, Classical.choice, Quot.sound]
'MolecularDynamics.textbookWienerVectorCompletedFiltration_null_measurable' depends on axioms: [propext,
 Classical.choice,
 Quot.sound]
'MolecularDynamics.textbookWienerVectorCompletedFiltration_eval_measurable' depends on axioms: [propext,
 Classical.choice,
 Quot.sound]
'MolecularDynamics.textbookWienerVectorCompletedFiltration_trim_complete' depends on axioms: [propext,
 Classical.choice,
 Quot.sound]
'MolecularDynamics.textbookWienerVectorCompletedFiltration_trim_ae' depends on axioms: [propext,
 Classical.choice,
 Quot.sound]
'MolecularDynamics.textbookWienerVectorContinuousPath_filtration_measurable' depends on axioms: [propext,
 Classical.choice,
 Quot.sound]
'MolecularDynamics.textbookWienerVectorCompletedFiltration_adapted' depends on axioms: [propext,
 Classical.choice,
 Quot.sound]
'MolecularDynamics.textbookLangevinGlobalRandomPhase_adapted' depends on axioms: [propext, Classical.choice, Quot.sound]
'MolecularDynamics.textbookLangevinPeriodicGlobalRandomPhase_adapted' depends on axioms: [propext,
 Classical.choice,
 Quot.sound]
'MolecularDynamics.textbookLangevinPeriodicGlobalRandomPhase_adapted_of_periodic' depends on axioms: [propext,
 Classical.choice,
 Quot.sound]
'MolecularDynamics.textbookWienerVectorCompletedFiltration_le_eventual_path' depends on axioms: [propext,
 Classical.choice,
 Quot.sound]
'MolecularDynamics.textbookWienerVectorCompletedFiltration_event_ae_path' depends on axioms: [propext,
 Classical.choice,
 Quot.sound]
'MolecularDynamics.textbookWienerVectorFuture_independent_completed_filtration' depends on axioms: [propext,
 Classical.choice,
 Quot.sound]
'MolecularDynamics.textbookWienerVectorContinuousPath_completion_law' depends on axioms: [propext,
 Classical.choice,
 Quot.sound]
'MolecularDynamics.textbookLangevinGlobalRandomPhase_future_independent_current_completed' depends on axioms: [propext,
 Classical.choice,
 Quot.sound]
'MolecularDynamics.textbookLangevinPeriodicGlobalRandomPhase_future_independent_current_completed' depends on axioms: [propext,
 Classical.choice,
 Quot.sound]
'MolecularDynamics.textbookLangevinGlobalRandomPhase_future_current_product_law_completed' depends on axioms: [propext,
 Classical.choice,
 Quot.sound]
'MolecularDynamics.textbookLangevinPeriodicGlobalRandomPhase_future_current_product_law_completed' depends on axioms: [propext,
 Classical.choice,
 Quot.sound]
'MolecularDynamics.textbookWienerVectorCompletedHistorySpace' depends on axioms: [propext, Classical.choice, Quot.sound]
'MolecularDynamics.textbookWienerVectorCompletedHistoryObservation' depends on axioms: [propext,
 Classical.choice,
 Quot.sound]
'MolecularDynamics.textbookWienerVectorCompletedHistoryObservation_measurable' depends on axioms: [propext,
 Classical.choice,
 Quot.sound]
'MolecularDynamics.textbookWienerVectorFuture_completed_history_product_law' depends on axioms: [propext,
 Classical.choice,
 Quot.sound]
'MolecularDynamics.textbookLangevinGlobalRandomPhase_completed_history_transition_joint_law' depends on axioms: [propext,
 Classical.choice,
 Quot.sound]
'MolecularDynamics.textbookLangevinGlobalRandomPhase_condDistrib_completed_history' depends on axioms: [propext,
 Classical.choice,
 Quot.sound]
'MolecularDynamics.textbookLangevinPeriodicGlobalRandomPhase_completed_history_transition_joint_law' depends on axioms: [propext,
 Classical.choice,
 Quot.sound]
'MolecularDynamics.textbookLangevinPeriodicGlobalRandomPhase_condDistrib_completed_history' depends on axioms: [propext,
 Classical.choice,
 Quot.sound]
'MolecularDynamics.textbookWienerVectorCompletedHistoryObservation_law' depends on axioms: [propext,
 Classical.choice,
 Quot.sound]
'MolecularDynamics.textbookLangevinPeriodicGlobalRandomPhase_condDistrib_completed_history_of_periodic' depends on axioms: [propext,
 Classical.choice,
 Quot.sound]
'MolecularDynamics.textbookWienerVectorContinuousPath_restrict' depends on axioms: [propext,
 Classical.choice,
 Quot.sound]
'MolecularDynamics.textbookLangevinGlobalRandomPhase_history_endpoint' depends on axioms: [propext,
 Classical.choice,
 Quot.sound]
'MolecularDynamics.textbookLangevinGlobalRandomPhase_fixed_endpoint' depends on axioms: [propext,
 Classical.choice,
 Quot.sound]
'MolecularDynamics.textbookLangevinGlobalRandomPhase_continuousOn' depends on axioms: [propext,
 Classical.choice,
 Quot.sound]
'MolecularDynamics.textbookLangevinGlobalRandomPhase_nnreal_continuous' depends on axioms: [propext,
 Classical.choice,
 Quot.sound]
'MolecularDynamics.textbookLangevinPeriodicGlobalRandomPhase_nnreal_continuous' depends on axioms: [propext,
 Classical.choice,
 Quot.sound]
'MolecularDynamics.textbookLangevinGlobalRandomPhase_isProgressive' depends on axioms: [propext,
 Classical.choice,
 Quot.sound]
'MolecularDynamics.textbookLangevinPeriodicGlobalRandomPhase_isProgressive' depends on axioms: [propext,
 Classical.choice,
 Quot.sound]
'MolecularDynamics.textbookLangevinPeriodicGlobalRandomPhase_isProgressive_of_periodic' depends on axioms: [propext,
 Classical.choice,
 Quot.sound]
'MolecularDynamics.textbookCanonicalPartition' depends on axioms: [propext, Classical.choice, Quot.sound]
'MolecularDynamics.textbookCanonicalAverage' depends on axioms: [propext, Classical.choice, Quot.sound]
'MolecularDynamics.textbookCanonicalPartition_pos' depends on axioms: [propext, Classical.choice, Quot.sound]
'MolecularDynamics.textbookCanonicalAverage_one' depends on axioms: [propext, Classical.choice, Quot.sound]
'MolecularDynamics.textbookHamiltonianGibbsWeight_hasFDerivAt' depends on axioms: [propext,
 Classical.choice,
 Quot.sound]
'MolecularDynamics.textbookCanonicalWeightedFlux_divergence' depends on axioms: [propext, Classical.choice, Quot.sound]
'MolecularDynamics.textbookCanonicalWeightedFlux_divergence_integrable' depends on axioms: [propext,
 Classical.choice,
 Quot.sound]
'MolecularDynamics.textbookCompactPhaseField_integral_fderiv_eq_zero' depends on axioms: [propext,
 Classical.choice,
 Quot.sound]
'MolecularDynamics.textbookPhaseField_divergence_coordinates' depends on axioms: [propext, Classical.choice, Quot.sound]
'MolecularDynamics.textbookCompactPhaseField_integral_divergence_eq_zero' depends on axioms: [propext,
 Classical.choice,
 Quot.sound]
'MolecularDynamics.textbookCanonicalDensityCutoff' depends on axioms: [propext, Classical.choice, Quot.sound]
'MolecularDynamics.textbookCanonicalDensityCutoff_mem_Icc' depends on axioms: [propext, Classical.choice, Quot.sound]
'MolecularDynamics.textbookCanonicalDensityCutoff_contDiff' depends on axioms: [propext, Classical.choice, Quot.sound]
'MolecularDynamics.textbookCanonicalDensityCutoff_hasFDerivAt' depends on axioms: [propext,
 Classical.choice,
 Quot.sound]
'MolecularDynamics.textbookCanonicalDensityCutoff_gibbs_lower' depends on axioms: [propext,
 Classical.choice,
 Quot.sound]
'MolecularDynamics.textbookCanonicalDensityCutoff_flux_integrable' depends on axioms: [propext,
 Classical.choice,
 Quot.sound]
'MolecularDynamics.textbookCanonicalDensityCutoff_eventually_one' depends on axioms: [propext,
 Classical.choice,
 Quot.sound]
'MolecularDynamics.textbookCanonicalDensityCutoff_flux_divergence' depends on axioms: [propext,
 Classical.choice,
 Quot.sound]
'MolecularDynamics.textbookPhaseSpaceBump' depends on axioms: [propext, Classical.choice, Quot.sound]
'MolecularDynamics.textbookPhaseSpaceCutoff' depends on axioms: [propext, Classical.choice, Quot.sound]
'MolecularDynamics.textbookPhaseSpaceCutoff_contDiff' depends on axioms: [propext, Classical.choice, Quot.sound]
'MolecularDynamics.textbookPhaseSpaceCutoff_compact' depends on axioms: [propext, Classical.choice, Quot.sound]
'MolecularDynamics.textbookPhaseSpaceCutoff_mem_Icc' depends on axioms: [propext, Classical.choice, Quot.sound]
'MolecularDynamics.textbookPhaseSpaceCutoff_eventually_one' depends on axioms: [propext, Classical.choice, Quot.sound]
'MolecularDynamics.textbookPhaseSpaceCutoff_fderiv' depends on axioms: [propext, Classical.choice, Quot.sound]
'MolecularDynamics.textbookPhaseSpaceCutoff_fderiv_bound' depends on axioms: [propext, Classical.choice, Quot.sound]
'MolecularDynamics.textbookPhaseField_divergence_continuous' depends on axioms: [propext, Classical.choice, Quot.sound]
'MolecularDynamics.textbookPhaseField_integral_divergence_eq_zero' depends on axioms: [propext,
 Classical.choice,
 Quot.sound]
'MolecularDynamics.textbookCanonicalTransition_deriv_compact' depends on axioms: [propext, Classical.choice, Quot.sound]
'MolecularDynamics.textbookCanonicalTransition_deriv_bound' depends on axioms: [propext, Classical.choice, Quot.sound]
'MolecularDynamics.textbookCanonicalDensityCutoff_flux_divergence_integrable' depends on axioms: [propext,
 Classical.choice,
 Quot.sound]
'MolecularDynamics.textbookCanonicalWeightedFlux_integral_divergence_eq_zero' depends on axioms: [propext,
 Classical.choice,
 Quot.sound]
'MolecularDynamics.textbookCanonicalAverage_divergence_eq_beta_lieDerivative' depends on axioms: [propext,
 Classical.choice,
 Quot.sound]
'MolecularDynamics.textbookCanonicalAverage_temperature_ratio' depends on axioms: [propext,
 Classical.choice,
 Quot.sound]
'MolecularDynamics.proposition_6_1' depends on axioms: [propext, Classical.choice, Quot.sound]
'MolecularDynamics.textbookPhaseLieDerivative_coordinates' depends on axioms: [propext, Classical.choice, Quot.sound]
'MolecularDynamics.textbookCanonicalAverage_lieDerivative_pos' depends on axioms: [propext,
 Classical.choice,
 Quot.sound]
'MolecularDynamics.textbookConfigurationPartial' depends on axioms: [propext, Classical.choice, Quot.sound]
'MolecularDynamics.textbookConfigurationCube' depends on axioms: [propext, Classical.choice, Quot.sound]
'MolecularDynamics.textbookConfigurationGibbsWeight' depends on axioms: [propext, Classical.choice, Quot.sound]
'MolecularDynamics.textbookConfigurationGradientPair' depends on axioms: [propext, Classical.choice, Quot.sound]
'MolecularDynamics.textbookBrownianGenerator' depends on axioms: [propext, Classical.choice, Quot.sound]
'MolecularDynamics.textbookConfigurationPartial_contDiff' depends on axioms: [propext, Classical.choice, Quot.sound]
'MolecularDynamics.textbookConfigurationPartial_periodic' depends on axioms: [propext, Classical.choice, Quot.sound]
'MolecularDynamics.textbookConfigurationCube_opposite_faces' depends on axioms: [propext, Classical.choice, Quot.sound]
'MolecularDynamics.textbookConfigurationCube_integral_divergence_eq_zero' depends on axioms: [propext,
 Classical.choice,
 Quot.sound]
'MolecularDynamics.textbookConfigurationGibbsWeight_contDiff' depends on axioms: [propext, Classical.choice, Quot.sound]
'MolecularDynamics.textbookConfigurationGibbsWeight_periodic' depends on axioms: [propext, Classical.choice, Quot.sound]
'MolecularDynamics.textbookConfigurationGibbsWeight_partial' depends on axioms: [propext, Classical.choice, Quot.sound]
'MolecularDynamics.textbookBrownianWeightedFlux' depends on axioms: [propext, Classical.choice, Quot.sound]
'MolecularDynamics.textbookBrownianWeightedFlux_contDiff' depends on axioms: [propext, Classical.choice, Quot.sound]
'MolecularDynamics.textbookBrownianWeightedFlux_periodic' depends on axioms: [propext, Classical.choice, Quot.sound]
'MolecularDynamics.textbookBrownianWeightedFlux_partial' depends on axioms: [propext, Classical.choice, Quot.sound]
'MolecularDynamics.textbookBrownianWeightedFlux_divergence' depends on axioms: [propext, Classical.choice, Quot.sound]
'MolecularDynamics.textbookBrownianGenerator_integral_dirichlet' depends on axioms: [propext,
 Classical.choice,
 Quot.sound]
'MolecularDynamics.textbookConfigurationPartition' depends on axioms: [propext, Classical.choice, Quot.sound]
'MolecularDynamics.textbookConfigurationInner' depends on axioms: [propext, Classical.choice, Quot.sound]
'MolecularDynamics.textbookConfigurationCube_volume' depends on axioms: [propext, Classical.choice, Quot.sound]
'MolecularDynamics.textbookConfigurationPartition_pos' depends on axioms: [propext, Classical.choice, Quot.sound]
'MolecularDynamics.textbookBrownianGenerator_inner_dirichlet' depends on axioms: [propext, Classical.choice, Quot.sound]
'MolecularDynamics.textbookBrownianGenerator_inner_symmetric' depends on axioms: [propext, Classical.choice, Quot.sound]
'MolecularDynamics.textbookBrownianGenerator_inner_nonpos' depends on axioms: [propext, Classical.choice, Quot.sound]
'MolecularDynamics.textbookConfigurationInner_self_pos' depends on axioms: [propext, Classical.choice, Quot.sound]
'MolecularDynamics.textbookBrownianGenerator_real_eigenvalue_nonpos' depends on axioms: [propext,
 Classical.choice,
 Quot.sound]
'MolecularDynamics.textbookBrownianGenerator_const' depends on axioms: [propext, Classical.choice, Quot.sound]
'MolecularDynamics.textbookBrownianGenerator_gibbs_weak_stationary' depends on axioms: [propext,
 Classical.choice,
 Quot.sound]
'MolecularDynamics.textbookConfigurationTorusProjection' depends on axioms: [propext, Classical.choice, Quot.sound]
'MolecularDynamics.textbookConfigurationTorusRepresentative' depends on axioms: [propext, Classical.choice, Quot.sound]
'MolecularDynamics.textbookConfigurationTorusRepresentative_measurable' depends on axioms: [propext,
 Classical.choice,
 Quot.sound]
'MolecularDynamics.textbookConfigurationTorusRepresentative_projects' depends on axioms: [propext,
 Classical.choice,
 Quot.sound]
'MolecularDynamics.textbookConfigurationTorusProjection_measurePreserving' depends on axioms: [propext,
 Classical.choice,
 Quot.sound]
'MolecularDynamics.textbookConfigurationTorusObservable' depends on axioms: [propext, Classical.choice, Quot.sound]
'MolecularDynamics.textbookConfigurationTorusObservable_measurable' depends on axioms: [propext,
 Classical.choice,
 Quot.sound]
'MolecularDynamics.textbookConfigurationTorusObservable_lift' depends on axioms: [propext, Classical.choice, Quot.sound]
'MolecularDynamics.textbookConfigurationTorusObservable_integral' depends on axioms: [propext,
 Classical.choice,
 Quot.sound]
'MolecularDynamics.textbookConfigurationTorusObservable_integrable' depends on axioms: [propext,
 Classical.choice,
 Quot.sound]
'MolecularDynamics.textbookConfigurationTorusGibbsWeight' depends on axioms: [propext, Classical.choice, Quot.sound]
'MolecularDynamics.textbookConfigurationTorusGibbsWeight_lift' depends on axioms: [propext,
 Classical.choice,
 Quot.sound]
'MolecularDynamics.textbookConfigurationTorusGibbsWeight_integral' depends on axioms: [propext,
 Classical.choice,
 Quot.sound]
'MolecularDynamics.textbookConfigurationTorusGibbsWeight_integrable' depends on axioms: [propext,
 Classical.choice,
 Quot.sound]
'MolecularDynamics.textbookConfigurationTorusGibbsMeasure' depends on axioms: [propext, Classical.choice, Quot.sound]
'MolecularDynamics.textbookConfigurationTorusGibbsMeasure_isProbabilityMeasure' depends on axioms: [propext,
 Classical.choice,
 Quot.sound]
'MolecularDynamics.textbookConfigurationTorusGibbsMeasure_integral_observable' depends on axioms: [propext,
 Classical.choice,
 Quot.sound]
'MolecularDynamics.textbookConfigurationTorusGibbsMeasure_inner' depends on axioms: [propext,
 Classical.choice,
 Quot.sound]
'MolecularDynamics.textbookBrownianGenerator_periodic' depends on axioms: [propext, Classical.choice, Quot.sound]
'MolecularDynamics.textbookBrownianGenerator_contDiff' depends on axioms: [propext, Classical.choice, Quot.sound]
'MolecularDynamics.textbookConfigurationGradientPair_periodic' depends on axioms: [propext,
 Classical.choice,
 Quot.sound]
'MolecularDynamics.textbookBrownianTorusGibbsMeasure_dirichlet' depends on axioms: [propext,
 Classical.choice,
 Quot.sound]
'MolecularDynamics.textbookBrownianTorusGibbsMeasure_symmetric' depends on axioms: [propext,
 Classical.choice,
 Quot.sound]
'MolecularDynamics.textbookBrownianTorusGibbsMeasure_quadratic_nonpos' depends on axioms: [propext,
 Classical.choice,
 Quot.sound]
'MolecularDynamics.textbookBrownianTorusGibbsMeasure_weak_stationary' depends on axioms: [propext,
 Classical.choice,
 Quot.sound]
'MolecularDynamics.textbookConfigurationTorusProjection_isOpenQuotientMap' depends on axioms: [propext,
 Classical.choice,
 Quot.sound]
'MolecularDynamics.textbookConfigurationTorusObservable_continuous' depends on axioms: [propext,
 Classical.choice,
 Quot.sound]
'MolecularDynamics.textbookConfigurationTorusGibbsMeasure_memLp_two' depends on axioms: [propext,
 Classical.choice,
 Quot.sound]
'MolecularDynamics.textbookConfigurationGibbsL2Observable' depends on axioms: [propext, Classical.choice, Quot.sound]
'MolecularDynamics.textbookConfigurationGibbsL2Observable_ae_eq' depends on axioms: [propext,
 Classical.choice,
 Quot.sound]
'MolecularDynamics.textbookConfigurationGibbsL2Observable_inner' depends on axioms: [propext,
 Classical.choice,
 Quot.sound]
'MolecularDynamics.textbookConfigurationGibbsL2Observable_norm_sq' depends on axioms: [propext,
 Classical.choice,
 Quot.sound]
'MolecularDynamics.textbookBrownianGibbsL2Image' depends on axioms: [propext, Classical.choice, Quot.sound]
'MolecularDynamics.textbookBrownianGibbsL2Image_ae_eq' depends on axioms: [propext, Classical.choice, Quot.sound]
'MolecularDynamics.textbookBrownianGibbsL2Image_dirichlet' depends on axioms: [propext, Classical.choice, Quot.sound]
'MolecularDynamics.textbookBrownianGibbsL2Image_symmetric' depends on axioms: [propext, Classical.choice, Quot.sound]
'MolecularDynamics.textbookBrownianGibbsL2Image_quadratic_nonpos' depends on axioms: [propext,
 Classical.choice,
 Quot.sound]
'MolecularDynamics.textbookBrownianGibbsL2Image_real_eigenvalue_nonpos' depends on axioms: [propext,
 Classical.choice,
 Quot.sound]
'MolecularDynamics.textbookBrownianGibbsL2Image_const' depends on axioms: [propext, Classical.choice, Quot.sound]
'MolecularDynamics.textbookConfigurationGibbsL2Observable_one_norm' depends on axioms: [propext,
 Classical.choice,
 Quot.sound]
'MolecularDynamics.textbookConfigurationGibbsL2Observable_one_ne_zero' depends on axioms: [propext,
 Classical.choice,
 Quot.sound]
'MolecularDynamics.textbookConfigurationTorusHaar_absolutelyContinuous_gibbs' depends on axioms: [propext,
 Classical.choice,
 Quot.sound]
'MolecularDynamics.textbookConfigurationTorusGibbsMeasure_isOpenPosMeasure' depends on axioms: [propext,
 Classical.choice,
 Quot.sound]
'MolecularDynamics.textbookConfigurationGibbsL2Observable_injective' depends on axioms: [propext,
 Classical.choice,
 Quot.sound]
'MolecularDynamics.textbookConfigurationPartial_add' depends on axioms: [propext, Classical.choice, Quot.sound]
'MolecularDynamics.textbookConfigurationPartial_smul' depends on axioms: [propext, Classical.choice, Quot.sound]
'MolecularDynamics.textbookBrownianGenerator_add' depends on axioms: [propext, Classical.choice, Quot.sound]
'MolecularDynamics.textbookBrownianGenerator_smul' depends on axioms: [propext, Classical.choice, Quot.sound]
'MolecularDynamics.textbookPeriodicSmoothSpace' depends on axioms: [propext, Classical.choice, Quot.sound]
'MolecularDynamics.textbookPeriodicSmoothSpace_mem' depends on axioms: [propext, Classical.choice, Quot.sound]
'MolecularDynamics.textbookBrownianSmoothGenerator' depends on axioms: [propext, Classical.choice, Quot.sound]
'MolecularDynamics.textbookBrownianSmoothGenerator_apply' depends on axioms: [propext, Classical.choice, Quot.sound]
'MolecularDynamics.textbookPeriodicSmoothEmbedding' depends on axioms: [propext, Classical.choice, Quot.sound]
'MolecularDynamics.textbookPeriodicSmoothEmbedding_injective' depends on axioms: [propext, Classical.choice, Quot.sound]
'MolecularDynamics.textbookBrownianGibbsSmoothDomain' depends on axioms: [propext, Classical.choice, Quot.sound]
'MolecularDynamics.textbookPeriodicSmoothEmbeddingEquiv' depends on axioms: [propext, Classical.choice, Quot.sound]
'MolecularDynamics.textbookPeriodicSmoothEmbeddingEquiv_coe' depends on axioms: [propext, Classical.choice, Quot.sound]
'MolecularDynamics.textbookPeriodicSmoothEmbeddingEquiv_symm_coe' depends on axioms: [propext,
 Classical.choice,
 Quot.sound]
'MolecularDynamics.textbookBrownianGibbsDomainOperator' depends on axioms: [propext, Classical.choice, Quot.sound]
'MolecularDynamics.textbookBrownianGibbsDomainOperator_apply_equiv' depends on axioms: [propext,
 Classical.choice,
 Quot.sound]
'MolecularDynamics.textbookBrownianGibbsDomainOperator_dirichlet' depends on axioms: [propext,
 Classical.choice,
 Quot.sound]
'MolecularDynamics.textbookBrownianGibbsDomainOperator_symmetric' depends on axioms: [propext,
 Classical.choice,
 Quot.sound]
'MolecularDynamics.textbookBrownianGibbsDomainOperator_nonpos' depends on axioms: [propext,
 Classical.choice,
 Quot.sound]
'MolecularDynamics.textbookPeriodicSmoothConstant' depends on axioms: [propext, Classical.choice, Quot.sound]
'MolecularDynamics.textbookBrownianGibbsDomainOperator_const' depends on axioms: [propext, Classical.choice, Quot.sound]
'MolecularDynamics.textbookBrownianGibbsSmoothDomain_one_norm' depends on axioms: [propext,
 Classical.choice,
 Quot.sound]
'MolecularDynamics.textbookTorusFourier_lift_contDiff' depends on axioms: [propext, Classical.choice, Quot.sound]
'MolecularDynamics.textbookSmoothTorusComplexSpace' depends on axioms: [propext, Classical.choice, Quot.sound]
'MolecularDynamics.textbookFourierSpan_le_smoothTorusComplex' depends on axioms: [propext, Classical.choice, Quot.sound]
'MolecularDynamics.textbookSmoothTorusComplexSpace_dense' depends on axioms: [propext, Classical.choice, Quot.sound]
'MolecularDynamics.textbookTorusContinuousRealPart' depends on axioms: [propext, Classical.choice, Quot.sound]
'MolecularDynamics.textbookTorusContinuousRealPart_surjective' depends on axioms: [propext,
 Classical.choice,
 Quot.sound]
'MolecularDynamics.textbookSmoothTorusReal_dense' depends on axioms: [propext, Classical.choice, Quot.sound]
'MolecularDynamics.textbookConfigurationTorusProjection_integer_translate' depends on axioms: [propext,
 Classical.choice,
 Quot.sound]
'MolecularDynamics.textbookSmoothTorusRealLift' depends on axioms: [propext, Classical.choice, Quot.sound]
'MolecularDynamics.textbookSmoothTorusRealLift_observable' depends on axioms: [propext, Classical.choice, Quot.sound]
'MolecularDynamics.textbookGibbsContinuousToLp' depends on axioms: [propext, Classical.choice, Quot.sound]
'MolecularDynamics.textbookGibbsContinuousToLp_ae_eq' depends on axioms: [propext, Classical.choice, Quot.sound]
'MolecularDynamics.textbookGibbsContinuousToLp_denseRange' depends on axioms: [propext, Classical.choice, Quot.sound]
'MolecularDynamics.textbookSmoothTorusRealLift_toLp' depends on axioms: [propext, Classical.choice, Quot.sound]
'MolecularDynamics.textbookBrownianGibbsSmoothDomain_dense' depends on axioms: [propext, Classical.choice, Quot.sound]
'MolecularDynamics.textbookBrownianGibbsSmoothDomain_closure_eq_top' depends on axioms: [propext,
 Classical.choice,
 Quot.sound]
'MolecularDynamics.textbookBrownianGibbsPartialOperator' depends on axioms: [propext, Classical.choice, Quot.sound]
'MolecularDynamics.textbookBrownianGibbsPartialOperator_domain' depends on axioms: [propext,
 Classical.choice,
 Quot.sound]
'MolecularDynamics.textbookBrownianGibbsPartialOperator_apply' depends on axioms: [propext,
 Classical.choice,
 Quot.sound]
'MolecularDynamics.textbookBrownianGibbsPartialOperator_dense' depends on axioms: [propext,
 Classical.choice,
 Quot.sound]
'MolecularDynamics.textbookBrownianGibbsPartialOperator_formalAdjoint' depends on axioms: [propext,
 Classical.choice,
 Quot.sound]
'MolecularDynamics.textbookBrownianGibbsPartialOperator_le_adjoint' depends on axioms: [propext,
 Classical.choice,
 Quot.sound]
'MolecularDynamics.textbookBrownianGibbsPartialOperator_adjoint_isClosed' depends on axioms: [propext,
 Classical.choice,
 Quot.sound]
'MolecularDynamics.textbookBrownianGibbsPartialOperator_adjoint_dense' depends on axioms: [propext,
 Classical.choice,
 Quot.sound]
'MolecularDynamics.textbookBrownianGibbsPartialOperator_isClosable' depends on axioms: [propext,
 Classical.choice,
 Quot.sound]
'MolecularDynamics.textbookBrownianGibbsClosedOperator' depends on axioms: [propext, Classical.choice, Quot.sound]
'MolecularDynamics.textbookBrownianGibbsPartialOperator_le_closed' depends on axioms: [propext,
 Classical.choice,
 Quot.sound]
'MolecularDynamics.textbookBrownianGibbsClosedOperator_isClosed' depends on axioms: [propext,
 Classical.choice,
 Quot.sound]
'MolecularDynamics.textbookBrownianGibbsClosedOperator_graph' depends on axioms: [propext, Classical.choice, Quot.sound]
'MolecularDynamics.textbookBrownianGibbsClosedOperator_dense' depends on axioms: [propext, Classical.choice, Quot.sound]
'MolecularDynamics.textbookBrownianGibbsClosedOperator_hasCore' depends on axioms: [propext,
 Classical.choice,
 Quot.sound]
'MolecularDynamics.textbookBrownianGibbsClosedOperator_apply_domain' depends on axioms: [propext,
 Classical.choice,
 Quot.sound]
'MolecularDynamics.textbookBrownianGibbsClosedOperator_apply_lift' depends on axioms: [propext,
 Classical.choice,
 Quot.sound]
'MolecularDynamics.textbookBrownianGibbsClosedOperator_const' depends on axioms: [propext, Classical.choice, Quot.sound]
'MolecularDynamics.textbookBrownianGibbsClosedOperator_le_extension' depends on axioms: [propext,
 Classical.choice,
 Quot.sound]
'MolecularDynamics.textbookBrownianGibbsClosedOperator_formalAdjoint_partial' depends on axioms: [propext,
 Classical.choice,
 Quot.sound]
'MolecularDynamics.textbookBrownianGibbsClosedOperator_formalAdjoint' depends on axioms: [propext,
 Classical.choice,
 Quot.sound]
'MolecularDynamics.textbookBrownianGibbsClosedOperator_nonpos' depends on axioms: [propext,
 Classical.choice,
 Quot.sound]
'MolecularDynamics.textbookTorusPotentialContinuous' depends on axioms: [propext, Classical.choice, Quot.sound]
'MolecularDynamics.textbookTorusPotential_abs_le_norm' depends on axioms: [propext, Classical.choice, Quot.sound]
'MolecularDynamics.textbookTorusPotentialScale' depends on axioms: [propext, Classical.choice, Quot.sound]
'MolecularDynamics.textbookTorusPotentialScale_nonneg' depends on axioms: [propext, Classical.choice, Quot.sound]
'MolecularDynamics.textbookTorusGibbsExponent_abs_le' depends on axioms: [propext, Classical.choice, Quot.sound]
'MolecularDynamics.textbookTorusGibbsWeight_lower' depends on axioms: [propext, Classical.choice, Quot.sound]
'MolecularDynamics.textbookTorusGibbsWeight_upper' depends on axioms: [propext, Classical.choice, Quot.sound]
'MolecularDynamics.textbookTorusPartition_lower' depends on axioms: [propext, Classical.choice, Quot.sound]
'MolecularDynamics.textbookTorusPartition_upper' depends on axioms: [propext, Classical.choice, Quot.sound]
'MolecularDynamics.textbookConfigurationTorusGibbsDensity' depends on axioms: [propext, Classical.choice, Quot.sound]
'MolecularDynamics.textbookConfigurationTorusGibbsDensity_pos' depends on axioms: [propext,
 Classical.choice,
 Quot.sound]
'MolecularDynamics.textbookTorusGibbsDensity_lower' depends on axioms: [propext, Classical.choice, Quot.sound]
'MolecularDynamics.textbookTorusGibbsDensity_upper' depends on axioms: [propext, Classical.choice, Quot.sound]
'MolecularDynamics.textbookConfigurationTorusGibbsDensity_continuous' depends on axioms: [propext,
 Classical.choice,
 Quot.sound]
'MolecularDynamics.textbookTorusGibbsDensity_mul_integrable' depends on axioms: [propext, Classical.choice, Quot.sound]
'MolecularDynamics.textbookTorusGibbsDensity_integral' depends on axioms: [propext, Classical.choice, Quot.sound]
'MolecularDynamics.textbookTorusGibbsIntegral_lower' depends on axioms: [propext, Classical.choice, Quot.sound]
'MolecularDynamics.textbookTorusGibbsIntegral_upper' depends on axioms: [propext, Classical.choice, Quot.sound]
'MolecularDynamics.textbookTorusGibbsSquareIntegral_lower' depends on axioms: [propext, Classical.choice, Quot.sound]
'MolecularDynamics.textbookTorusGibbsSquareIntegral_upper' depends on axioms: [propext, Classical.choice, Quot.sound]
'MolecularDynamics.textbookGibbsContinuousToLp_norm_sq' depends on axioms: [propext, Classical.choice, Quot.sound]
'MolecularDynamics.textbookGibbsContinuousToLp_norm_sq_lower' depends on axioms: [propext, Classical.choice, Quot.sound]
'MolecularDynamics.textbookGibbsContinuousToLp_norm_sq_upper' depends on axioms: [propext, Classical.choice, Quot.sound]
'MolecularDynamics.textbookGibbsMean' depends on axioms: [propext, Classical.choice, Quot.sound]
'MolecularDynamics.textbookGibbsVariance' depends on axioms: [propext, Classical.choice, Quot.sound]
'MolecularDynamics.textbookGibbsCenteredContinuous' depends on axioms: [propext, Classical.choice, Quot.sound]
'MolecularDynamics.textbookGibbsContinuous_memLp_two' depends on axioms: [propext, Classical.choice, Quot.sound]
'MolecularDynamics.textbookGibbsContinuous_integrable' depends on axioms: [propext, Classical.choice, Quot.sound]
'MolecularDynamics.textbookGibbsCenteredContinuous_mean_zero' depends on axioms: [propext, Classical.choice, Quot.sound]
'MolecularDynamics.textbookGibbsVariance_eq_variance' depends on axioms: [propext, Classical.choice, Quot.sound]
'MolecularDynamics.textbookGibbsVariance_eq_sub' depends on axioms: [propext, Classical.choice, Quot.sound]
'MolecularDynamics.textbookGibbsVariance_nonneg' depends on axioms: [propext, Classical.choice, Quot.sound]
'MolecularDynamics.textbookGibbsVariance_le_square_sub_const' depends on axioms: [propext, Classical.choice, Quot.sound]
'MolecularDynamics.textbookGibbsVariance_eq_zero_iff' depends on axioms: [propext, Classical.choice, Quot.sound]
'MolecularDynamics.textbookGibbsCenteredContinuous_norm_sq' depends on axioms: [propext, Classical.choice, Quot.sound]
'MolecularDynamics.textbookGibbsContinuousToLp_inner_one' depends on axioms: [propext, Classical.choice, Quot.sound]
'MolecularDynamics.textbookGibbsContinuousToLp_orthogonal_one_iff' depends on axioms: [propext,
 Classical.choice,
 Quot.sound]
'MolecularDynamics.textbookGibbsVariance_le_haar_centered_square' depends on axioms: [propext,
 Classical.choice,
 Quot.sound]
'MolecularDynamics.textbookTorusHaarMean' depends on axioms: [propext, Classical.choice, Quot.sound]
'MolecularDynamics.textbookTorusHaarVariance' depends on axioms: [propext, Classical.choice, Quot.sound]
'MolecularDynamics.textbookGibbsVariance_le_haar_variance' depends on axioms: [propext, Classical.choice, Quot.sound]
'MolecularDynamics.textbookGibbsVariance_sub_const' depends on axioms: [propext, Classical.choice, Quot.sound]
'MolecularDynamics.textbookGibbsCenteredContinuous_variance' depends on axioms: [propext, Classical.choice, Quot.sound]
'MolecularDynamics.textbookFourierPhase' depends on axioms: [propext, Classical.choice, Quot.sound]
'MolecularDynamics.textbookFourierPhase_apply' depends on axioms: [propext, Classical.choice, Quot.sound]
'MolecularDynamics.textbookFourierPhase_single' depends on axioms: [propext, Classical.choice, Quot.sound]
'MolecularDynamics.textbookFourierCosineLift' depends on axioms: [propext, Classical.choice, Quot.sound]
'MolecularDynamics.textbookFourierSineLift' depends on axioms: [propext, Classical.choice, Quot.sound]
'MolecularDynamics.textbookFourierCosineLift_contDiff' depends on axioms: [propext, Classical.choice, Quot.sound]
'MolecularDynamics.textbookFourierSineLift_contDiff' depends on axioms: [propext, Classical.choice, Quot.sound]
'MolecularDynamics.textbookFourierCosineLift_hasFDerivAt' depends on axioms: [propext, Classical.choice, Quot.sound]
'MolecularDynamics.textbookFourierSineLift_hasFDerivAt' depends on axioms: [propext, Classical.choice, Quot.sound]
'MolecularDynamics.textbookFourierCosineLift_partial' depends on axioms: [propext, Classical.choice, Quot.sound]
'MolecularDynamics.textbookFourierSineLift_partial' depends on axioms: [propext, Classical.choice, Quot.sound]
'MolecularDynamics.textbookFourierPhase_integer_apply' depends on axioms: [propext, Classical.choice, Quot.sound]
'MolecularDynamics.textbookFourierCosineLift_periodic' depends on axioms: [propext, Classical.choice, Quot.sound]
'MolecularDynamics.textbookFourierSineLift_periodic' depends on axioms: [propext, Classical.choice, Quot.sound]
'MolecularDynamics.textbookFourierCosineLift_second_partial' depends on axioms: [propext, Classical.choice, Quot.sound]
'MolecularDynamics.textbookFourierSineLift_second_partial' depends on axioms: [propext, Classical.choice, Quot.sound]
'MolecularDynamics.textbookTorusFourier_lift_exp' depends on axioms: [propext, Classical.choice, Quot.sound]
'MolecularDynamics.textbookTorusFourier_lift_re' depends on axioms: [propext, Classical.choice, Quot.sound]
'MolecularDynamics.textbookTorusFourier_lift_im' depends on axioms: [propext, Classical.choice, Quot.sound]
'MolecularDynamics.textbookFourierLaplaceFrequency' depends on axioms: [propext, Classical.choice, Quot.sound]
'MolecularDynamics.textbookFourierLaplaceFrequency_zero' depends on axioms: [propext, Classical.choice, Quot.sound]
'MolecularDynamics.textbookFourier_integer_sum_sq_lower' depends on axioms: [propext, Classical.choice, Quot.sound]
'MolecularDynamics.textbookFourierLaplaceFrequency_lower' depends on axioms: [propext, Classical.choice, Quot.sound]
'MolecularDynamics.textbookBrownianGenerator_flat' depends on axioms: [propext, Classical.choice, Quot.sound]
'MolecularDynamics.textbookFourierCosineLift_flat_generator' depends on axioms: [propext, Classical.choice, Quot.sound]
'MolecularDynamics.textbookFourierSineLift_flat_generator' depends on axioms: [propext, Classical.choice, Quot.sound]
'MolecularDynamics.textbookConfigurationPartition_zero' depends on axioms: [propext, Classical.choice, Quot.sound]
'MolecularDynamics.textbookConfigurationTorusGibbsMeasure_zero' depends on axioms: [propext,
 Classical.choice,
 Quot.sound]
'MolecularDynamics.textbookHaarLaplace_dirichlet' depends on axioms: [propext, Classical.choice, Quot.sound]
'MolecularDynamics.textbookHaarLaplace_symmetric' depends on axioms: [propext, Classical.choice, Quot.sound]
'MolecularDynamics.textbookTorusFourier_cosine_observable' depends on axioms: [propext, Classical.choice, Quot.sound]
'MolecularDynamics.textbookTorusFourier_sine_observable' depends on axioms: [propext, Classical.choice, Quot.sound]
'MolecularDynamics.textbookHaarLaplace_cosine_pairing' depends on axioms: [propext, Classical.choice, Quot.sound]
'MolecularDynamics.textbookHaarLaplace_sine_pairing' depends on axioms: [propext, Classical.choice, Quot.sound]
'MolecularDynamics.textbookTorusHaarComplexObservable' depends on axioms: [propext, Classical.choice, Quot.sound]
'MolecularDynamics.textbookTorusHaarComplexObservable_lift' depends on axioms: [propext, Classical.choice, Quot.sound]
'MolecularDynamics.textbookTorusHaarFourierCoeff_re' depends on axioms: [propext, Classical.choice, Quot.sound]
'MolecularDynamics.textbookTorusHaarFourierCoeff_im' depends on axioms: [propext, Classical.choice, Quot.sound]
'MolecularDynamics.textbookHaarLaplace_fourierCoeff' depends on axioms: [propext, Classical.choice, Quot.sound]
'MolecularDynamics.textbookTorusHaarFourierCoeff_zero' depends on axioms: [propext, Classical.choice, Quot.sound]
'MolecularDynamics.textbookTorusHaarGradientEnergy' depends on axioms: [propext, Classical.choice, Quot.sound]
'MolecularDynamics.textbookTorusHaarGradientEnergy_eq_sum' depends on axioms: [propext, Classical.choice, Quot.sound]
'MolecularDynamics.textbookTorusHaarGradientEnergy_nonneg' depends on axioms: [propext, Classical.choice, Quot.sound]
'MolecularDynamics.textbookTorusHaarFourierCoeff_sq_hasSum' depends on axioms: [propext, Classical.choice, Quot.sound]
'MolecularDynamics.textbookTorusHaarFourier_energy_hasSum' depends on axioms: [propext, Classical.choice, Quot.sound]
'MolecularDynamics.textbookConfigurationPartial_sub_const' depends on axioms: [propext, Classical.choice, Quot.sound]
'MolecularDynamics.textbookTorusHaarGradientEnergy_sub_const' depends on axioms: [propext, Classical.choice, Quot.sound]
'MolecularDynamics.textbookTorusHaarFourierCoeff_zero_eq_mean' depends on axioms: [propext,
 Classical.choice,
 Quot.sound]
'MolecularDynamics.textbookTorusHaarPoincare_mean_zero' depends on axioms: [propext, Classical.choice, Quot.sound]
'MolecularDynamics.textbookTorusHaar_center_mean_zero' depends on axioms: [propext, Classical.choice, Quot.sound]
'MolecularDynamics.textbookTorusHaarPoincare_centered' depends on axioms: [propext, Classical.choice, Quot.sound]
'MolecularDynamics.textbookTorusHaarPoincare' depends on axioms: [propext, Classical.choice, Quot.sound]
'MolecularDynamics.textbookTorusHaarVariance_poincare' depends on axioms: [propext, Classical.choice, Quot.sound]
'MolecularDynamics.textbookGibbsVariance_le_haarGradientEnergy' depends on axioms: [propext,
 Classical.choice,
 Quot.sound]
'MolecularDynamics.textbookConfigurationMassScale' depends on axioms: [propext, Classical.choice, Quot.sound]
'MolecularDynamics.textbookConfigurationMassScale_pos' depends on axioms: [propext, Classical.choice, Quot.sound]
'MolecularDynamics.textbookConfigurationMass_le_scale' depends on axioms: [propext, Classical.choice, Quot.sound]
'MolecularDynamics.textbookConfigurationGradientPair_contDiff' depends on axioms: [propext,
 Classical.choice,
 Quot.sound]
'MolecularDynamics.textbookConfigurationGradientPair_self_nonneg' depends on axioms: [propext,
 Classical.choice,
 Quot.sound]
'MolecularDynamics.textbookConfigurationGradientPair_unit_le_mass' depends on axioms: [propext,
 Classical.choice,
 Quot.sound]
'MolecularDynamics.textbookTorusGibbsGradientEnergy' depends on axioms: [propext, Classical.choice, Quot.sound]
'MolecularDynamics.textbookTorusGibbsGradientEnergy_nonneg' depends on axioms: [propext, Classical.choice, Quot.sound]
'MolecularDynamics.textbookTorusHaarGradientEnergy_le_gibbs' depends on axioms: [propext, Classical.choice, Quot.sound]
'MolecularDynamics.textbookTorusGibbsGradientEnergy_unit_le_mass' depends on axioms: [propext,
 Classical.choice,
 Quot.sound]
'MolecularDynamics.textbookGibbsPoincareConstant' depends on axioms: [propext, Classical.choice, Quot.sound]
'MolecularDynamics.textbookGibbsPoincareConstant_pos' depends on axioms: [propext, Classical.choice, Quot.sound]
'MolecularDynamics.textbookGibbsVariance_poincare' depends on axioms: [propext, Classical.choice, Quot.sound]
'MolecularDynamics.textbookTorusGibbsGradientEnergy_sub_const' depends on axioms: [propext,
 Classical.choice,
 Quot.sound]
'MolecularDynamics.textbookTorusGibbsGradientEnergy_dirichlet' depends on axioms: [propext,
 Classical.choice,
 Quot.sound]
'MolecularDynamics.textbookBrownianGibbsCoercivityRate' depends on axioms: [propext, Classical.choice, Quot.sound]
'MolecularDynamics.textbookBrownianGibbsCoercivityRate_pos' depends on axioms: [propext, Classical.choice, Quot.sound]
'MolecularDynamics.textbookBrownianGibbs_mean_zero_coercive' depends on axioms: [propext, Classical.choice, Quot.sound]
'MolecularDynamics.textbookPeriodicSmoothContinuous' depends on axioms: [propext, Classical.choice, Quot.sound]
'MolecularDynamics.textbookPeriodicSmoothContinuous_lift' depends on axioms: [propext, Classical.choice, Quot.sound]
'MolecularDynamics.textbookPeriodicSmoothContinuous_const' depends on axioms: [propext, Classical.choice, Quot.sound]
'MolecularDynamics.textbookPeriodicSmoothEmbedding_eq_continuousToLp' depends on axioms: [propext,
 Classical.choice,
 Quot.sound]
'MolecularDynamics.textbookPeriodicSmoothEmbedding_one_norm' depends on axioms: [propext, Classical.choice, Quot.sound]
'MolecularDynamics.textbookPeriodicSmoothEmbedding_inner_one' depends on axioms: [propext, Classical.choice, Quot.sound]
'MolecularDynamics.textbookPeriodicSmoothEmbedding_variance' depends on axioms: [propext, Classical.choice, Quot.sound]
'MolecularDynamics.textbookBrownianGibbsCoercivityRate_mul_constant' depends on axioms: [propext,
 Classical.choice,
 Quot.sound]
'MolecularDynamics.textbookBrownianGibbsDomainOperator_coercive' depends on axioms: [propext,
 Classical.choice,
 Quot.sound]
'MolecularDynamics.textbookBrownianGibbsClosedOperator_coercive' depends on axioms: [propext,
 Classical.choice,
 Quot.sound]
'MolecularDynamics.textbookBrownianGibbsClosedOperator_orthogonal_coercive' depends on axioms: [propext,
 Classical.choice,
 Quot.sound]
'MolecularDynamics.textbookGibbsConstantProjection_norm_sq' depends on axioms: [propext, Classical.choice, Quot.sound]
'MolecularDynamics.textbookBrownianGibbsClosedOperator_kernel_constant' depends on axioms: [propext,
 Classical.choice,
 Quot.sound]
'MolecularDynamics.textbookBrownianGibbsClosedOperator_eigenvalue_orthogonal' depends on axioms: [propext,
 Classical.choice,
 Quot.sound]
'MolecularDynamics.textbookBrownianGibbsClosedOperator_real_eigenvalue_bound' depends on axioms: [propext,
 Classical.choice,
 Quot.sound]
'MolecularDynamics.textbookMassFourierFrequency' depends on axioms: [propext, Classical.choice, Quot.sound]
'MolecularDynamics.textbookMassFourierFrequency_zero' depends on axioms: [propext, Classical.choice, Quot.sound]
'MolecularDynamics.textbookMassFourierFrequency_unit' depends on axioms: [propext, Classical.choice, Quot.sound]
'MolecularDynamics.textbookMassFourierFrequency_neg' depends on axioms: [propext, Classical.choice, Quot.sound]
'MolecularDynamics.textbookMassFourierFrequency_nonneg' depends on axioms: [propext, Classical.choice, Quot.sound]
'MolecularDynamics.textbookConfigurationMassScale_inv_le' depends on axioms: [propext, Classical.choice, Quot.sound]
'MolecularDynamics.textbookMassFourierFrequency_coercive' depends on axioms: [propext, Classical.choice, Quot.sound]
'MolecularDynamics.textbookMassFourierFrequency_lower' depends on axioms: [propext, Classical.choice, Quot.sound]
'MolecularDynamics.textbookMassFourierFrequency_pos' depends on axioms: [propext, Classical.choice, Quot.sound]
'MolecularDynamics.textbookMassFourierFrequency_eq_zero_iff' depends on axioms: [propext, Classical.choice, Quot.sound]
'MolecularDynamics.textbookBrownianGenerator_mass_flat' depends on axioms: [propext, Classical.choice, Quot.sound]
'MolecularDynamics.textbookFourierCosineLift_mass_generator' depends on axioms: [propext, Classical.choice, Quot.sound]
'MolecularDynamics.textbookFourierSineLift_mass_generator' depends on axioms: [propext, Classical.choice, Quot.sound]
'MolecularDynamics.textbookHaarMassLaplace_dirichlet' depends on axioms: [propext, Classical.choice, Quot.sound]
'MolecularDynamics.textbookHaarMassLaplace_symmetric' depends on axioms: [propext, Classical.choice, Quot.sound]
'MolecularDynamics.textbookHaarMassLaplace_cosine_pairing' depends on axioms: [propext, Classical.choice, Quot.sound]
'MolecularDynamics.textbookHaarMassLaplace_sine_pairing' depends on axioms: [propext, Classical.choice, Quot.sound]
'MolecularDynamics.textbookHaarMassLaplace_fourierCoeff' depends on axioms: [propext, Classical.choice, Quot.sound]
'MolecularDynamics.textbookTorusHaarMassGradientEnergy' depends on axioms: [propext, Classical.choice, Quot.sound]
'MolecularDynamics.textbookTorusHaarMassGradientEnergy_eq_sum' depends on axioms: [propext,
 Classical.choice,
 Quot.sound]
'MolecularDynamics.textbookTorusHaarMassGradientEnergy_nonneg' depends on axioms: [propext,
 Classical.choice,
 Quot.sound]
'MolecularDynamics.textbookTorusHaarMassFourier_energy_hasSum' depends on axioms: [propext,
 Classical.choice,
 Quot.sound]
'MolecularDynamics.textbookTorusHaarMassFourier_generator_sq_hasSum' depends on axioms: [propext,
 Classical.choice,
 Quot.sound]
'MolecularDynamics.textbookMassFourierFrequency_finite_sublevel' depends on axioms: [propext,
 Classical.choice,
 Quot.sound]
'MolecularDynamics.textbookMassFourierFrequency_tendsto' depends on axioms: [propext, Classical.choice, Quot.sound]
'MolecularDynamics.textbookMassFourierFrequency_resolvent_decay' depends on axioms: [propext,
 Classical.choice,
 Quot.sound]
'MolecularDynamics.textbookConfigurationPartial_mul' depends on axioms: [propext, Classical.choice, Quot.sound]
'MolecularDynamics.textbookConfigurationPartial_second_mul' depends on axioms: [propext, Classical.choice, Quot.sound]
'MolecularDynamics.textbookConfigurationGibbsWeight_second_partial' depends on axioms: [propext,
 Classical.choice,
 Quot.sound]
'MolecularDynamics.textbookGibbsGroundStateFactor' depends on axioms: [propext, Classical.choice, Quot.sound]
'MolecularDynamics.textbookGibbsGroundStateInverse' depends on axioms: [propext, Classical.choice, Quot.sound]
'MolecularDynamics.textbookGibbsGroundStateFactor_contDiff' depends on axioms: [propext, Classical.choice, Quot.sound]
'MolecularDynamics.textbookGibbsGroundStateInverse_contDiff' depends on axioms: [propext, Classical.choice, Quot.sound]
'MolecularDynamics.textbookGibbsGroundStateFactor_periodic' depends on axioms: [propext, Classical.choice, Quot.sound]
'MolecularDynamics.textbookGibbsGroundStateInverse_periodic' depends on axioms: [propext, Classical.choice, Quot.sound]
'MolecularDynamics.textbookGibbsGroundStateFactor_pos' depends on axioms: [propext, Classical.choice, Quot.sound]
'MolecularDynamics.textbookGibbsGroundStateFactor_mul_inverse' depends on axioms: [propext,
 Classical.choice,
 Quot.sound]
'MolecularDynamics.textbookGibbsGroundStateFactor_sq' depends on axioms: [propext, Classical.choice, Quot.sound]
'MolecularDynamics.textbookBrownianGroundStatePotential' depends on axioms: [propext, Classical.choice, Quot.sound]
'MolecularDynamics.textbookBrownianGroundStatePotential_contDiff' depends on axioms: [propext,
 Classical.choice,
 Quot.sound]
'MolecularDynamics.textbookBrownianGroundStatePotential_periodic' depends on axioms: [propext,
 Classical.choice,
 Quot.sound]
'MolecularDynamics.textbookBrownianTorusGroundStatePotential' depends on axioms: [propext, Classical.choice, Quot.sound]
'MolecularDynamics.textbookBrownianTorusGroundStatePotential_lift' depends on axioms: [propext,
 Classical.choice,
 Quot.sound]
'MolecularDynamics.textbookBrownianGroundStatePotential_abs_le_norm' depends on axioms: [propext,
 Classical.choice,
 Quot.sound]
'MolecularDynamics.textbookBrownianGenerator_groundState_inverse' depends on axioms: [propext,
 Classical.choice,
 Quot.sound]
'MolecularDynamics.textbookBrownianGenerator_groundState_conjugation' depends on axioms: [propext,
 Classical.choice,
 Quot.sound]
'MolecularDynamics.textbookGibbsNormalizedGroundStateFactor' depends on axioms: [propext, Classical.choice, Quot.sound]
'MolecularDynamics.textbookGibbsNormalizedGroundStateFactor_contDiff' depends on axioms: [propext,
 Classical.choice,
 Quot.sound]
'MolecularDynamics.textbookGibbsNormalizedGroundStateFactor_periodic' depends on axioms: [propext,
 Classical.choice,
 Quot.sound]
'MolecularDynamics.textbookGibbsNormalizedGroundStateFactor_pos' depends on axioms: [propext,
 Classical.choice,
 Quot.sound]
'MolecularDynamics.textbookGibbsNormalizedGroundStateFactor_sq' depends on axioms: [propext,
 Classical.choice,
 Quot.sound]
'MolecularDynamics.textbookTorusGibbsNormalizedGroundStateFactor' depends on axioms: [propext,
 Classical.choice,
 Quot.sound]
'MolecularDynamics.textbookTorusGibbsNormalizedGroundStateFactor_lift' depends on axioms: [propext,
 Classical.choice,
 Quot.sound]
'MolecularDynamics.textbookTorusGibbsNormalizedGroundStateFactor_sq' depends on axioms: [propext,
 Classical.choice,
 Quot.sound]
'MolecularDynamics.textbookTorusGibbsGroundState_square_integral' depends on axioms: [propext,
 Classical.choice,
 Quot.sound]
'MolecularDynamics.textbookTorusGibbsNormalizedGroundStateFactor_pos' depends on axioms: [propext,
 Classical.choice,
 Quot.sound]
'MolecularDynamics.textbookTorusGibbsNormalizedGroundStateInverse' depends on axioms: [propext,
 Classical.choice,
 Quot.sound]
'MolecularDynamics.textbookGibbsGroundStateContinuousEquiv' depends on axioms: [propext, Classical.choice, Quot.sound]
'MolecularDynamics.textbookGibbsGroundStateContinuousEquiv_apply' depends on axioms: [propext,
 Classical.choice,
 Quot.sound]
'MolecularDynamics.textbookGibbsGroundStateContinuousEquiv_symm_apply' depends on axioms: [propext,
 Classical.choice,
 Quot.sound]
'MolecularDynamics.textbookHaarContinuousToLp' depends on axioms: [propext, Classical.choice, Quot.sound]
'MolecularDynamics.textbookHaarContinuousToLp_denseRange' depends on axioms: [propext, Classical.choice, Quot.sound]
'MolecularDynamics.textbookHaarContinuousToLp_norm_sq' depends on axioms: [propext, Classical.choice, Quot.sound]
'MolecularDynamics.textbookGibbsGroundStateContinuousEquiv_norm' depends on axioms: [propext,
 Classical.choice,
 Quot.sound]
'MolecularDynamics.textbookGibbsHaarGroundStateIsometry' depends on axioms: [propext, Classical.choice, Quot.sound]
'MolecularDynamics.textbookGibbsHaarGroundStateIsometry_apply_continuous' depends on axioms: [propext,
 Classical.choice,
 Quot.sound]
'MolecularDynamics.textbookGibbsHaarGroundStateIsometry_symm_continuous' depends on axioms: [propext,
 Classical.choice,
 Quot.sound]
'MolecularDynamics.textbookGibbsHaarGroundStateIsometry_norm' depends on axioms: [propext, Classical.choice, Quot.sound]
'MolecularDynamics.textbookGibbsHaarGroundStateIsometry_surjective' depends on axioms: [propext,
 Classical.choice,
 Quot.sound]
'MolecularDynamics.textbookGibbsHaarGroundStateIsometry_inner' depends on axioms: [propext,
 Classical.choice,
 Quot.sound]
'MolecularDynamics.textbookGibbsNormalizedGroundStateInverse' depends on axioms: [propext, Classical.choice, Quot.sound]
'MolecularDynamics.textbookGibbsNormalizedGroundStateInverse_contDiff' depends on axioms: [propext,
 Classical.choice,
 Quot.sound]
'MolecularDynamics.textbookGibbsNormalizedGroundStateInverse_periodic' depends on axioms: [propext,
 Classical.choice,
 Quot.sound]
'MolecularDynamics.textbookGibbsNormalizedGroundStateFactor_mul_inverse' depends on axioms: [propext,
 Classical.choice,
 Quot.sound]
'MolecularDynamics.textbookGibbsGroundStateSmoothEquiv' depends on axioms: [propext, Classical.choice, Quot.sound]
'MolecularDynamics.textbookGibbsGroundStateSmoothEquiv_apply' depends on axioms: [propext, Classical.choice, Quot.sound]
'MolecularDynamics.textbookPeriodicSmoothHaarEmbedding' depends on axioms: [propext, Classical.choice, Quot.sound]
'MolecularDynamics.textbookGibbsHaarGroundStateIsometry_apply_smooth' depends on axioms: [propext,
 Classical.choice,
 Quot.sound]
'MolecularDynamics.textbookGibbsHaarGroundStateIsometry_smooth_range' depends on axioms: [propext,
 Classical.choice,
 Quot.sound]
'MolecularDynamics.textbookBrownianGenerator_normalized_groundState_conjugation' depends on axioms: [propext,
 Classical.choice,
 Quot.sound]
'MolecularDynamics.textbookBrownianHaarGroundStateSmoothGenerator' depends on axioms: [propext,
 Classical.choice,
 Quot.sound]
'MolecularDynamics.textbookBrownianHaarGroundStateSmoothGenerator_apply' depends on axioms: [propext,
 Classical.choice,
 Quot.sound]
'MolecularDynamics.textbookBrownianSmoothGenerator_groundState_conjugation' depends on axioms: [propext,
 Classical.choice,
 Quot.sound]
'MolecularDynamics.textbookBrownianGibbsHaarGenerator_core_conjugation' depends on axioms: [propext,
 Classical.choice,
 Quot.sound]
'MolecularDynamics.textbookBrownianGibbsL2Image_groundState_core' depends on axioms: [propext,
 Classical.choice,
 Quot.sound]
'MolecularDynamics.textbookPeriodicSmoothHaarEmbedding_injective' depends on axioms: [propext,
 Classical.choice,
 Quot.sound]
'MolecularDynamics.textbookBrownianHaarSmoothDomain' depends on axioms: [propext, Classical.choice, Quot.sound]
'MolecularDynamics.textbookPeriodicSmoothHaarEmbeddingEquiv' depends on axioms: [propext, Classical.choice, Quot.sound]
'MolecularDynamics.textbookPeriodicSmoothHaarEmbeddingEquiv_coe' depends on axioms: [propext,
 Classical.choice,
 Quot.sound]
'MolecularDynamics.textbookBrownianHaarGroundStateDomainOperator' depends on axioms: [propext,
 Classical.choice,
 Quot.sound]
'MolecularDynamics.textbookBrownianHaarGroundStateDomainOperator_apply_equiv' depends on axioms: [propext,
 Classical.choice,
 Quot.sound]
'MolecularDynamics.textbookBrownianHaarGroundStatePartialOperator' depends on axioms: [propext,
 Classical.choice,
 Quot.sound]
'MolecularDynamics.textbookGibbsHaarGroundStateGraphEquiv' depends on axioms: [propext, Classical.choice, Quot.sound]
'MolecularDynamics.textbookGibbsHaarGroundStateGraphEquiv_closure' depends on axioms: [propext,
 Classical.choice,
 Quot.sound]
'MolecularDynamics.textbookGibbsHaarGroundState_partial_graph' depends on axioms: [propext,
 Classical.choice,
 Quot.sound]
'MolecularDynamics.textbookBrownianHaarSmoothDomain_dense' depends on axioms: [propext, Classical.choice, Quot.sound]
'MolecularDynamics.textbookBrownianHaarGroundStatePartialOperator_dense' depends on axioms: [propext,
 Classical.choice,
 Quot.sound]
'MolecularDynamics.textbookBrownianHaarGroundStatePartialOperator_formalAdjoint' depends on axioms: [propext,
 Classical.choice,
 Quot.sound]
'MolecularDynamics.textbookBrownianHaarGroundStatePartialOperator_isClosable' depends on axioms: [propext,
 Classical.choice,
 Quot.sound]
'MolecularDynamics.textbookBrownianHaarGroundStateClosedOperator' depends on axioms: [propext,
 Classical.choice,
 Quot.sound]
'MolecularDynamics.textbookBrownianHaarGroundStateClosedOperator_isClosed' depends on axioms: [propext,
 Classical.choice,
 Quot.sound]
'MolecularDynamics.textbookBrownianHaarGroundStateClosedOperator_graph' depends on axioms: [propext,
 Classical.choice,
 Quot.sound]
'MolecularDynamics.textbookGibbsHaarGroundState_closed_graph' depends on axioms: [propext, Classical.choice, Quot.sound]
'MolecularDynamics.textbookBrownianHaarGroundStatePartialOperator_le_closed' depends on axioms: [propext,
 Classical.choice,
 Quot.sound]
'MolecularDynamics.textbookBrownianHaarGroundStateClosedOperator_hasCore' depends on axioms: [propext,
 Classical.choice,
 Quot.sound]
'MolecularDynamics.textbookBrownianHaarGroundStateClosedOperator_dense' depends on axioms: [propext,
 Classical.choice,
 Quot.sound]
'MolecularDynamics.textbookBrownianHaarGroundStateClosedOperator_formalAdjoint' depends on axioms: [propext,
 Classical.choice,
 Quot.sound]
'MolecularDynamics.textbookBrownianHaarGroundStateClosedOperator_nonpos' depends on axioms: [propext,
 Classical.choice,
 Quot.sound]
'MolecularDynamics.textbookHaarL2Complexify' depends on axioms: [propext, Classical.choice, Quot.sound]
'MolecularDynamics.textbookHaarL2RealPart' depends on axioms: [propext, Classical.choice, Quot.sound]
'MolecularDynamics.textbookHaarL2Complexify_ae' depends on axioms: [propext, Classical.choice, Quot.sound]
'MolecularDynamics.textbookHaarL2RealPart_ae' depends on axioms: [propext, Classical.choice, Quot.sound]
'MolecularDynamics.textbookHaarL2RealPart_complexify' depends on axioms: [propext, Classical.choice, Quot.sound]
'MolecularDynamics.textbookHaarL2Complexify_norm' depends on axioms: [propext, Classical.choice, Quot.sound]
'MolecularDynamics.textbookHaarL2Complexify_injective' depends on axioms: [propext, Classical.choice, Quot.sound]
'MolecularDynamics.textbookHaarL2RealPart_fourier_hasSum' depends on axioms: [propext, Classical.choice, Quot.sound]
'MolecularDynamics.textbookFourierCosineSmooth' depends on axioms: [propext, Classical.choice, Quot.sound]
'MolecularDynamics.textbookFourierSineSmooth' depends on axioms: [propext, Classical.choice, Quot.sound]
'MolecularDynamics.textbookFourierRealMode' depends on axioms: [propext, Classical.choice, Quot.sound]
'MolecularDynamics.textbookFourierRealMode_apply' depends on axioms: [propext, Classical.choice, Quot.sound]
'MolecularDynamics.textbookFourierRealMode_observable' depends on axioms: [propext, Classical.choice, Quot.sound]
'MolecularDynamics.textbookFourierRealMode_haarEmbedding' depends on axioms: [propext, Classical.choice, Quot.sound]
'MolecularDynamics.textbookHaarMassSmoothGenerator' depends on axioms: [propext, Classical.choice, Quot.sound]
'MolecularDynamics.textbookHaarMassSmoothGenerator_apply' depends on axioms: [propext, Classical.choice, Quot.sound]
'MolecularDynamics.textbookHaarMassSmoothGenerator_realMode' depends on axioms: [propext, Classical.choice, Quot.sound]
'MolecularDynamics.textbookHaarL2Fourier_smooth_hasSum' depends on axioms: [propext, Classical.choice, Quot.sound]
'MolecularDynamics.textbookHaarFourierPolynomial' depends on axioms: [propext, Classical.choice, Quot.sound]
'MolecularDynamics.textbookHaarFourierPolynomial_embedding' depends on axioms: [propext, Classical.choice, Quot.sound]
'MolecularDynamics.textbookHaarFourierPolynomial_generator' depends on axioms: [propext, Classical.choice, Quot.sound]
'MolecularDynamics.textbookHaarFourierPolynomial_tendsto' depends on axioms: [propext, Classical.choice, Quot.sound]
'MolecularDynamics.textbookHaarL2RealPart_inner' depends on axioms: [propext, Classical.choice, Quot.sound]
'MolecularDynamics.textbookFourierRealMode_inner' depends on axioms: [propext, Classical.choice, Quot.sound]
'MolecularDynamics.textbookFourierRealMode_real_mul' depends on axioms: [propext, Classical.choice, Quot.sound]
'MolecularDynamics.textbookHaarFourierPolynomial_generator_coeff' depends on axioms: [propext,
 Classical.choice,
 Quot.sound]
'MolecularDynamics.textbookHaarL2Fourier_coeff_injective' depends on axioms: [propext, Classical.choice, Quot.sound]
'MolecularDynamics.textbookHaarFourierPolynomial_graph_tendsto' depends on axioms: [propext,
 Classical.choice,
 Quot.sound]
'MolecularDynamics.textbookBrownianGroundStatePotential_zero' depends on axioms: [propext, Classical.choice, Quot.sound]
'MolecularDynamics.textbookBrownianHaarGroundStateSmoothGenerator_zero' depends on axioms: [propext,
 Classical.choice,
 Quot.sound]
'MolecularDynamics.textbookHaarMassPartialOperator' depends on axioms: [propext, Classical.choice, Quot.sound]
'MolecularDynamics.textbookHaarMassClosedOperator' depends on axioms: [propext, Classical.choice, Quot.sound]
'MolecularDynamics.textbookHaarMassPartialOperator_graph_smooth' depends on axioms: [propext,
 Classical.choice,
 Quot.sound]
'MolecularDynamics.textbookHaarMassClosedOperator_isClosed' depends on axioms: [propext, Classical.choice, Quot.sound]
'MolecularDynamics.textbookHaarMassClosedOperator_dense' depends on axioms: [propext, Classical.choice, Quot.sound]
'MolecularDynamics.textbookHaarMassClosedOperator_formalAdjoint' depends on axioms: [propext,
 Classical.choice,
 Quot.sound]
'MolecularDynamics.textbookHaarMassClosedOperator_mem_graph_of_coeff' depends on axioms: [propext,
 Classical.choice,
 Quot.sound]
'MolecularDynamics.textbookHaarMassClosedOperator_graph_iff_coeff' depends on axioms: [propext,
 Classical.choice,
 Quot.sound]
'MolecularDynamics.textbookHaarMassClosedOperator_isSelfAdjoint' depends on axioms: [propext,
 Classical.choice,
 Quot.sound]
'MolecularDynamics.textbookHaarMassPartialOperator_adjoint_eq_closed' depends on axioms: [propext,
 Classical.choice,
 Quot.sound]
'MolecularDynamics.textbookBrownianHaarPotentialOperator' depends on axioms: [propext, Classical.choice, Quot.sound]
'MolecularDynamics.textbookBrownianHaarPotentialOperator_ae' depends on axioms: [propext, Classical.choice, Quot.sound]
'MolecularDynamics.textbookBrownianHaarPotentialOperator_norm_bound' depends on axioms: [propext,
 Classical.choice,
 Quot.sound]
'MolecularDynamics.textbookBrownianHaarPotentialOperator_symmetric' depends on axioms: [propext,
 Classical.choice,
 Quot.sound]
'MolecularDynamics.textbookBrownianHaarPotentialOperator_continuous' depends on axioms: [propext,
 Classical.choice,
 Quot.sound]
'MolecularDynamics.textbookBrownianGroundStateSmoothMultiply' depends on axioms: [propext, Classical.choice, Quot.sound]
'MolecularDynamics.textbookBrownianGroundStateSmoothMultiply_haarEmbedding' depends on axioms: [propext,
 Classical.choice,
 Quot.sound]
'MolecularDynamics.textbookBrownianHaarGroundStateSmoothGenerator_split' depends on axioms: [propext,
 Classical.choice,
 Quot.sound]
'MolecularDynamics.textbookBrownianHaarGroundStateSmoothGenerator_embedding_split' depends on axioms: [propext,
 Classical.choice,
 Quot.sound]
'MolecularDynamics.textbookBrownianHaarPotentialGraphEquiv' depends on axioms: [propext, Classical.choice, Quot.sound]
'MolecularDynamics.textbookBrownianHaarPotentialGraphEquiv_apply' depends on axioms: [propext,
 Classical.choice,
 Quot.sound]
'MolecularDynamics.textbookBrownianHaarPotentialGraphEquiv_symm_apply' depends on axioms: [propext,
 Classical.choice,
 Quot.sound]
'MolecularDynamics.textbookBrownianHaarPotentialGraphEquiv_closure' depends on axioms: [propext,
 Classical.choice,
 Quot.sound]
'MolecularDynamics.textbookBrownianHaarPotential_partial_graph' depends on axioms: [propext,
 Classical.choice,
 Quot.sound]
'MolecularDynamics.textbookBrownianHaarPotential_closed_graph' depends on axioms: [propext,
 Classical.choice,
 Quot.sound]
'MolecularDynamics.textbookBrownianHaarPotential_closed_graph_iff' depends on axioms: [propext,
 Classical.choice,
 Quot.sound]
'MolecularDynamics.textbookBrownianHaarGroundStateClosedOperator_isSelfAdjoint' depends on axioms: [propext,
 Classical.choice,
 Quot.sound]
'MolecularDynamics.textbookBrownianHaarGroundStateClosedOperator_domain_eq_mass' depends on axioms: [propext,
 Classical.choice,
 Quot.sound]
'MolecularDynamics.textbookBrownianGibbsClosedOperator_isSelfAdjoint' depends on axioms: [propext,
 Classical.choice,
 Quot.sound]
'MolecularDynamics.textbookMassFourierInverseWeight' depends on axioms: [propext, Classical.choice, Quot.sound]
'MolecularDynamics.textbookMassFourierInverseWeight_pos' depends on axioms: [propext, Classical.choice, Quot.sound]
'MolecularDynamics.textbookMassFourierInverseWeight_le_one' depends on axioms: [propext, Classical.choice, Quot.sound]
'MolecularDynamics.textbookMassFourierInverseWeight_neg' depends on axioms: [propext, Classical.choice, Quot.sound]
'MolecularDynamics.textbookMassFourierCoefficientOperator' depends on axioms: [propext, Classical.choice, Quot.sound]
'MolecularDynamics.textbookMassFourierCoefficientOperator_apply' depends on axioms: [propext,
 Classical.choice,
 Quot.sound]
'MolecularDynamics.textbookMassFourierCoefficientOperator_norm' depends on axioms: [propext,
 Classical.choice,
 Quot.sound]
'MolecularDynamics.textbookMassFourierCoefficientFinite' depends on axioms: [propext, Classical.choice, Quot.sound]
'MolecularDynamics.textbookMassFourierCoefficientFinite_apply' depends on axioms: [propext,
 Classical.choice,
 Quot.sound]
'MolecularDynamics.textbookMassFourierCoefficientFinite_isCompact' depends on axioms: [propext,
 Classical.choice,
 Quot.sound]
'MolecularDynamics.textbookMassFourierCoefficientFinite_tendsto' depends on axioms: [propext,
 Classical.choice,
 Quot.sound]
'MolecularDynamics.textbookMassFourierCoefficientOperator_isCompact' depends on axioms: [propext,
 Classical.choice,
 Quot.sound]
'MolecularDynamics.textbookHaarMassComplexFourierOperator' depends on axioms: [propext, Classical.choice, Quot.sound]
'MolecularDynamics.textbookHaarMassComplexFourierOperator_coeff' depends on axioms: [propext,
 Classical.choice,
 Quot.sound]
'MolecularDynamics.textbookHaarMassComplexFourierOperator_norm' depends on axioms: [propext,
 Classical.choice,
 Quot.sound]
'MolecularDynamics.textbookHaarMassComplexFourierOperator_isCompact' depends on axioms: [propext,
 Classical.choice,
 Quot.sound]
'MolecularDynamics.textbookHaarL2RealPart_norm' depends on axioms: [propext, Classical.choice, Quot.sound]
'MolecularDynamics.textbookHaarMassFourierOperator' depends on axioms: [propext, Classical.choice, Quot.sound]
'MolecularDynamics.textbookHaarMassFourierOperator_norm' depends on axioms: [propext, Classical.choice, Quot.sound]
'MolecularDynamics.textbookHaarMassFourierOperator_isCompact' depends on axioms: [propext, Classical.choice, Quot.sound]
'MolecularDynamics.textbookHaarMassFourierOperator_mem_graph' depends on axioms: [propext, Classical.choice, Quot.sound]
'MolecularDynamics.textbookHaarMassFourierOperator_coeff' depends on axioms: [propext, Classical.choice, Quot.sound]
'MolecularDynamics.textbookHaarMassFourierOperator_inverse_graph' depends on axioms: [propext,
 Classical.choice,
 Quot.sound]
'MolecularDynamics.textbookHaarMassFourierOperator_range' depends on axioms: [propext, Classical.choice, Quot.sound]
'MolecularDynamics.textbookHaarMassClosedOperator_hasCompactResolvent' depends on axioms: [propext,
 Classical.choice,
 Quot.sound]
'MolecularDynamics.textbookHaarMassClosedGraphProjection' depends on axioms: [propext, Classical.choice, Quot.sound]
'MolecularDynamics.textbookHaarMassClosedGraphProjection_apply' depends on axioms: [propext,
 Classical.choice,
 Quot.sound]
'MolecularDynamics.textbookHaarMassClosedGraphProjection_isCompact' depends on axioms: [propext,
 Classical.choice,
 Quot.sound]
'MolecularDynamics.textbookBrownianHaarClosedGraphProjection' depends on axioms: [propext, Classical.choice, Quot.sound]
'MolecularDynamics.textbookBrownianHaarClosedGraphProjection_apply' depends on axioms: [propext,
 Classical.choice,
 Quot.sound]
'MolecularDynamics.textbookBrownianHaarClosedGraphProjection_isCompact' depends on axioms: [propext,
 Classical.choice,
 Quot.sound]
'MolecularDynamics.textbookBrownianGibbsClosedGraphProjection' depends on axioms: [propext,
 Classical.choice,
 Quot.sound]
'MolecularDynamics.textbookBrownianGibbsClosedGraphProjection_apply' depends on axioms: [propext,
 Classical.choice,
 Quot.sound]
'MolecularDynamics.textbookBrownianGibbsClosedGraphProjection_isCompact' depends on axioms: [propext,
 Classical.choice,
 Quot.sound]
'MolecularDynamics.textbookBrownianGibbsClosedGraphShift' depends on axioms: [propext, Classical.choice, Quot.sound]
'MolecularDynamics.textbookBrownianGibbsClosedGraphShift_apply' depends on axioms: [propext,
 Classical.choice,
 Quot.sound]
'MolecularDynamics.textbookBrownianGibbsClosedGraphShift_norm_first' depends on axioms: [propext,
 Classical.choice,
 Quot.sound]
'MolecularDynamics.textbookBrownianGibbsClosedGraphShift_norm_graph' depends on axioms: [propext,
 Classical.choice,
 Quot.sound]
'MolecularDynamics.textbookBrownianGibbsClosedGraphShift_injective' depends on axioms: [propext,
 Classical.choice,
 Quot.sound]
'MolecularDynamics.textbookBrownianGibbsClosedGraphShift_range_eq_top' depends on axioms: [propext,
 Classical.choice,
 Quot.sound]
'MolecularDynamics.textbookBrownianGibbsResolvent' depends on axioms: [propext, Classical.choice, Quot.sound]
'MolecularDynamics.textbookBrownianGibbsResolvent_mem_graph' depends on axioms: [propext, Classical.choice, Quot.sound]
'MolecularDynamics.textbookBrownianGibbsResolvent_inverse_graph' depends on axioms: [propext,
 Classical.choice,
 Quot.sound]
'MolecularDynamics.textbookBrownianGibbsResolvent_norm' depends on axioms: [propext, Classical.choice, Quot.sound]
'MolecularDynamics.textbookBrownianGibbsResolvent_isCompact' depends on axioms: [propext, Classical.choice, Quot.sound]
'MolecularDynamics.textbookBrownianGibbsClosedOperator_hasCompactResolvent' depends on axioms: [propext,
 Classical.choice,
 Quot.sound]
'MolecularDynamics.textbookBrownianGibbsResolvent_isSymmetric' depends on axioms: [propext,
 Classical.choice,
 Quot.sound]
'MolecularDynamics.textbookBrownianGibbsResolvent_isSelfAdjoint' depends on axioms: [propext,
 Classical.choice,
 Quot.sound]
'MolecularDynamics.textbookBrownianGibbsResolvent_injective' depends on axioms: [propext, Classical.choice, Quot.sound]
'MolecularDynamics.textbookBrownianGibbsResolvent_quadratic_lower' depends on axioms: [propext,
 Classical.choice,
 Quot.sound]
'MolecularDynamics.textbookBrownianGibbsResolvent_strict_positive' depends on axioms: [propext,
 Classical.choice,
 Quot.sound]
'MolecularDynamics.textbookBrownianGibbsResolvent_eigenvalue_bounds' depends on axioms: [propext,
 Classical.choice,
 Quot.sound]
'MolecularDynamics.textbookBrownianGibbsResolvent_eigen_mem_graph' depends on axioms: [propext,
 Classical.choice,
 Quot.sound]
'MolecularDynamics.textbookBrownianGibbsClosedOperator_eigen_graph_nonpos' depends on axioms: [propext,
 Classical.choice,
 Quot.sound]
'MolecularDynamics.textbookBrownianGibbsClosedOperator_eigen_graph_resolvent' depends on axioms: [propext,
 Classical.choice,
 Quot.sound]
'MolecularDynamics.textbookBrownianGibbsClosedEigenspace' depends on axioms: [propext, Classical.choice, Quot.sound]
'MolecularDynamics.textbookBrownianGibbsClosedEigenspace_mem_iff' depends on axioms: [propext,
 Classical.choice,
 Quot.sound]
'MolecularDynamics.textbookBrownianGibbsClosedEigenspace_one_eq_bot' depends on axioms: [propext,
 Classical.choice,
 Quot.sound]
'MolecularDynamics.textbookBrownianGibbsClosedEigenspace_eq_resolvent' depends on axioms: [propext,
 Classical.choice,
 Quot.sound]
'MolecularDynamics.textbookBrownianGibbsResolvent_eigenspace_zero' depends on axioms: [propext,
 Classical.choice,
 Quot.sound]
'MolecularDynamics.textbookBrownianGibbsClosedEigenspace_finiteDimensional' depends on axioms: [propext,
 Classical.choice,
 Quot.sound]
'MolecularDynamics.textbookBrownianGibbsResolvent_eigenspaces_dense' depends on axioms: [propext,
 Classical.choice,
 Quot.sound]
'MolecularDynamics.textbookBrownianGibbsClosedEigenspaces_dense' depends on axioms: [propext,
 Classical.choice,
 Quot.sound]
'MolecularDynamics.textbookBrownianGibbsClosedEigenspaces_orthogonal' depends on axioms: [propext,
 Classical.choice,
 Quot.sound]
'MolecularDynamics.textbookBrownianGibbsEigenIndex' depends on axioms: [propext, Classical.choice, Quot.sound]
'MolecularDynamics.textbookBrownianGibbsEigenbasis' depends on axioms: [propext, Classical.choice, Quot.sound]
'MolecularDynamics.textbookBrownianGibbsEigenbasis_mem_graph' depends on axioms: [propext, Classical.choice, Quot.sound]
'MolecularDynamics.textbookBrownianGibbsEigenbasis_eigenvalue_nonpos' depends on axioms: [propext,
 Classical.choice,
 Quot.sound]
'MolecularDynamics.textbookBrownianGibbsEigenbasis_eigenvalue_gap' depends on axioms: [propext,
 Classical.choice,
 Quot.sound]
'MolecularDynamics.textbookBrownianGibbsEigenbasis_hasSum' depends on axioms: [propext, Classical.choice, Quot.sound]
'MolecularDynamics.textbookBrownianGibbsEigenbasis_parseval' depends on axioms: [propext, Classical.choice, Quot.sound]
'MolecularDynamics.textbookBrownianGibbsClosedOperator_graph_coefficient' depends on axioms: [propext,
 Classical.choice,
 Quot.sound]
'MolecularDynamics.textbookBrownianGibbsClosedOperator_graph_iff_coefficients' depends on axioms: [propext,
 Classical.choice,
 Quot.sound]
'MolecularDynamics.textbookBrownianGibbsClosedOperator_domain_iff_coefficients' depends on axioms: [propext,
 Classical.choice,
 Quot.sound]
'MolecularDynamics.textbookBrownianGibbsClosedOperator_apply_coefficient' depends on axioms: [propext,
 Classical.choice,
 Quot.sound]
'MolecularDynamics.textbookBrownianGibbsResolvent_coefficient' depends on axioms: [propext,
 Classical.choice,
 Quot.sound]
'MolecularDynamics.textbookBrownianGibbsEvolutionWeight' depends on axioms: [propext, Classical.choice, Quot.sound]
'MolecularDynamics.textbookBrownianGibbsEvolutionWeight_pos' depends on axioms: [propext, Classical.choice, Quot.sound]
'MolecularDynamics.textbookBrownianGibbsEvolutionWeight_le_one' depends on axioms: [propext,
 Classical.choice,
 Quot.sound]
'MolecularDynamics.textbookBrownianGibbsEvolutionWeight_add' depends on axioms: [propext, Classical.choice, Quot.sound]
'MolecularDynamics.textbookBrownianGibbsEvolutionCoefficientOperator' depends on axioms: [propext,
 Classical.choice,
 Quot.sound]
'MolecularDynamics.textbookBrownianGibbsEvolutionCoefficientOperator_apply' depends on axioms: [propext,
 Classical.choice,
 Quot.sound]
'MolecularDynamics.textbookBrownianGibbsEvolutionCoefficientOperator_norm' depends on axioms: [propext,
 Classical.choice,
 Quot.sound]
'MolecularDynamics.textbookBrownianGibbsSpectralEvolution' depends on axioms: [propext, Classical.choice, Quot.sound]
'MolecularDynamics.textbookBrownianGibbsSpectralEvolution_repr' depends on axioms: [propext,
 Classical.choice,
 Quot.sound]
'MolecularDynamics.textbookBrownianGibbsSpectralEvolution_coefficient' depends on axioms: [propext,
 Classical.choice,
 Quot.sound]
'MolecularDynamics.textbookBrownianGibbsSpectralEvolution_norm' depends on axioms: [propext,
 Classical.choice,
 Quot.sound]
'MolecularDynamics.textbookBrownianGibbsSpectralEvolution_zero' depends on axioms: [propext,
 Classical.choice,
 Quot.sound]
'MolecularDynamics.textbookBrownianGibbsSpectralEvolution_add' depends on axioms: [propext,
 Classical.choice,
 Quot.sound]
'MolecularDynamics.textbookBrownianGibbsSpectralEvolution_hasSum' depends on axioms: [propext,
 Classical.choice,
 Quot.sound]
'MolecularDynamics.textbookBrownianGibbsSpectralEvolution_preserves_graph' depends on axioms: [propext,
 Classical.choice,
 Quot.sound]
'MolecularDynamics.textbookBrownianGibbsEvolutionCoefficientOperator_continuous' depends on axioms: [propext,
 Classical.choice,
 Quot.sound]
'MolecularDynamics.textbookBrownianGibbsSpectralEvolution_continuous' depends on axioms: [propext,
 Classical.choice,
 Quot.sound]
'MolecularDynamics.textbookBrownianGibbsDifferenceWeight' depends on axioms: [propext, Classical.choice, Quot.sound]
'MolecularDynamics.textbookBrownianGibbsDifferenceWeight_norm_le' depends on axioms: [propext,
 Classical.choice,
 Quot.sound]
'MolecularDynamics.textbookBrownianGibbsDifferenceWeight_error_le' depends on axioms: [propext,
 Classical.choice,
 Quot.sound]
'MolecularDynamics.textbookBrownianGibbsDifferenceWeight_tendsto' depends on axioms: [propext,
 Classical.choice,
 Quot.sound]
'MolecularDynamics.textbookBrownianGibbsSpectralEvolution_right_derivative_of_graph' depends on axioms: [propext,
 Classical.choice,
 Quot.sound]
'MolecularDynamics.textbookBrownianGibbsSpectralEvolution_graph_of_right_derivative' depends on axioms: [propext,
 Classical.choice,
 Quot.sound]
'MolecularDynamics.textbookBrownianGibbsSpectralEvolution_generator_graph_iff' depends on axioms: [propext,
 Classical.choice,
 Quot.sound]
'MolecularDynamics.textbookBrownianGibbsSpectralEvolution_isSymmetric' depends on axioms: [propext,
 Classical.choice,
 Quot.sound]
'MolecularDynamics.textbookBrownianGibbsSpectralEvolution_one' depends on axioms: [propext,
 Classical.choice,
 Quot.sound]
'MolecularDynamics.textbookBrownianGibbsSpectralEvolution_mean' depends on axioms: [propext,
 Classical.choice,
 Quot.sound]
'MolecularDynamics.textbookBrownianGibbsSpectralEvolution_orthogonal_decay' depends on axioms: [propext,
 Classical.choice,
 Quot.sound]
'MolecularDynamics.textbookBrownianGibbsSpectralEvolution_centered_decay' depends on axioms: [propext,
 Classical.choice,
 Quot.sound]
'MolecularDynamics.textbookBrownianGibbsSpectralEvolution_correlation_decay' depends on axioms: [propext,
 Classical.choice,
 Quot.sound]
'MolecularDynamics.textbookBrownianGibbsResolvent_eigenvalue_iff_real_spectrum' depends on axioms: [propext,
 Classical.choice,
 Quot.sound]
'MolecularDynamics.textbookBrownianGibbsResolvent_real_spectrum_bounds' depends on axioms: [propext,
 Classical.choice,
 Quot.sound]
'MolecularDynamics.textbookBrownianGibbsResolvent_real_spectrum_gap' depends on axioms: [propext,
 Classical.choice,
 Quot.sound]
'MolecularDynamics.textbookBrownianGibbsResolvent_real_spectrum_separation' depends on axioms: [propext,
 Classical.choice,
 Quot.sound]
'MolecularDynamics.textbookBrownianGibbsResolvent_one_mem_real_spectrum' depends on axioms: [propext,
 Classical.choice,
 Quot.sound]
'MolecularDynamics.textbookBrownianGibbsGeneratorRealResolventSet' depends on axioms: [propext,
 Classical.choice,
 Quot.sound]
'MolecularDynamics.textbookBrownianGibbsGeneratorRealResolventSet_one' depends on axioms: [propext,
 Classical.choice,
 Quot.sound]
'MolecularDynamics.textbookBrownianGibbsGeneratorRealResolventSet_iff_isUnit' depends on axioms: [propext,
 Classical.choice,
 Quot.sound]
'MolecularDynamics.textbookBrownianGibbsGeneratorRealResolventSet_iff_resolventSet' depends on axioms: [propext,
 Classical.choice,
 Quot.sound]
'MolecularDynamics.textbookBrownianGibbsGeneratorRealSpectrum' depends on axioms: [propext,
 Classical.choice,
 Quot.sound]
'MolecularDynamics.textbookBrownianGibbsGeneratorRealSpectrum_iff_resolventSpectrum' depends on axioms: [propext,
 Classical.choice,
 Quot.sound]
'MolecularDynamics.textbookBrownianGibbsGeneratorRealSpectrum_iff_eigenspace' depends on axioms: [propext,
 Classical.choice,
 Quot.sound]
'MolecularDynamics.textbookBrownianGibbsGeneratorRealSpectrum_nonpos' depends on axioms: [propext,
 Classical.choice,
 Quot.sound]
'MolecularDynamics.textbookBrownianGibbsGeneratorRealSpectrum_gap' depends on axioms: [propext,
 Classical.choice,
 Quot.sound]
'MolecularDynamics.textbookBrownianGibbsGeneratorRealSpectrum_zero' depends on axioms: [propext,
 Classical.choice,
 Quot.sound]
'MolecularDynamics.textbookBrownianGibbsGeneratorRealResolvent_isCompact' depends on axioms: [propext,
 Classical.choice,
 Quot.sound]
'MolecularDynamics.textbookBrownianGibbsEigenbasis_finite_resolvent_levels' depends on axioms: [propext,
 Classical.choice,
 Quot.sound]
'MolecularDynamics.textbookBrownianGibbsEigenbasis_resolvent_weights_tendsto' depends on axioms: [propext,
 Classical.choice,
 Quot.sound]
'MolecularDynamics.textbookBrownianGibbsEigenbasis_finite_generator_levels' depends on axioms: [propext,
 Classical.choice,
 Quot.sound]
'MolecularDynamics.textbookBrownianGibbsEigenbasis_eigenvalues_tendsto_atBot' depends on axioms: [propext,
 Classical.choice,
 Quot.sound]
'MolecularDynamics.textbookBrownianGibbsEigenIndex_countable' depends on axioms: [propext, Classical.choice, Quot.sound]
'MolecularDynamics.textbookBrownianGibbsGeneratorRealSpectrum_eq_eigenbasis_range' depends on axioms: [propext,
 Classical.choice,
 Quot.sound]
'MolecularDynamics.textbookBrownianGibbsGeneratorRealSpectrum_finite_levels' depends on axioms: [propext,
 Classical.choice,
 Quot.sound]
'MolecularDynamics.textbookBrownianGibbsGeneratorRealSpectrum_countable' depends on axioms: [propext,
 Classical.choice,
 Quot.sound]
'MolecularDynamics.textbookBrownianGibbsGeneratorRealSpectrum_isDiscrete' depends on axioms: [propext,
 Classical.choice,
 Quot.sound]
'MolecularDynamics.textbookBrownianGibbsGeneratorRealSpectrum_isClosed' depends on axioms: [propext,
 Classical.choice,
 Quot.sound]
'MolecularDynamics.textbookHaarL2_not_finiteDimensional' depends on axioms: [propext, Classical.choice, Quot.sound]
'MolecularDynamics.textbookBrownianGibbsLp_not_finiteDimensional' depends on axioms: [propext,
 Classical.choice,
 Quot.sound]
'MolecularDynamics.textbookBrownianGibbsEigenIndex_infinite' depends on axioms: [propext, Classical.choice, Quot.sound]
'MolecularDynamics.textbookBrownianGibbsEigenEnumeration' depends on axioms: [propext, Classical.choice, Quot.sound]
'MolecularDynamics.textbookBrownianGibbsNatEigenbasis' depends on axioms: [propext, Classical.choice, Quot.sound]
'MolecularDynamics.textbookBrownianGibbsNatEigenbasis_apply' depends on axioms: [propext, Classical.choice, Quot.sound]
'MolecularDynamics.textbookBrownianGibbsNatEigenbasis_mem_graph' depends on axioms: [propext,
 Classical.choice,
 Quot.sound]
'MolecularDynamics.textbookBrownianGibbsEigenEnumeration_tendsto_atBot' depends on axioms: [propext,
 Classical.choice,
 Quot.sound]
'MolecularDynamics.textbookBrownianGibbsGeneratorRealSpectrum_eq_sequence_range' depends on axioms: [propext,
 Classical.choice,
 Quot.sound]
'MolecularDynamics.textbookBrownianGibbsNatEigenbasis_hasSum' depends on axioms: [propext, Classical.choice, Quot.sound]
'MolecularDynamics.textbookBrownianGibbsGeneratorRealSpectrum_infinite' depends on axioms: [propext,
 Classical.choice,
 Quot.sound]
'MolecularDynamics.textbookBrownianGibbsOrderedEigenIndex' depends on axioms: [propext, Classical.choice, Quot.sound]
'MolecularDynamics.textbookBrownianGibbsOrderedEigenIndexEquiv' depends on axioms: [propext,
 Classical.choice,
 Quot.sound]
'MolecularDynamics.textbookBrownianGibbsOrderedEigenEnumeration' depends on axioms: [propext,
 Classical.choice,
 Quot.sound]
'MolecularDynamics.textbookBrownianGibbsOrderedEigenEnumeration_antitone' depends on axioms: [propext,
 Classical.choice,
 Quot.sound]
'MolecularDynamics.textbookBrownianGibbsOrderedEigenEnumeration_zero' depends on axioms: [propext,
 Classical.choice,
 Quot.sound]
'MolecularDynamics.textbookBrownianGibbsClosedEigenspace_zero_eq_span' depends on axioms: [propext,
 Classical.choice,
 Quot.sound]
'MolecularDynamics.textbookBrownianGibbsClosedEigenspace_zero_finrank' depends on axioms: [propext,
 Classical.choice,
 Quot.sound]
'MolecularDynamics.textbookBrownianGibbsOrderedEigenEnumeration_nonzero' depends on axioms: [propext,
 Classical.choice,
 Quot.sound]
'MolecularDynamics.textbookBrownianGibbsOrderedEigenEnumeration_gap' depends on axioms: [propext,
 Classical.choice,
 Quot.sound]
'MolecularDynamics.textbookBrownianGibbsOrderedNatEigenbasis' depends on axioms: [propext, Classical.choice, Quot.sound]
'MolecularDynamics.textbookBrownianGibbsOrderedNatEigenbasis_apply' depends on axioms: [propext,
 Classical.choice,
 Quot.sound]
'MolecularDynamics.textbookBrownianGibbsOrderedNatEigenbasis_mem_graph' depends on axioms: [propext,
 Classical.choice,
 Quot.sound]
'MolecularDynamics.textbookBrownianGibbsOrderedEigenEnumeration_tendsto_atBot' depends on axioms: [propext,
 Classical.choice,
 Quot.sound]
'MolecularDynamics.textbookBrownianGibbsGeneratorRealSpectrum_eq_ordered_sequence_range' depends on axioms: [propext,
 Classical.choice,
 Quot.sound]
'MolecularDynamics.textbookBrownianGibbsOrderedNatEigenbasis_hasSum' depends on axioms: [propext,
 Classical.choice,
 Quot.sound]
'MolecularDynamics.textbookBrownianGibbsSpectralEvolution_ordered_hasSum' depends on axioms: [propext,
 Classical.choice,
 Quot.sound]
'MolecularDynamics.textbookBrownianGibbsSpectralEvolution_ordered_tsum' depends on axioms: [propext,
 Classical.choice,
 Quot.sound]
'MolecularDynamics.textbookPeriodicSmoothEmbedding_one_ae_eq' depends on axioms: [propext, Classical.choice, Quot.sound]
'MolecularDynamics.textbookBrownianGibbsL2_integrable' depends on axioms: [propext, Classical.choice, Quot.sound]
'MolecularDynamics.textbookBrownianGibbsL2_integrable_product' depends on axioms: [propext,
 Classical.choice,
 Quot.sound]
'MolecularDynamics.textbookBrownianGibbsL2_inner_eq_integral_product' depends on axioms: [propext,
 Classical.choice,
 Quot.sound]
'MolecularDynamics.textbookBrownianGibbsL2_one_inner_eq_integral' depends on axioms: [propext,
 Classical.choice,
 Quot.sound]
'MolecularDynamics.textbookBrownianGibbsL2_smooth_integral_eq_cube_average' depends on axioms: [propext,
 Classical.choice,
 Quot.sound]
'MolecularDynamics.textbookBrownianGibbsSpectralEvolution_integral_mass' depends on axioms: [propext,
 Classical.choice,
 Quot.sound]
'MolecularDynamics.textbookBrownianGibbsSpectralEvolution_integral_duality' depends on axioms: [propext,
 Classical.choice,
 Quot.sound]
'MolecularDynamics.textbookBrownianGibbsSpectralEvolution_integral_decay' depends on axioms: [propext,
 Classical.choice,
 Quot.sound]
'MolecularDynamics.textbookBrownianGibbsSpectralEvolution_normalized_integral_decay' depends on axioms: [propext,
 Classical.choice,
 Quot.sound]
'MolecularDynamics.textbookBrownianGibbsSpectralEvolution_smooth_average_decay' depends on axioms: [propext,
 Classical.choice,
 Quot.sound]
'MolecularDynamics.textbookBrownianGibbsSpectralEvolution_smooth_average_exponential' depends on axioms: [propext,
 Classical.choice,
 Quot.sound]
'MolecularDynamics.textbookBrownianGibbsL2Complexify' depends on axioms: [propext, Classical.choice, Quot.sound]
'MolecularDynamics.textbookBrownianGibbsL2RealPart' depends on axioms: [propext, Classical.choice, Quot.sound]
'MolecularDynamics.textbookBrownianGibbsL2ImagPart' depends on axioms: [propext, Classical.choice, Quot.sound]
'MolecularDynamics.textbookBrownianGibbsL2Complexify_ae' depends on axioms: [propext, Classical.choice, Quot.sound]
'MolecularDynamics.textbookBrownianGibbsL2RealPart_ae' depends on axioms: [propext, Classical.choice, Quot.sound]
'MolecularDynamics.textbookBrownianGibbsL2ImagPart_ae' depends on axioms: [propext, Classical.choice, Quot.sound]
'MolecularDynamics.textbookBrownianGibbsL2RealPart_complexify' depends on axioms: [propext,
 Classical.choice,
 Quot.sound]
'MolecularDynamics.textbookBrownianGibbsL2ImagPart_complexify' depends on axioms: [propext,
 Classical.choice,
 Quot.sound]
'MolecularDynamics.textbookBrownianGibbsL2Complexify_decomposition' depends on axioms: [propext,
 Classical.choice,
 Quot.sound]
'MolecularDynamics.textbookBrownianGibbsL2Complexify_norm' depends on axioms: [propext, Classical.choice, Quot.sound]
'MolecularDynamics.textbookBrownianGibbsL2Complexify_injective' depends on axioms: [propext,
 Classical.choice,
 Quot.sound]
'MolecularDynamics.textbookBrownianGibbsL2Complexify_inner' depends on axioms: [propext, Classical.choice, Quot.sound]
'MolecularDynamics.textbookBrownianGibbsComplexEigenmodes_orthonormal' depends on axioms: [propext,
 Classical.choice,
 Quot.sound]
'MolecularDynamics.textbookBrownianGibbsComplexEigenbasis' depends on axioms: [propext, Classical.choice, Quot.sound]
'MolecularDynamics.textbookBrownianGibbsComplexEigenbasis_apply' depends on axioms: [propext,
 Classical.choice,
 Quot.sound]
'MolecularDynamics.textbookBrownianGibbsComplexEigenbasis_hasSum' depends on axioms: [propext,
 Classical.choice,
 Quot.sound]
'MolecularDynamics.textbookBrownianGibbsComplexEigenbasis_coefficient_re_im' depends on axioms: [propext,
 Classical.choice,
 Quot.sound]
'MolecularDynamics.textbookBrownianGibbsComplexGraph' depends on axioms: [propext, Classical.choice, Quot.sound]
'MolecularDynamics.textbookBrownianGibbsComplexGraph_iff_coefficients' depends on axioms: [propext,
 Classical.choice,
 Quot.sound]
'MolecularDynamics.textbookBrownianGibbsComplexGraph_iff_real_imag' depends on axioms: [propext,
 Classical.choice,
 Quot.sound]
'MolecularDynamics.textbookBrownianGibbsComplexGraph_vertical_zero' depends on axioms: [propext,
 Classical.choice,
 Quot.sound]
'MolecularDynamics.textbookBrownianGibbsComplexOperator' depends on axioms: [propext, Classical.choice, Quot.sound]
'MolecularDynamics.textbookBrownianGibbsComplexOperator_graph' depends on axioms: [propext,
 Classical.choice,
 Quot.sound]
'MolecularDynamics.textbookBrownianGibbsComplexOperator_graph_iff_coefficients' depends on axioms: [propext,
 Classical.choice,
 Quot.sound]
'MolecularDynamics.textbookBrownianGibbsComplexOperator_graph_iff_real_imag' depends on axioms: [propext,
 Classical.choice,
 Quot.sound]
'MolecularDynamics.textbookBrownianGibbsComplexGraph_isClosed' depends on axioms: [propext,
 Classical.choice,
 Quot.sound]
'MolecularDynamics.textbookBrownianGibbsComplexOperator_isClosed' depends on axioms: [propext,
 Classical.choice,
 Quot.sound]
'MolecularDynamics.textbookBrownianGibbsComplexEigenbasis_mem_graph' depends on axioms: [propext,
 Classical.choice,
 Quot.sound]
'MolecularDynamics.textbookBrownianGibbsComplexOperator_domain_iff_coefficients' depends on axioms: [propext,
 Classical.choice,
 Quot.sound]
'MolecularDynamics.textbookBrownianGibbsComplexOperator_apply_coefficient' depends on axioms: [propext,
 Classical.choice,
 Quot.sound]
'MolecularDynamics.textbookBrownianGibbsComplexOperator_dense' depends on axioms: [propext,
 Classical.choice,
 Quot.sound]
'MolecularDynamics.textbookBrownianGibbsComplexOperator_formalAdjoint' depends on axioms: [propext,
 Classical.choice,
 Quot.sound]
'MolecularDynamics.textbookBrownianGibbsComplexOperator_isSelfAdjoint' depends on axioms: [propext,
 Classical.choice,
 Quot.sound]
'MolecularDynamics.textbookBrownianGibbsComplexResolventReal' depends on axioms: [propext, Classical.choice, Quot.sound]
'MolecularDynamics.textbookBrownianGibbsComplexResolventReal_coefficient' depends on axioms: [propext,
 Classical.choice,
 Quot.sound]
'MolecularDynamics.textbookBrownianGibbsComplexResolventReal_complex_smul' depends on axioms: [propext,
 Classical.choice,
 Quot.sound]
'MolecularDynamics.textbookBrownianGibbsComplexResolvent' depends on axioms: [propext, Classical.choice, Quot.sound]
'MolecularDynamics.textbookBrownianGibbsComplexResolvent_apply' depends on axioms: [propext,
 Classical.choice,
 Quot.sound]
'MolecularDynamics.textbookBrownianGibbsComplexResolvent_coefficient' depends on axioms: [propext,
 Classical.choice,
 Quot.sound]
'MolecularDynamics.textbookBrownianGibbsComplexResolvent_isCompact' depends on axioms: [propext,
 Classical.choice,
 Quot.sound]
'MolecularDynamics.textbookBrownianGibbsComplexResolvent_mem_graph' depends on axioms: [propext,
 Classical.choice,
 Quot.sound]
'MolecularDynamics.textbookBrownianGibbsComplexResolvent_inverse_graph' depends on axioms: [propext,
 Classical.choice,
 Quot.sound]
'MolecularDynamics.textbookBrownianGibbsComplexOperator_hasCompactResolvent' depends on axioms: [propext,
 Classical.choice,
 Quot.sound]
'MolecularDynamics.textbookBrownianGibbsGeneratorComplexResolventSet' depends on axioms: [propext,
 Classical.choice,
 Quot.sound]
'MolecularDynamics.textbookBrownianGibbsGeneratorComplexResolventSet_one' depends on axioms: [propext,
 Classical.choice,
 Quot.sound]
'MolecularDynamics.textbookBrownianGibbsGeneratorComplexResolventSet_iff_isUnit' depends on axioms: [propext,
 Classical.choice,
 Quot.sound]
'MolecularDynamics.textbookBrownianGibbsGeneratorComplexResolventSet_iff_resolventSet' depends on axioms: [propext,
 Classical.choice,
 Quot.sound]
'MolecularDynamics.textbookBrownianGibbsGeneratorComplexSpectrum' depends on axioms: [propext,
 Classical.choice,
 Quot.sound]
'MolecularDynamics.textbookBrownianGibbsGeneratorComplexSpectrum_iff_resolventSpectrum' depends on axioms: [propext,
 Classical.choice,
 Quot.sound]
'MolecularDynamics.textbookBrownianGibbsComplexResolvent_eigenvalue_iff_spectrum' depends on axioms: [propext,
 Classical.choice,
 Quot.sound]
'MolecularDynamics.textbookBrownianGibbsComplexOperator_eigenvalue_iff_mode' depends on axioms: [propext,
 Classical.choice,
 Quot.sound]
'MolecularDynamics.textbookBrownianGibbsComplexResolvent_eigenvalue_iff_mode' depends on axioms: [propext,
 Classical.choice,
 Quot.sound]
'MolecularDynamics.textbookBrownianGibbsGeneratorComplexSpectrum_iff_mode' depends on axioms: [propext,
 Classical.choice,
 Quot.sound]
'MolecularDynamics.textbookBrownianGibbsGeneratorComplexSpectrum_iff_eigen_graph' depends on axioms: [propext,
 Classical.choice,
 Quot.sound]
'MolecularDynamics.textbookBrownianGibbsGeneratorComplexSpectrum_eq_real_image' depends on axioms: [propext,
 Classical.choice,
 Quot.sound]
'MolecularDynamics.textbookBrownianGibbsGeneratorComplexSpectrum_im_zero' depends on axioms: [propext,
 Classical.choice,
 Quot.sound]
'MolecularDynamics.textbookBrownianGibbsGeneratorComplexSpectrum_nonpos' depends on axioms: [propext,
 Classical.choice,
 Quot.sound]
'MolecularDynamics.textbookBrownianGibbsGeneratorComplexSpectrum_gap' depends on axioms: [propext,
 Classical.choice,
 Quot.sound]
'MolecularDynamics.textbookBrownianGibbsGeneratorComplexSpectrum_zero' depends on axioms: [propext,
 Classical.choice,
 Quot.sound]
'MolecularDynamics.textbookBrownianGibbsGeneratorComplexSpectrum_countable' depends on axioms: [propext,
 Classical.choice,
 Quot.sound]
'MolecularDynamics.textbookBrownianGibbsGeneratorComplexSpectrum_finite_levels' depends on axioms: [propext,
 Classical.choice,
 Quot.sound]
'MolecularDynamics.textbookBrownianGibbsGeneratorComplexSpectrum_isClosed' depends on axioms: [propext,
 Classical.choice,
 Quot.sound]
'MolecularDynamics.textbookBrownianGibbsGeneratorComplexSpectrum_isolated' depends on axioms: [propext,
 Classical.choice,
 Quot.sound]
'MolecularDynamics.textbookBrownianGibbsGeneratorComplexResolvent_isCompact' depends on axioms: [propext,
 Classical.choice,
 Quot.sound]
'MolecularDynamics.textbookBrownianGibbsOrderedEigenPhase' depends on axioms: [propext, Classical.choice, Quot.sound]
'MolecularDynamics.textbookBrownianGibbsOrderedEigenPhase_mul_self' depends on axioms: [propext,
 Classical.choice,
 Quot.sound]
'MolecularDynamics.textbookBrownianGibbsNormalizedOrderedEigenbasis' depends on axioms: [propext,
 Classical.choice,
 Quot.sound]
'MolecularDynamics.textbookBrownianGibbsNormalizedOrderedEigenbasis_apply' depends on axioms: [propext,
 Classical.choice,
 Quot.sound]
'MolecularDynamics.textbookBrownianGibbsNormalizedOrderedEigenbasis_zero' depends on axioms: [propext,
 Classical.choice,
 Quot.sound]
'MolecularDynamics.textbookBrownianGibbsNormalizedOrderedEigenbasis_zero_ae' depends on axioms: [propext,
 Classical.choice,
 Quot.sound]
'MolecularDynamics.textbookBrownianGibbsNormalizedOrderedEigenbasis_mem_graph' depends on axioms: [propext,
 Classical.choice,
 Quot.sound]
'MolecularDynamics.textbookBrownianGibbsNormalizedOrderedEigenbasis_hasSum' depends on axioms: [propext,
 Classical.choice,
 Quot.sound]
'MolecularDynamics.textbookBrownianGibbsSpectralEvolution_normalized_ordered_hasSum' depends on axioms: [propext,
 Classical.choice,
 Quot.sound]
'MolecularDynamics.textbookBrownianGibbsSpectralEvolution_normalized_ordered_tsum' depends on axioms: [propext,
 Classical.choice,
 Quot.sound]
'MolecularDynamics.textbookBrownianGibbsNormalizedComplexOrderedEigenbasis' depends on axioms: [propext,
 Classical.choice,
 Quot.sound]
'MolecularDynamics.textbookBrownianGibbsNormalizedComplexOrderedEigenbasis_apply' depends on axioms: [propext,
 Classical.choice,
 Quot.sound]
'MolecularDynamics.textbookBrownianGibbsNormalizedComplexOrderedEigenbasis_zero' depends on axioms: [propext,
 Classical.choice,
 Quot.sound]
'MolecularDynamics.textbookBrownianGibbsNormalizedComplexOrderedEigenbasis_zero_ae' depends on axioms: [propext,
 Classical.choice,
 Quot.sound]
'MolecularDynamics.textbookBrownianGibbsNormalizedComplexOrderedEigenbasis_mem_graph' depends on axioms: [propext,
 Classical.choice,
 Quot.sound]
'MolecularDynamics.textbookBrownianGibbsNormalizedComplexOrderedEigenbasis_hasSum' depends on axioms: [propext,
 Classical.choice,
 Quot.sound]
'MolecularDynamics.textbookBrownianGibbsGeneratorComplexSpectrum_eq_ordered_sequence_range' depends on axioms: [propext,
 Classical.choice,
 Quot.sound]
'MolecularDynamics.textbookBrownianGibbsComplexOperator_kernel_iff_graph' depends on axioms: [propext,
 Classical.choice,
 Quot.sound]
'MolecularDynamics.textbookBrownianGibbsComplexOperator_kernel_eq_span' depends on axioms: [propext,
 Classical.choice,
 Quot.sound]
'MolecularDynamics.textbookBrownianGibbsComplexOperator_kernel_finrank' depends on axioms: [propext,
 Classical.choice,
 Quot.sound]
'MolecularDynamics.textbookBrownianGibbsComplexOperator_kernel_finiteDimensional' depends on axioms: [propext,
 Classical.choice,
 Quot.sound]
'MolecularDynamics.textbookBrownianGibbsComplexOperator_graph_zero_iff_constant' depends on axioms: [propext,
 Classical.choice,
 Quot.sound]
'MolecularDynamics.textbookBrownianTheorem6_1_smooth_spectral_parts' depends on axioms: [propext,
 Classical.choice,
 Quot.sound]
'MolecularDynamics.textbookBrownianMassMobility' depends on axioms: [propext, Classical.choice, Quot.sound]
'MolecularDynamics.textbookBrownianMassMobility_apply' depends on axioms: [propext, Classical.choice, Quot.sound]
'MolecularDynamics.textbookBrownianSDEDrift' depends on axioms: [propext, Classical.choice, Quot.sound]
'MolecularDynamics.textbookBrownianSDEDrift_apply' depends on axioms: [propext, Classical.choice, Quot.sound]
'MolecularDynamics.textbookBrownianSDEDrift_lipschitz' depends on axioms: [propext, Classical.choice, Quot.sound]
'MolecularDynamics.textbookBrownianSDEDrift_periodic' depends on axioms: [propext, Classical.choice, Quot.sound]
'MolecularDynamics.textbookBrownianSDENoiseAmplitude' depends on axioms: [propext, Classical.choice, Quot.sound]
'MolecularDynamics.textbookBrownianSDENoiseAmplitude_sq' depends on axioms: [propext, Classical.choice, Quot.sound]
'MolecularDynamics.textbookBrownianSDENoiseAmplitude_pos' depends on axioms: [propext, Classical.choice, Quot.sound]
'MolecularDynamics.textbookBrownianSDENoiseAmplitude_eq_original' depends on axioms: [propext,
 Classical.choice,
 Quot.sound]
'MolecularDynamics.textbookBrownianSDENoise' depends on axioms: [propext, Classical.choice, Quot.sound]
'MolecularDynamics.textbookBrownianSDENoise_apply' depends on axioms: [propext, Classical.choice, Quot.sound]
'MolecularDynamics.textbookBrownianGenerator_eq_sde_coefficients' depends on axioms: [propext,
 Classical.choice,
 Quot.sound]
'MolecularDynamics.textbookBrownianDrivenField' depends on axioms: [propext, Classical.choice, Quot.sound]
'MolecularDynamics.textbookBrownianDrivenField_lipschitz' depends on axioms: [propext, Classical.choice, Quot.sound]
'MolecularDynamics.textbookBrownianDrivenField_time_continuous' depends on axioms: [propext,
 Classical.choice,
 Quot.sound]
'MolecularDynamics.textbookBrownianDrivenField_exists' depends on axioms: [propext, Classical.choice, Quot.sound]
'MolecularDynamics.textbookBrownianIntegralSolution_exists' depends on axioms: [propext, Classical.choice, Quot.sound]
'MolecularDynamics.textbookBrownianIntegralSolution' depends on axioms: [propext, Classical.choice, Quot.sound]
'MolecularDynamics.textbookBrownianIntegralSolution_exists_model' depends on axioms: [propext,
 Classical.choice,
 Quot.sound]
'MolecularDynamics.textbookBrownianNoiseCompensated' depends on axioms: [propext, Classical.choice, Quot.sound]
'MolecularDynamics.textbookBrownianNoiseCompensated_continuousOn' depends on axioms: [propext,
 Classical.choice,
 Quot.sound]
'MolecularDynamics.textbookBrownianNoiseCompensated_hasDerivWithinAt' depends on axioms: [propext,
 Classical.choice,
 Quot.sound]
'MolecularDynamics.textbookBrownianIntegralSolution_initial' depends on axioms: [propext, Classical.choice, Quot.sound]
'MolecularDynamics.textbookBrownianNoiseCompensated_initial' depends on axioms: [propext, Classical.choice, Quot.sound]
'MolecularDynamics.textbookBrownianIntegralSolution_restrict' depends on axioms: [propext, Classical.choice, Quot.sound]
'MolecularDynamics.textbookBrownianDriftLipschitzConstant' depends on axioms: [propext, Classical.choice, Quot.sound]
'MolecularDynamics.textbookBrownianDriftLipschitzConstant_spec' depends on axioms: [propext,
 Classical.choice,
 Quot.sound]
'MolecularDynamics.textbookBrownianNoiseIncrement_dist_le' depends on axioms: [propext, Classical.choice, Quot.sound]
'MolecularDynamics.textbookBrownianDrivenField_noise_dist_le' depends on axioms: [propext, Classical.choice, Quot.sound]
'MolecularDynamics.textbookBrownianNoiseCompensated_dist_le' depends on axioms: [propext, Classical.choice, Quot.sound]
'MolecularDynamics.textbookBrownianIntegralSolution_dist_le' depends on axioms: [propext, Classical.choice, Quot.sound]
'MolecularDynamics.textbookBrownianIntegralSolution_unique' depends on axioms: [propext, Classical.choice, Quot.sound]
'MolecularDynamics.textbookBrownianIntegralSolution_horizon_agreement' depends on axioms: [propext,
 Classical.choice,
 Quot.sound]
'MolecularDynamics.textbookBrownianPathSolution' depends on axioms: [propext, Classical.choice, Quot.sound]
'MolecularDynamics.textbookBrownianPathSolution_integralSolution' depends on axioms: [propext,
 Classical.choice,
 Quot.sound]
'MolecularDynamics.textbookBrownianPathEndpoint' depends on axioms: [propext, Classical.choice, Quot.sound]
'MolecularDynamics.textbookBrownianPathEndpoint_initial' depends on axioms: [propext, Classical.choice, Quot.sound]
'MolecularDynamics.textbookBrownianPathSolution_eq_of_integralSolution' depends on axioms: [propext,
 Classical.choice,
 Quot.sound]
'MolecularDynamics.textbookBrownianPathEndpoint_joint_lipschitz' depends on axioms: [propext,
 Classical.choice,
 Quot.sound]
'MolecularDynamics.textbookBrownianPathEndpoint_joint_continuous' depends on axioms: [propext,
 Classical.choice,
 Quot.sound]
'MolecularDynamics.textbookBrownianPathEndpoint_joint_measurable' depends on axioms: [propext,
 Classical.choice,
 Quot.sound]
'MolecularDynamics.textbookBrownianPathEndpoint_continuous' depends on axioms: [propext, Classical.choice, Quot.sound]
'MolecularDynamics.textbookBrownianPathEndpoint_measurable' depends on axioms: [propext, Classical.choice, Quot.sound]
'MolecularDynamics.textbookBrownianPathEndpoint_initialState_continuous' depends on axioms: [propext,
 Classical.choice,
 Quot.sound]
'MolecularDynamics.textbookBrownianIntegralSolution_noise_congr' depends on axioms: [propext,
 Classical.choice,
 Quot.sound]
'MolecularDynamics.textbookBrownianRandomSolution' depends on axioms: [propext, Classical.choice, Quot.sound]
'MolecularDynamics.textbookBrownianRandomSolution_integralSolution_of_cont' depends on axioms: [propext,
 Classical.choice,
 Quot.sound]
'MolecularDynamics.textbookBrownianRandomSolution_integralSolution_ae' depends on axioms: [propext,
 Classical.choice,
 Quot.sound]
'MolecularDynamics.textbookBrownianRandomSolution_original_equation_ae' depends on axioms: [propext,
 Classical.choice,
 Quot.sound]
'MolecularDynamics.textbookBrownianRandomSolution_endpoint_aemeasurable' depends on axioms: [propext,
 Classical.choice,
 Quot.sound]
'MolecularDynamics.textbookBrownianRandomSolution_horizon_agreement_ae' depends on axioms: [propext,
 Classical.choice,
 Quot.sound]
'MolecularDynamics.textbookBrownianGlobalRandomConfiguration' depends on axioms: [propext, Classical.choice, Quot.sound]
'MolecularDynamics.textbookBrownianGlobalRandomConfiguration_integralSolution_ae' depends on axioms: [propext,
 Classical.choice,
 Quot.sound]
'MolecularDynamics.textbookBrownianGlobalRandomConfiguration_initial' depends on axioms: [propext,
 Classical.choice,
 Quot.sound]
'MolecularDynamics.textbookBrownianGlobalRandomConfiguration_endpoint_aemeasurable' depends on axioms: [propext,
 Classical.choice,
 Quot.sound]
'MolecularDynamics.textbookBrownianGlobalRandomConfiguration_continuousOn_ae' depends on axioms: [propext,
 Classical.choice,
 Quot.sound]
'MolecularDynamics.textbookBrownianGlobalRandomConfiguration_history_path_ae' depends on axioms: [propext,
 Classical.choice,
 Quot.sound]
'MolecularDynamics.textbookBrownianGlobalRandomConfiguration_original_equation_ae' depends on axioms: [propext,
 Classical.choice,
 Quot.sound]
'MolecularDynamics.textbookBrownianGlobalTimeLaw' depends on axioms: [propext, Classical.choice, Quot.sound]
'MolecularDynamics.textbookBrownianGlobalTimeLaw_isProbabilityMeasure' depends on axioms: [propext,
 Classical.choice,
 Quot.sound]
'MolecularDynamics.textbookBrownianGlobalTimeLaw_apply' depends on axioms: [propext, Classical.choice, Quot.sound]
'MolecularDynamics.textbookBrownianIntegralSolution_shift' depends on axioms: [propext, Classical.choice, Quot.sound]
'MolecularDynamics.textbookBrownianGlobalRandomConfiguration_future_restart_ae' depends on axioms: [propext,
 Classical.choice,
 Quot.sound]
'MolecularDynamics.textbookBrownianGlobalRandomConfiguration_adapted' depends on axioms: [propext,
 Classical.choice,
 Quot.sound]
'MolecularDynamics.textbookBrownianTransitionKernel' depends on axioms: [propext, Classical.choice, Quot.sound]
'MolecularDynamics.textbookBrownianTransitionKernel_isMarkov' depends on axioms: [propext, Classical.choice, Quot.sound]
'MolecularDynamics.textbookBrownianTransitionKernel_apply' depends on axioms: [propext, Classical.choice, Quot.sound]
'MolecularDynamics.textbookBrownianTransitionKernel_global_law' depends on axioms: [propext,
 Classical.choice,
 Quot.sound]
'MolecularDynamics.textbookBrownianTransitionKernel_wiener_law_invariant' depends on axioms: [propext,
 Classical.choice,
 Quot.sound]
'MolecularDynamics.textbookBrownianGlobalRandomConfiguration_completed_history_transition_joint_law' depends on axioms: [propext,
 Classical.choice,
 Quot.sound]
'MolecularDynamics.textbookBrownianGlobalRandomConfiguration_condDistrib_completed_history' depends on axioms: [propext,
 Classical.choice,
 Quot.sound]
'MolecularDynamics.textbookBrownianIntegralSolution_integerShift' depends on axioms: [propext,
 Classical.choice,
 Quot.sound]
'MolecularDynamics.textbookBrownianPathEndpoint_integerShift' depends on axioms: [propext, Classical.choice, Quot.sound]
'MolecularDynamics.textbookBrownianTorusDrift' depends on axioms: [propext, Classical.choice, Quot.sound]
'MolecularDynamics.textbookBrownianTorusDrift_lift' depends on axioms: [propext, Classical.choice, Quot.sound]
'MolecularDynamics.textbookBrownianTorusDrift_continuous' depends on axioms: [propext, Classical.choice, Quot.sound]
'MolecularDynamics.textbookBrownianTorusIntegralSolution' depends on axioms: [propext, Classical.choice, Quot.sound]
'MolecularDynamics.textbookBrownianIntegralSolution_torusProjection' depends on axioms: [propext,
 Classical.choice,
 Quot.sound]
'MolecularDynamics.textbookBrownianTorusPathEndpoint' depends on axioms: [propext, Classical.choice, Quot.sound]
'MolecularDynamics.textbookBrownianTorusPathEndpoint_lift' depends on axioms: [propext, Classical.choice, Quot.sound]
'MolecularDynamics.textbookBrownianTorusPathEndpoint_joint_continuous' depends on axioms: [propext,
 Classical.choice,
 Quot.sound]
'MolecularDynamics.textbookBrownianTorusPathEndpoint_joint_measurable' depends on axioms: [propext,
 Classical.choice,
 Quot.sound]
'MolecularDynamics.textbookBrownianTorusPathEndpoint_measurable' depends on axioms: [propext,
 Classical.choice,
 Quot.sound]
'MolecularDynamics.textbookBrownianTorusGlobalRandomConfiguration' depends on axioms: [propext,
 Classical.choice,
 Quot.sound]
'MolecularDynamics.textbookBrownianTorusGlobalRandomConfiguration_integralSolution_ae' depends on axioms: [propext,
 Classical.choice,
 Quot.sound]
'MolecularDynamics.textbookBrownianTorusGlobalRandomConfiguration_initial' depends on axioms: [propext,
 Classical.choice,
 Quot.sound]
'MolecularDynamics.textbookBrownianTorusGlobalRandomConfiguration_endpoint_aemeasurable' depends on axioms: [propext,
 Classical.choice,
 Quot.sound]
'MolecularDynamics.textbookBrownianTorusGlobalRandomConfiguration_continuousOn_ae' depends on axioms: [propext,
 Classical.choice,
 Quot.sound]
'MolecularDynamics.textbookBrownianTorusGlobalRandomConfiguration_adapted' depends on axioms: [propext,
 Classical.choice,
 Quot.sound]
'MolecularDynamics.textbookBrownianTorusGlobalRandomConfiguration_future_restart_ae' depends on axioms: [propext,
 Classical.choice,
 Quot.sound]
'MolecularDynamics.textbookBrownianTorusGlobalRandomConfiguration_history_path_ae' depends on axioms: [propext,
 Classical.choice,
 Quot.sound]
'MolecularDynamics.textbookBrownianTorusGlobalRandomConfiguration_original_equation_ae' depends on axioms: [propext,
 Classical.choice,
 Quot.sound]
'MolecularDynamics.textbookBrownianTorusGlobalTimeLaw' depends on axioms: [propext, Classical.choice, Quot.sound]
'MolecularDynamics.textbookBrownianTorusGlobalTimeLaw_isProbabilityMeasure' depends on axioms: [propext,
 Classical.choice,
 Quot.sound]
'MolecularDynamics.textbookBrownianTorusGlobalTimeLaw_apply' depends on axioms: [propext, Classical.choice, Quot.sound]
'MolecularDynamics.textbookBrownianTorusTransitionKernel' depends on axioms: [propext, Classical.choice, Quot.sound]
'MolecularDynamics.textbookBrownianTorusTransitionKernel_isMarkov' depends on axioms: [propext,
 Classical.choice,
 Quot.sound]
'MolecularDynamics.textbookBrownianTorusTransitionKernel_apply' depends on axioms: [propext,
 Classical.choice,
 Quot.sound]
'MolecularDynamics.textbookBrownianTorusTransitionKernel_global_law' depends on axioms: [propext,
 Classical.choice,
 Quot.sound]
'MolecularDynamics.textbookBrownianTorusTransitionKernel_wiener_law_invariant' depends on axioms: [propext,
 Classical.choice,
 Quot.sound]
'MolecularDynamics.textbookBrownianTorusTransitionKernel_projection' depends on axioms: [propext,
 Classical.choice,
 Quot.sound]
'MolecularDynamics.textbookBrownianTorusGlobalRandomConfiguration_completed_history_transition_joint_law' depends on axioms: [propext,
 Classical.choice,
 Quot.sound]
'MolecularDynamics.textbookBrownianTorusGlobalRandomConfiguration_condDistrib_completed_history' depends on axioms: [propext,
 Classical.choice,
 Quot.sound]
'MolecularDynamics.textbookBrownianTorusPathEndpoint_initial' depends on axioms: [propext, Classical.choice, Quot.sound]
'MolecularDynamics.textbookBrownianTorusTransitionKernel_zero' depends on axioms: [propext,
 Classical.choice,
 Quot.sound]
'MolecularDynamics.textbookBrownianTorusGlobalRandomConfiguration_transition_marginal' depends on axioms: [propext,
 Classical.choice,
 Quot.sound]
'MolecularDynamics.textbookBrownianTorusTransitionKernel_add' depends on axioms: [propext, Classical.choice, Quot.sound]
'MolecularDynamics.textbookBrownianTorusTransitionKernel_semigroup' depends on axioms: [propext,
 Classical.choice,
 Quot.sound]
'MolecularDynamics.textbookBrownianTorusTransitionExpectation' depends on axioms: [propext,
 Classical.choice,
 Quot.sound]
'MolecularDynamics.textbookBrownianTorusTransitionExpectation_wiener_path' depends on axioms: [propext,
 Classical.choice,
 Quot.sound]
'MolecularDynamics.textbookBrownianTorusTransitionExpectation_actual_probability' depends on axioms: [propext,
 Classical.choice,
 Quot.sound]
'MolecularDynamics.textbookBrownianTorusTransitionExpectation_continuous' depends on axioms: [propext,
 Classical.choice,
 Quot.sound]
'MolecularDynamics.textbookBrownianTorusContinuousTransition' depends on axioms: [propext, Classical.choice, Quot.sound]
'MolecularDynamics.textbookBrownianTorusContinuousTransition_zero' depends on axioms: [propext,
 Classical.choice,
 Quot.sound]
'MolecularDynamics.textbookBrownianTorusContinuousTransition_add' depends on axioms: [propext,
 Classical.choice,
 Quot.sound]
'MolecularDynamics.textbookBrownianTorusContinuousTransition_norm_le' depends on axioms: [propext,
 Classical.choice,
 Quot.sound]
'MolecularDynamics.textbookBrownianTorusContinuousTransition_nonneg' depends on axioms: [propext,
 Classical.choice,
 Quot.sound]
'MolecularDynamics.textbookBrownianTorusContinuousTransition_const' depends on axioms: [propext,
 Classical.choice,
 Quot.sound]
'MolecularDynamics.textbookBrownianTorusContinuousTransition_map_add' depends on axioms: [propext,
 Classical.choice,
 Quot.sound]
'MolecularDynamics.textbookBrownianTorusContinuousTransition_map_smul' depends on axioms: [propext,
 Classical.choice,
 Quot.sound]
'MolecularDynamics.textbookBrownianPathEndpoint_joint_time_continuous' depends on axioms: [propext,
 Classical.choice,
 Quot.sound]
'MolecularDynamics.textbookBrownianTorusPathEndpoint_joint_time_continuous' depends on axioms: [propext,
 Classical.choice,
 Quot.sound]
'MolecularDynamics.textbookBrownianTorusObservablePathFlow' depends on axioms: [propext, Classical.choice, Quot.sound]
'MolecularDynamics.textbookBrownianTorusObservablePathFlow_joint_continuous' depends on axioms: [propext,
 Classical.choice,
 Quot.sound]
'MolecularDynamics.textbookBrownianTorusObservablePathFlow_initial' depends on axioms: [propext,
 Classical.choice,
 Quot.sound]
'MolecularDynamics.textbookBrownianTorusObservablePathFlow_norm_le' depends on axioms: [propext,
 Classical.choice,
 Quot.sound]
'MolecularDynamics.textbookBrownianTorusObservablePathFlow_integrable' depends on axioms: [propext,
 Classical.choice,
 Quot.sound]
'MolecularDynamics.textbookBrownianTorusContinuousTransition_fixed_horizon' depends on axioms: [propext,
 Classical.choice,
 Quot.sound]
'MolecularDynamics.textbookBrownianTorusContinuousTransition_horizon_continuous' depends on axioms: [propext,
 Classical.choice,
 Quot.sound]
'MolecularDynamics.textbookBrownianTorusContinuousTransition_time_continuous' depends on axioms: [propext,
 Classical.choice,
 Quot.sound]
'MolecularDynamics.textbookBrownianTorusContinuousTransition_c0' depends on axioms: [propext,
 Classical.choice,
 Quot.sound]
'MolecularDynamics.textbookBrownianTorusProbabilityOperator' depends on axioms: [propext, Classical.choice, Quot.sound]
'MolecularDynamics.textbookBrownianTorusProbabilityOperator_apply' depends on axioms: [propext,
 Classical.choice,
 Quot.sound]
'MolecularDynamics.textbookBrownianTorusProbabilityOperator_norm_le_one' depends on axioms: [propext,
 Classical.choice,
 Quot.sound]
'MolecularDynamics.textbookBrownianTorusProbabilityOperator_zero' depends on axioms: [propext,
 Classical.choice,
 Quot.sound]
'MolecularDynamics.textbookBrownianTorusProbabilityOperator_add' depends on axioms: [propext,
 Classical.choice,
 Quot.sound]
'MolecularDynamics.textbookBrownianTorusProbabilityOperator_c0' depends on axioms: [propext,
 Classical.choice,
 Quot.sound]
'MolecularDynamics.textbookBrownianPhysicalNoise_coordinate_memLp' depends on axioms: [propext,
 Classical.choice,
 Quot.sound]
'MolecularDynamics.textbookBrownianPhysicalNoise_memLp' depends on axioms: [propext, Classical.choice, Quot.sound]
'MolecularDynamics.textbookBrownianPhysicalNoise_coordinate_integrable' depends on axioms: [propext,
 Classical.choice,
 Quot.sound]
'MolecularDynamics.textbookBrownianPhysicalNoise_integrable' depends on axioms: [propext, Classical.choice, Quot.sound]
'MolecularDynamics.textbookBrownianPhysicalNoise_coordinate_mean' depends on axioms: [propext,
 Classical.choice,
 Quot.sound]
'MolecularDynamics.textbookBrownianPhysicalNoise_mean' depends on axioms: [propext, Classical.choice, Quot.sound]
'MolecularDynamics.textbookBrownianPhysicalNoise_second_product' depends on axioms: [propext,
 Classical.choice,
 Quot.sound]
'MolecularDynamics.textbookBrownianPhysicalNoise_second_moment' depends on axioms: [propext,
 Classical.choice,
 Quot.sound]
'MolecularDynamics.textbookBrownianPhysicalNoise_coordinate_norm_mean_le' depends on axioms: [propext,
 Classical.choice,
 Quot.sound]
'MolecularDynamics.textbookBrownianPhysicalNoise_norm_mean_le' depends on axioms: [propext,
 Classical.choice,
 Quot.sound]
'MolecularDynamics.textbookBrownianSDEDrift_bounded' depends on axioms: [propext, Classical.choice, Quot.sound]
'MolecularDynamics.textbookBrownianIntegralSolution_drift_integral_bound' depends on axioms: [propext,
 Classical.choice,
 Quot.sound]
'MolecularDynamics.textbookBrownianIntegralSolution_displacement_bound' depends on axioms: [propext,
 Classical.choice,
 Quot.sound]
'MolecularDynamics.textbookBrownianGlobalRandomConfiguration_displacement_bound_ae' depends on axioms: [propext,
 Classical.choice,
 Quot.sound]
'MolecularDynamics.textbookBrownianFrozenDriftError' depends on axioms: [propext, Classical.choice, Quot.sound]
'MolecularDynamics.textbookBrownianFrozenDriftError_eq_integral' depends on axioms: [propext,
 Classical.choice,
 Quot.sound]
'MolecularDynamics.textbookBrownianFrozenDriftError_norm_le' depends on axioms: [propext, Classical.choice, Quot.sound]
'MolecularDynamics.textbookBrownianGlobalRandomConfiguration_frozenDriftError_ae' depends on axioms: [propext,
 Classical.choice,
 Quot.sound]
'MolecularDynamics.textbookBrownianGlobalRandomConfiguration_increment_expectation_bound' depends on axioms: [propext,
 Classical.choice,
 Quot.sound]
'MolecularDynamics.textbookBrownianGlobalDriftIntegral' depends on axioms: [propext, Classical.choice, Quot.sound]
'MolecularDynamics.textbookBrownianGlobalDriftIntegral_ae_eq' depends on axioms: [propext, Classical.choice, Quot.sound]
'MolecularDynamics.textbookBrownianGlobalDriftIntegral_integrable_bound' depends on axioms: [propext,
 Classical.choice,
 Quot.sound]
'MolecularDynamics.textbookBrownianGlobalRandomConfiguration_increment_mean_eq' depends on axioms: [propext,
 Classical.choice,
 Quot.sound]
'MolecularDynamics.textbookBrownianGlobalRandomConfiguration_increment_mean_bound' depends on axioms: [propext,
 Classical.choice,
 Quot.sound]
'MolecularDynamics.textbookBrownianGlobalDriftExpectation' depends on axioms: [propext, Classical.choice, Quot.sound]
'MolecularDynamics.textbookBrownianGlobalDriftExpectation_integrable' depends on axioms: [propext,
 Classical.choice,
 Quot.sound]
'MolecularDynamics.textbookBrownianGlobalDriftExpectation_continuous' depends on axioms: [propext,
 Classical.choice,
 Quot.sound]
'MolecularDynamics.textbookBrownianGlobalDriftExpectation_zero' depends on axioms: [propext,
 Classical.choice,
 Quot.sound]
'MolecularDynamics.textbookBrownianGlobalDriftIntegral_joint_aestronglyMeasurable' depends on axioms: [propext,
 Classical.choice,
 Quot.sound]
'MolecularDynamics.textbookBrownianGlobalDriftIntegral_joint_integrable' depends on axioms: [propext,
 Classical.choice,
 Quot.sound]
'MolecularDynamics.textbookBrownianGlobalDriftIntegral_expectation_fubini' depends on axioms: [propext,
 Classical.choice,
 Quot.sound]
'MolecularDynamics.textbookBrownianGlobalRandomConfiguration_increment_mean_integral' depends on axioms: [propext,
 Classical.choice,
 Quot.sound]
'MolecularDynamics.textbookBrownianGlobalRandomConfiguration_increment_mean_right_deriv' depends on axioms: [propext,
 Classical.choice,
 Quot.sound]
'MolecularDynamics.textbookBrownianGlobalRandomConfiguration_increment_mean_div_tendsto' depends on axioms: [propext,
 Classical.choice,
 Quot.sound]
'MolecularDynamics.textbookBrownianGlobalDriftExpectation_difference_norm_bound' depends on axioms: [propext,
 Classical.choice,
 Quot.sound]
'MolecularDynamics.textbookBrownianGlobalFrozenDriftError' depends on axioms: [propext, Classical.choice, Quot.sound]
'MolecularDynamics.textbookBrownianGlobalFrozenDriftError_integrable' depends on axioms: [propext,
 Classical.choice,
 Quot.sound]
'MolecularDynamics.textbookBrownianGlobalFrozenDriftError_ae_eq_integral' depends on axioms: [propext,
 Classical.choice,
 Quot.sound]
'MolecularDynamics.textbookBrownianGlobalFrozenDriftError_norm_expectation_bound' depends on axioms: [propext,
 Classical.choice,
 Quot.sound]
'MolecularDynamics.textbookBrownianGlobalDriftIntegral_norm_bound_ae' depends on axioms: [propext,
 Classical.choice,
 Quot.sound]
'MolecularDynamics.textbookBrownianGlobalDriftIntegral_memLp' depends on axioms: [propext, Classical.choice, Quot.sound]
'MolecularDynamics.textbookBrownianGlobalRandomConfiguration_increment_memLp' depends on axioms: [propext,
 Classical.choice,
 Quot.sound]
'MolecularDynamics.textbookBrownianGlobalRandomConfiguration_increment_coordinate_memLp' depends on axioms: [propext,
 Classical.choice,
 Quot.sound]
'MolecularDynamics.textbookBrownianGlobalRandomConfiguration_second_product_integrable' depends on axioms: [propext,
 Classical.choice,
 Quot.sound]
'MolecularDynamics.textbookBrownianGlobalRandomConfiguration_second_product_error_bound' depends on axioms: [propext,
 Classical.choice,
 Quot.sound]
'MolecularDynamics.textbookBrownianGlobalRandomConfiguration_second_product_div_tendsto' depends on axioms: [propext,
 Classical.choice,
 Quot.sound]
'MolecularDynamics.textbookBrownianGlobalRandomConfiguration_second_moment_div_tendsto' depends on axioms: [propext,
 Classical.choice,
 Quot.sound]
'MolecularDynamics.textbookBrownianStandardGaussianFourthMoment' depends on axioms: [propext,
 Classical.choice,
 Quot.sound]
'MolecularDynamics.textbookBrownianStandardGaussianFourthMoment_integrable' depends on axioms: [propext,
 Classical.choice,
 Quot.sound]
'MolecularDynamics.textbookBrownianStandardGaussianFourthMoment_nonneg' depends on axioms: [propext,
 Classical.choice,
 Quot.sound]
'MolecularDynamics.textbookBrownianGaussian_time_sqrt_map' depends on axioms: [propext, Classical.choice, Quot.sound]
'MolecularDynamics.textbookBrownianPhysicalNoise_coordinate_fourth_moment' depends on axioms: [propext,
 Classical.choice,
 Quot.sound]
'MolecularDynamics.textbookBrownianPhysicalNoise_norm_fourth_moment_bound' depends on axioms: [propext,
 Classical.choice,
 Quot.sound]
'MolecularDynamics.textbookBrownianGlobalRandomConfiguration_norm_fourth_moment_bound' depends on axioms: [propext,
 Classical.choice,
 Quot.sound]
'MolecularDynamics.textbookBrownianPhysicalNoise_norm_second_moment_bound' depends on axioms: [propext,
 Classical.choice,
 Quot.sound]
'MolecularDynamics.textbookBrownianGlobalRandomConfiguration_norm_second_moment_bound' depends on axioms: [propext,
 Classical.choice,
 Quot.sound]
'MolecularDynamics.textbookBrownianGlobalRandomConfiguration_norm_fourth_moment_small_time' depends on axioms: [propext,
 Classical.choice,
 Quot.sound]
'MolecularDynamics.textbookBrownianGlobalRandomConfiguration_norm_second_moment_small_time' depends on axioms: [propext,
 Classical.choice,
 Quot.sound]
'MolecularDynamics.textbookBrownianGlobalRandomConfiguration_norm_third_moment_holder' depends on axioms: [propext,
 Classical.choice,
 Quot.sound]
'MolecularDynamics.textbookBrownianGlobalRandomConfiguration_norm_third_moment_small_time' depends on axioms: [propext,
 Classical.choice,
 Quot.sound]
'MolecularDynamics.textbookBrownianGlobalRandomConfiguration_norm_third_moment_div_tendsto' depends on axioms: [propext,
 Classical.choice,
 Quot.sound]
'MolecularDynamics.textbookUnitPeriodicObservable_iteratedFDeriv_periodic' depends on axioms: [propext,
 Classical.choice,
 Quot.sound]
'MolecularDynamics.textbookUnitPeriodicObservable_iteratedFDeriv_bound' depends on axioms: [propext,
 Classical.choice,
 Quot.sound]
'MolecularDynamics.textbookBrownianObservableTaylorRemainder' depends on axioms: [propext, Classical.choice, Quot.sound]
'MolecularDynamics.textbookBrownianObservableTaylorRemainder_eq_integral' depends on axioms: [propext,
 Classical.choice,
 Quot.sound]
'MolecularDynamics.textbookBrownianObservableTaylorRemainder_bound' depends on axioms: [propext,
 Classical.choice,
 Quot.sound]
'MolecularDynamics.textbookBrownianObservableTaylorRemainder_continuous' depends on axioms: [propext,
 Classical.choice,
 Quot.sound]
'MolecularDynamics.textbookBrownianGlobalObservableTaylorRemainder' depends on axioms: [propext,
 Classical.choice,
 Quot.sound]
'MolecularDynamics.textbookBrownianGlobalObservableTaylorRemainder_integrable' depends on axioms: [propext,
 Classical.choice,
 Quot.sound]
'MolecularDynamics.textbookBrownianGlobalObservableTaylorRemainder_norm_expectation_bound' depends on axioms: [propext,
 Classical.choice,
 Quot.sound]
'MolecularDynamics.textbookBrownianGlobalObservableTaylorRemainder_norm_div_tendsto' depends on axioms: [propext,
 Classical.choice,
 Quot.sound]
'MolecularDynamics.textbookBrownianGlobalObservableTaylorRemainder_expectation_div_tendsto' depends on axioms: [propext,
 Classical.choice,
 Quot.sound]
'MolecularDynamics.textbookConfigurationPartial_fderiv_coordinate_sum' depends on axioms: [propext,
 Classical.choice,
 Quot.sound]
'MolecularDynamics.textbookConfigurationPartial_second_fderiv_entry' depends on axioms: [propext,
 Classical.choice,
 Quot.sound]
'MolecularDynamics.textbookConfigurationPartial_second_coordinate_sum' depends on axioms: [propext,
 Classical.choice,
 Quot.sound]
'MolecularDynamics.textbookBrownianGenerator_original_Taylor_coefficients' depends on axioms: [propext,
 Classical.choice,
 Quot.sound]
'MolecularDynamics.textbookBrownianGlobalRandomConfiguration_observable_integrable' depends on axioms: [propext,
 Classical.choice,
 Quot.sound]
'MolecularDynamics.textbookBrownianGlobalRandomConfiguration_quadratic_observable_integrable' depends on axioms: [propext,
 Classical.choice,
 Quot.sound]
'MolecularDynamics.textbookBrownianGlobalRandomConfiguration_observable_expectation_Taylor' depends on axioms: [propext,
 Classical.choice,
 Quot.sound]
'MolecularDynamics.textbookBrownianGlobalRandomConfiguration_observable_generator_tendsto' depends on axioms: [propext,
 Classical.choice,
 Quot.sound]
'MolecularDynamics.textbookBrownianObservable_Taylor_coefficients_bound' depends on axioms: [propext,
 Classical.choice,
 Quot.sound]
'MolecularDynamics.textbookBrownianGlobalFrozenDriftError_expectation' depends on axioms: [propext,
 Classical.choice,
 Quot.sound]
'MolecularDynamics.textbookBrownianGlobalRandomConfiguration_mean_error_bound' depends on axioms: [propext,
 Classical.choice,
 Quot.sound]
'MolecularDynamics.textbookBrownianGlobalRandomConfiguration_uniform_generator_error' depends on axioms: [propext,
 Classical.choice,
 Quot.sound]
'MolecularDynamics.textbookBrownianGlobalRandomConfiguration_uniform_generator_quotient_error' depends on axioms: [propext,
 Classical.choice,
 Quot.sound]
'MolecularDynamics.textbookConfigurationContinuousObservable' depends on axioms: [propext, Classical.choice, Quot.sound]
'MolecularDynamics.textbookBrownianContinuousGeneratorImage' depends on axioms: [propext, Classical.choice, Quot.sound]
'MolecularDynamics.textbookBrownianTorusProbabilityOperator_original_observable_expectation' depends on axioms: [propext,
 Classical.choice,
 Quot.sound]
'MolecularDynamics.textbookBrownianTorusProbabilityOperator_uniform_generator_error' depends on axioms: [propext,
 Classical.choice,
 Quot.sound]
'MolecularDynamics.textbookBrownianTorusProbabilityOperator_original_generator_tendsto' depends on axioms: [propext,
 Classical.choice,
 Quot.sound]
'MolecularDynamics.textbookBrownianTorusProbabilityOperator_real_time_continuous' depends on axioms: [propext,
 Classical.choice,
 Quot.sound]
'MolecularDynamics.textbookBrownianTorusProbabilityOperator_shifted_generator_tendsto' depends on axioms: [propext,
 Classical.choice,
 Quot.sound]
'MolecularDynamics.textbookBrownianTorusProbabilityOperator_hasDeriv_right' depends on axioms: [propext,
 Classical.choice,
 Quot.sound]
'MolecularDynamics.textbookBrownianTorusProbabilityOperator_Dynkin' depends on axioms: [propext,
 Classical.choice,
 Quot.sound]
'MolecularDynamics.textbookBrownianGlobalRandomConfiguration_observable_Dynkin' depends on axioms: [propext,
 Classical.choice,
 Quot.sound]
'MolecularDynamics.textbookBrownianTorusProbabilityOperator_evolved_generator_tendsto' depends on axioms: [propext,
 Classical.choice,
 Quot.sound]
'MolecularDynamics.textbookGibbsContinuousToLp_norm_le_one' depends on axioms: [propext, Classical.choice, Quot.sound]
'MolecularDynamics.textbookGibbsContinuousToLp_original_observable' depends on axioms: [propext,
 Classical.choice,
 Quot.sound]
'MolecularDynamics.textbookBrownianProbabilityGibbsL2Image' depends on axioms: [propext, Classical.choice, Quot.sound]
'MolecularDynamics.textbookBrownianProbabilityGibbsL2Image_original_observable_ae_expectation' depends on axioms: [propext,
 Classical.choice,
 Quot.sound]
'MolecularDynamics.textbookBrownianProbabilityGibbsL2Image_norm_le_one' depends on axioms: [propext,
 Classical.choice,
 Quot.sound]
'MolecularDynamics.textbookGibbsContinuousToLp_original_generator_image' depends on axioms: [propext,
 Classical.choice,
 Quot.sound]
'MolecularDynamics.textbookBrownianProbabilityGibbsL2Image_original_generator_tendsto' depends on axioms: [propext,
 Classical.choice,
 Quot.sound]
'MolecularDynamics.textbookBrownianProbabilityGibbsL2Image_real_time_continuous' depends on axioms: [propext,
 Classical.choice,
 Quot.sound]
'MolecularDynamics.textbookBrownianProbabilityGibbsL2Image_hasDeriv_right' depends on axioms: [propext,
 Classical.choice,
 Quot.sound]
'MolecularDynamics.textbookBrownianProbabilityGibbsL2Image_Dynkin' depends on axioms: [propext,
 Classical.choice,
 Quot.sound]
'MolecularDynamics.textbookBrownianProbabilityGibbsL2Image_closed_original_core_tendsto' depends on axioms: [propext,
 Classical.choice,
 Quot.sound]
'MolecularDynamics.textbookUnitPeriodicC2Observable_iteratedFDeriv_bound' depends on axioms: [propext,
 Classical.choice,
 Quot.sound]
'MolecularDynamics.textbookUnitPeriodicC2Observable_hessian_uniform_modulus' depends on axioms: [propext,
 Classical.choice,
 Quot.sound]
'MolecularDynamics.textbookBrownianC2ObservableTaylorRemainder_eq_integral' depends on axioms: [propext,
 Classical.choice,
 Quot.sound]
'MolecularDynamics.textbookBrownianC2ObservableTaylorRemainder_quadratic_bound' depends on axioms: [propext,
 Classical.choice,
 Quot.sound]
'MolecularDynamics.textbookBrownianC2ObservableTaylorRemainder_uniform_peano' depends on axioms: [propext,
 Classical.choice,
 Quot.sound]
'MolecularDynamics.textbookBrownianC2ObservableTaylorRemainder_quartic_uniform_bound' depends on axioms: [propext,
 Classical.choice,
 Quot.sound]
'MolecularDynamics.textbookBrownianGlobalC2ObservableTaylorRemainder_integrable' depends on axioms: [propext,
 Classical.choice,
 Quot.sound]
'MolecularDynamics.textbookBrownianGlobalC2ObservableTaylorRemainder_uniform_norm_expectation_bound' depends on axioms: [propext,
 Classical.choice,
 Quot.sound]
'MolecularDynamics.textbookBrownianGlobalC2ObservableTaylorRemainder_norm_div_uniform_small' depends on axioms: [propext,
 Classical.choice,
 Quot.sound]
'MolecularDynamics.textbookBrownianGlobalC2ObservableTaylorRemainder_norm_div_tendsto' depends on axioms: [propext,
 Classical.choice,
 Quot.sound]
'MolecularDynamics.textbookBrownianGlobalC2ObservableTaylorRemainder_expectation_div_tendsto' depends on axioms: [propext,
 Classical.choice,
 Quot.sound]
'MolecularDynamics.textbookConfigurationC2Partial_second_fderiv_entry' depends on axioms: [propext,
 Classical.choice,
 Quot.sound]
'MolecularDynamics.textbookConfigurationC2Partial_second_coordinate_sum' depends on axioms: [propext,
 Classical.choice,
 Quot.sound]
'MolecularDynamics.textbookBrownianC2Generator_continuous' depends on axioms: [propext, Classical.choice, Quot.sound]
'MolecularDynamics.textbookBrownianC2Generator_periodic' depends on axioms: [propext, Classical.choice, Quot.sound]
'MolecularDynamics.textbookBrownianGlobalRandomConfiguration_C2observable_integrable' depends on axioms: [propext,
 Classical.choice,
 Quot.sound]
'MolecularDynamics.textbookBrownianGlobalRandomConfiguration_C2observable_expectation_Taylor' depends on axioms: [propext,
 Classical.choice,
 Quot.sound]
'MolecularDynamics.textbookBrownianGlobalRandomConfiguration_C2observable_generator_tendsto' depends on axioms: [propext,
 Classical.choice,
 Quot.sound]
'MolecularDynamics.textbookBrownianC2Observable_Taylor_coefficients_bound' depends on axioms: [propext,
 Classical.choice,
 Quot.sound]
'MolecularDynamics.textbookBrownianGlobalRandomConfiguration_C2uniform_generator_error' depends on axioms: [propext,
 Classical.choice,
 Quot.sound]
'MolecularDynamics.textbookBrownianGlobalRandomConfiguration_C2uniform_generator_quotient_error' depends on axioms: [propext,
 Classical.choice,
 Quot.sound]
'MolecularDynamics.textbookBrownianC2ContinuousGeneratorImage' depends on axioms: [propext,
 Classical.choice,
 Quot.sound]
'MolecularDynamics.textbookBrownianTorusProbabilityOperator_continuous_observable_expectation' depends on axioms: [propext,
 Classical.choice,
 Quot.sound]
'MolecularDynamics.textbookBrownianTorusProbabilityOperator_C2uniform_generator_error' depends on axioms: [propext,
 Classical.choice,
 Quot.sound]
'MolecularDynamics.textbookBrownianTorusProbabilityOperator_C2original_generator_tendsto' depends on axioms: [propext,
 Classical.choice,
 Quot.sound]
'MolecularDynamics.textbookBrownianC2GibbsL2GeneratorImage' depends on axioms: [propext, Classical.choice, Quot.sound]
'MolecularDynamics.textbookBrownianProbabilityGibbsL2Image_C2original_generator_tendsto' depends on axioms: [propext,
 Classical.choice,
 Quot.sound]
'MolecularDynamics.textbookBrownianTorusProbabilityOperator_C2shifted_generator_tendsto' depends on axioms: [propext,
 Classical.choice,
 Quot.sound]
'MolecularDynamics.textbookBrownianTorusProbabilityOperator_C2hasDeriv_right' depends on axioms: [propext,
 Classical.choice,
 Quot.sound]
'MolecularDynamics.textbookBrownianTorusProbabilityOperator_C2Dynkin' depends on axioms: [propext,
 Classical.choice,
 Quot.sound]
'MolecularDynamics.textbookBrownianGlobalRandomConfiguration_C2observable_Dynkin' depends on axioms: [propext,
 Classical.choice,
 Quot.sound]
'MolecularDynamics.textbookBrownianTorusProbabilityOperator_C2evolved_generator_tendsto' depends on axioms: [propext,
 Classical.choice,
 Quot.sound]
'MolecularDynamics.textbookBrownianProbabilityGibbsL2Image_C2hasDeriv_right' depends on axioms: [propext,
 Classical.choice,
 Quot.sound]
'MolecularDynamics.textbookBrownianProbabilityGibbsL2Image_C2Dynkin' depends on axioms: [propext,
 Classical.choice,
 Quot.sound]
'MolecularDynamics.textbookConfigurationCube_C1integral_divergence_eq_zero' depends on axioms: [propext,
 Classical.choice,
 Quot.sound]
'MolecularDynamics.textbookBrownianC2WeightedFlux_contDiff_one' depends on axioms: [propext,
 Classical.choice,
 Quot.sound]
'MolecularDynamics.textbookBrownianC2WeightedFlux_periodic' depends on axioms: [propext, Classical.choice, Quot.sound]
'MolecularDynamics.textbookBrownianC2WeightedFlux_partial' depends on axioms: [propext, Classical.choice, Quot.sound]
'MolecularDynamics.textbookBrownianC2WeightedFlux_divergence' depends on axioms: [propext, Classical.choice, Quot.sound]
'MolecularDynamics.textbookBrownianC2Generator_integral_dirichlet' depends on axioms: [propext,
 Classical.choice,
 Quot.sound]
'MolecularDynamics.textbookBrownianC2Generator_inner_dirichlet' depends on axioms: [propext,
 Classical.choice,
 Quot.sound]
'MolecularDynamics.textbookBrownianC2Generator_inner_symmetric' depends on axioms: [propext,
 Classical.choice,
 Quot.sound]
'MolecularDynamics.textbookBrownianC2GibbsL2GeneratorImage_symmetric' depends on axioms: [propext,
 Classical.choice,
 Quot.sound]
'MolecularDynamics.textbookBrownianGibbsClosedOperator_C2graph' depends on axioms: [propext,
 Classical.choice,
 Quot.sound]
'MolecularDynamics.textbookBrownianGibbsClosedOperator_C2mem_domain' depends on axioms: [propext,
 Classical.choice,
 Quot.sound]
'MolecularDynamics.textbookBrownianGibbsClosedOperator_C2apply' depends on axioms: [propext,
 Classical.choice,
 Quot.sound]
'MolecularDynamics.textbookBrownianProbabilityGibbsL2Image_C2closed_original_generator_tendsto' depends on axioms: [propext,
 Classical.choice,
 Quot.sound]
'MolecularDynamics.textbookC2TorusRealSpace' depends on axioms: [propext, Classical.choice, Quot.sound]
'MolecularDynamics.textbookBrownianGibbsC2Domain' depends on axioms: [propext, Classical.choice, Quot.sound]
'MolecularDynamics.textbookBrownianGibbsC2Domain_original_observable_mem' depends on axioms: [propext,
 Classical.choice,
 Quot.sound]
'MolecularDynamics.textbookBrownianGibbsC2Domain_le_closed_domain' depends on axioms: [propext,
 Classical.choice,
 Quot.sound]
'MolecularDynamics.textbookBrownianGibbsSmoothDomain_le_C2Domain' depends on axioms: [propext,
 Classical.choice,
 Quot.sound]
'MolecularDynamics.textbookBrownianGibbsC2Domain_dense' depends on axioms: [propext, Classical.choice, Quot.sound]
'MolecularDynamics.textbookBrownianGibbsClosedOperator_hasCore_C2' depends on axioms: [propext,
 Classical.choice,
 Quot.sound]
'MolecularDynamics.textbookBrownianSDEDrift_contDiff' depends on axioms: [propext, Classical.choice, Quot.sound]
'MolecularDynamics.textbookBrownianSDEDrift_fderiv_periodic' depends on axioms: [propext, Classical.choice, Quot.sound]
'MolecularDynamics.textbookBrownianSDEDrift_fderiv_lipschitz' depends on axioms: [propext, Classical.choice, Quot.sound]
'MolecularDynamics.textbookBrownianSDEDrift_first_taylor_bound' depends on axioms: [propext,
 Classical.choice,
 Quot.sound]
'MolecularDynamics.textbookBrownianPathEndpoint_same_noise_dist_le' depends on axioms: [propext,
 Classical.choice,
 Quot.sound]
'MolecularDynamics.textbookBrownianPathJacobian_exists' depends on axioms: [propext, Classical.choice, Quot.sound]
'MolecularDynamics.textbookBrownianPathJacobian' depends on axioms: [propext, Classical.choice, Quot.sound]
'MolecularDynamics.textbookBrownianPathJacobian_spec' depends on axioms: [propext, Classical.choice, Quot.sound]
'MolecularDynamics.textbookBrownianPathJacobian_norm_le' depends on axioms: [propext, Classical.choice, Quot.sound]
'MolecularDynamics.textbookBrownianPathEndpoint_jacobian_error_bound' depends on axioms: [propext,
 Classical.choice,
 Quot.sound]
'MolecularDynamics.textbookBrownianPathEndpoint_hasFDerivAt_initial' depends on axioms: [propext,
 Classical.choice,
 Quot.sound]
'MolecularDynamics.textbookBrownianPathJacobian_initial_norm_sub_bound' depends on axioms: [propext,
 Classical.choice,
 Quot.sound]
'MolecularDynamics.textbookBrownianPathJacobian_initial_continuous' depends on axioms: [propext,
 Classical.choice,
 Quot.sound]
'MolecularDynamics.textbookBrownianPathEndpoint_fderiv_initial_eq' depends on axioms: [propext,
 Classical.choice,
 Quot.sound]
'MolecularDynamics.textbookBrownianPathEndpoint_contDiff_one_initial' depends on axioms: [propext,
 Classical.choice,
 Quot.sound]
'MolecularDynamics.textbookBrownianSDEDrift_second_fderiv_periodic' depends on axioms: [propext,
 Classical.choice,
 Quot.sound]
'MolecularDynamics.textbookBrownianSDEDrift_second_fderiv_lipschitz' depends on axioms: [propext,
 Classical.choice,
 Quot.sound]
'MolecularDynamics.textbookBrownianSDEDrift_fderiv_first_taylor_bound' depends on axioms: [propext,
 Classical.choice,
 Quot.sound]
'MolecularDynamics.textbookBrownianPathSecondVariationForcing' depends on axioms: [propext,
 Classical.choice,
 Quot.sound]
'MolecularDynamics.textbookBrownianPathSecondVariationForcing_apply' depends on axioms: [propext,
 Classical.choice,
 Quot.sound]
'MolecularDynamics.textbookBrownianPathSecondVariationForcing_norm_bound' depends on axioms: [propext,
 Classical.choice,
 Quot.sound]
'MolecularDynamics.textbookBrownianPathSecondVariationForcing_continuousOn' depends on axioms: [propext,
 Classical.choice,
 Quot.sound]
'MolecularDynamics.textbookBrownianPathSecondVariation_exists' depends on axioms: [propext,
 Classical.choice,
 Quot.sound]
'MolecularDynamics.textbookBrownianPathSecondVariation' depends on axioms: [propext, Classical.choice, Quot.sound]
'MolecularDynamics.textbookBrownianPathSecondVariation_spec' depends on axioms: [propext, Classical.choice, Quot.sound]
'MolecularDynamics.textbookBrownianPathSecondVariation_norm_bound' depends on axioms: [propext,
 Classical.choice,
 Quot.sound]
'MolecularDynamics.textbookBrownianPathJacobian_second_variation_error_bound' depends on axioms: [propext,
 Classical.choice,
 Quot.sound]
'MolecularDynamics.textbookBrownianPathJacobian_hasFDerivAt_initial' depends on axioms: [propext,
 Classical.choice,
 Quot.sound]
'MolecularDynamics.textbookBrownianPathSecondVariationForcing_initial_norm_sub_bound' depends on axioms: [propext,
 Classical.choice,
 Quot.sound]
'MolecularDynamics.textbookBrownianPathSecondVariation_initial_norm_sub_bound' depends on axioms: [propext,
 Classical.choice,
 Quot.sound]
'MolecularDynamics.textbookBrownianPathSecondVariation_initial_continuous' depends on axioms: [propext,
 Classical.choice,
 Quot.sound]
'MolecularDynamics.textbookBrownianPathJacobian_contDiff_one_initial' depends on axioms: [propext,
 Classical.choice,
 Quot.sound]
'MolecularDynamics.textbookBrownianPathEndpoint_contDiff_two_initial' depends on axioms: [propext,
 Classical.choice,
 Quot.sound]
'MolecularDynamics.textbookBrownianPathEndpoint_second_fderiv_initial_eq' depends on axioms: [propext,
 Classical.choice,
 Quot.sound]
'MolecularDynamics.textbookBrownianPathJacobian_joint_norm_sub_bound' depends on axioms: [propext,
 Classical.choice,
 Quot.sound]
'MolecularDynamics.textbookBrownianPathJacobian_joint_continuous' depends on axioms: [propext,
 Classical.choice,
 Quot.sound]
'MolecularDynamics.textbookBrownianPathJacobian_joint_measurable' depends on axioms: [propext,
 Classical.choice,
 Quot.sound]
'MolecularDynamics.textbookBrownianPathSecondVariation_joint_measurable' depends on axioms: [propext,
 Classical.choice,
 Quot.sound]
'MolecularDynamics.textbookBrownianC2PathFirstDerivative' depends on axioms: [propext, Classical.choice, Quot.sound]
'MolecularDynamics.textbookBrownianC2PathSecondDerivative' depends on axioms: [propext, Classical.choice, Quot.sound]
'MolecularDynamics.textbookBrownianC2PathObservable_hasFDerivAt' depends on axioms: [propext,
 Classical.choice,
 Quot.sound]
'MolecularDynamics.textbookBrownianC2PathFirstDerivative_hasFDerivAt' depends on axioms: [propext,
 Classical.choice,
 Quot.sound]
'MolecularDynamics.textbookBrownianC2PathFirstDerivative_joint_continuous' depends on axioms: [propext,
 Classical.choice,
 Quot.sound]
'MolecularDynamics.textbookBrownianC2PathSecondDerivative_initial_continuous' depends on axioms: [propext,
 Classical.choice,
 Quot.sound]
'MolecularDynamics.textbookBrownianC2PathSecondDerivative_joint_measurable' depends on axioms: [propext,
 Classical.choice,
 Quot.sound]
'MolecularDynamics.textbookUnitPeriodicC2Observable_curried_derivative_bounds' depends on axioms: [propext,
 Classical.choice,
 Quot.sound]
'MolecularDynamics.textbookBrownianC2PathDerivative_uniform_bounds' depends on axioms: [propext,
 Classical.choice,
 Quot.sound]
'MolecularDynamics.textbookBrownianGlobalRandomConfiguration_C2expectation_contDiff_two' depends on axioms: [propext,
 Classical.choice,
 Quot.sound]
'MolecularDynamics.textbookBrownianTorusProbabilityOperator_preserves_C2' depends on axioms: [propext,
 Classical.choice,
 Quot.sound]
'MolecularDynamics.textbookBrownianTorusProbabilityOperator_preserves_C2_space' depends on axioms: [propext,
 Classical.choice,
 Quot.sound]
'MolecularDynamics.textbookBrownianProbabilityGibbsL2Image_C2evolved_mem_closed_domain' depends on axioms: [propext,
 Classical.choice,
 Quot.sound]
'MolecularDynamics.textbookBrownianProbabilityGibbsL2Image_C2evolved_closed_graph' depends on axioms: [propext,
 Classical.choice,
 Quot.sound]
'MolecularDynamics.textbookBrownianProbabilityGibbsL2Image_C2coefficient_hasDeriv_right' depends on axioms: [propext,
 Classical.choice,
 Quot.sound]
'MolecularDynamics.textbookBrownianProbabilityGibbsL2Image_C2coefficient_eq_spectral' depends on axioms: [propext,
 Classical.choice,
 Quot.sound]
'MolecularDynamics.textbookBrownianProbabilityGibbsL2Image_C2eq_spectral' depends on axioms: [propext,
 Classical.choice,
 Quot.sound]
'MolecularDynamics.textbookBrownianProbabilityGibbsL2Image_eq_spectral' depends on axioms: [propext,
 Classical.choice,
 Quot.sound]
'MolecularDynamics.textbookBrownianProbabilityGibbsL2Image_Gibbs_input_norm_le' depends on axioms: [propext,
 Classical.choice,
 Quot.sound]
'MolecularDynamics.textbookBrownianGibbsProbabilityOperator_exists' depends on axioms: [propext,
 Classical.choice,
 Quot.sound]
'MolecularDynamics.textbookBrownianGibbsProbabilityOperator' depends on axioms: [propext, Classical.choice, Quot.sound]
'MolecularDynamics.textbookBrownianGibbsProbabilityOperator_spec' depends on axioms: [propext,
 Classical.choice,
 Quot.sound]
'MolecularDynamics.textbookBrownianGibbsProbabilityOperator_eq_spectral' depends on axioms: [propext,
 Classical.choice,
 Quot.sound]
'MolecularDynamics.textbookBrownianGibbsProbabilityOperator_zero' depends on axioms: [propext,
 Classical.choice,
 Quot.sound]
'MolecularDynamics.textbookBrownianGibbsProbabilityOperator_add' depends on axioms: [propext,
 Classical.choice,
 Quot.sound]
'MolecularDynamics.textbookBrownianGibbsProbabilityOperator_continuous' depends on axioms: [propext,
 Classical.choice,
 Quot.sound]
'MolecularDynamics.textbookBrownianGibbsProbabilityOperator_isSymmetric' depends on axioms: [propext,
 Classical.choice,
 Quot.sound]
'MolecularDynamics.textbookBrownianGibbsProbabilityOperator_integral_mass' depends on axioms: [propext,
 Classical.choice,
 Quot.sound]
'MolecularDynamics.textbookBrownianTorusProbabilityOperator_Gibbs_integral' depends on axioms: [propext,
 Classical.choice,
 Quot.sound]
'MolecularDynamics.textbookBrownianTorusTransitionKernel_Gibbs_invariant' depends on axioms: [propext,
 Classical.choice,
 Quot.sound]
'MolecularDynamics.textbookBrownianInitialDensityMeasure' depends on axioms: [propext, Classical.choice, Quot.sound]
'MolecularDynamics.textbookBrownianInitialDensityMeasure_isProbabilityMeasure' depends on axioms: [propext,
 Classical.choice,
 Quot.sound]
'MolecularDynamics.textbookBrownianInitialDensityMeasure_integral' depends on axioms: [propext,
 Classical.choice,
 Quot.sound]
'MolecularDynamics.textbookBrownianDensityLaw' depends on axioms: [propext, Classical.choice, Quot.sound]
'MolecularDynamics.textbookBrownianDensityLaw_isProbabilityMeasure' depends on axioms: [propext,
 Classical.choice,
 Quot.sound]
'MolecularDynamics.textbookBrownianDensityLaw_integral_probability' depends on axioms: [propext,
 Classical.choice,
 Quot.sound]
'MolecularDynamics.textbookBrownianDensityLaw_integral_spectral' depends on axioms: [propext,
 Classical.choice,
 Quot.sound]
'MolecularDynamics.textbookBrownianDensityLaw_integral_globalExpectation' depends on axioms: [propext,
 Classical.choice,
 Quot.sound]
'MolecularDynamics.textbookBrownianDensityAverage' depends on axioms: [propext, Classical.choice, Quot.sound]
'MolecularDynamics.textbookBrownianDensityAverage_eq_spectral' depends on axioms: [propext,
 Classical.choice,
 Quot.sound]
'MolecularDynamics.textbookBrownianDensityAverage_smooth_decay' depends on axioms: [propext,
 Classical.choice,
 Quot.sound]
'MolecularDynamics.textbookBrownianDensityAverage_smooth_exponential' depends on axioms: [propext,
 Classical.choice,
 Quot.sound]
'MolecularDynamics.textbookBrownianDensityLaw_eq_spectralDensityMeasure' depends on axioms: [propext,
 Classical.choice,
 Quot.sound]
'MolecularDynamics.textbookBrownianGibbsSpectralEvolution_density_nonnegative' depends on axioms: [propext,
 Classical.choice,
 Quot.sound]
'MolecularDynamics.textbookBrownianSpectralDensityMeasure_isProbabilityMeasure' depends on axioms: [propext,
 Classical.choice,
 Quot.sound]
'MolecularDynamics.textbookBrownianDensityAverage_eq_spectralDensityRatio' depends on axioms: [propext,
 Classical.choice,
 Quot.sound]
'MolecularDynamics.textbookBrownianGibbsToHaarDensity' depends on axioms: [propext, Classical.choice, Quot.sound]
'MolecularDynamics.textbookBrownianGibbsToHaarDensity_measurable' depends on axioms: [propext,
 Classical.choice,
 Quot.sound]
'MolecularDynamics.textbookBrownianGibbsToHaarDensity_nonnegative' depends on axioms: [propext,
 Classical.choice,
 Quot.sound]
'MolecularDynamics.textbookBrownianGibbsToHaarDensity_measure' depends on axioms: [propext,
 Classical.choice,
 Quot.sound]
'MolecularDynamics.textbookBrownianGibbsToHaarDensity_integral' depends on axioms: [propext,
 Classical.choice,
 Quot.sound]
'MolecularDynamics.textbookBrownianGibbsToHaarDensity_integrable' depends on axioms: [propext,
 Classical.choice,
 Quot.sound]
'MolecularDynamics.textbookBrownianDensityLaw_eq_HaarDensityMeasure' depends on axioms: [propext,
 Classical.choice,
 Quot.sound]
'MolecularDynamics.textbookBrownianDensityLaw_HaarDensity_nonnegative' depends on axioms: [propext,
 Classical.choice,
 Quot.sound]
'MolecularDynamics.textbookBrownianDensityLaw_HaarDensity_mass' depends on axioms: [propext,
 Classical.choice,
 Quot.sound]
'MolecularDynamics.textbookBrownianDensityAverage_eq_HaarDensityRatio' depends on axioms: [propext,
 Classical.choice,
 Quot.sound]
'MolecularDynamics.textbookGibbsContinuousToL1' depends on axioms: [propext, Classical.choice, Quot.sound]
'MolecularDynamics.textbookGibbsContinuousToL1_ae_eq' depends on axioms: [propext, Classical.choice, Quot.sound]
'MolecularDynamics.textbookGibbsContinuousToL1_denseRange' depends on axioms: [propext, Classical.choice, Quot.sound]
'MolecularDynamics.textbookGibbsContinuousToL1_norm' depends on axioms: [propext, Classical.choice, Quot.sound]
'MolecularDynamics.textbookBrownianTorusProbabilityOperator_norm_expectation' depends on axioms: [propext,
 Classical.choice,
 Quot.sound]
'MolecularDynamics.textbookBrownianTorusProbabilityOperator_L1_integral_le' depends on axioms: [propext,
 Classical.choice,
 Quot.sound]
'MolecularDynamics.textbookBrownianProbabilityGibbsL1_input_norm_le' depends on axioms: [propext,
 Classical.choice,
 Quot.sound]
'MolecularDynamics.textbookBrownianGibbsL1ProbabilityOperator' depends on axioms: [propext,
 Classical.choice,
 Quot.sound]
'MolecularDynamics.textbookBrownianGibbsL1ProbabilityOperator_spec' depends on axioms: [propext,
 Classical.choice,
 Quot.sound]
'MolecularDynamics.textbookBrownianGibbsL1ProbabilityOperator_norm_le_one' depends on axioms: [propext,
 Classical.choice,
 Quot.sound]
'MolecularDynamics.textbookBrownianGibbsL1ProbabilityOperator_norm_apply_le' depends on axioms: [propext,
 Classical.choice,
 Quot.sound]
'MolecularDynamics.textbookBrownianGibbsL1ProbabilityOperator_zero' depends on axioms: [propext,
 Classical.choice,
 Quot.sound]
'MolecularDynamics.textbookBrownianGibbsL1ProbabilityOperator_add' depends on axioms: [propext,
 Classical.choice,
 Quot.sound]
'MolecularDynamics.textbookBrownianGibbsL1ProbabilityOperator_c0' depends on axioms: [propext,
 Classical.choice,
 Quot.sound]
'MolecularDynamics.textbookBrownianTorusProbabilityOperator_Gibbs_duality' depends on axioms: [propext,
 Classical.choice,
 Quot.sound]
'MolecularDynamics.textbookBrownianGibbsL1ProbabilityOperator_integral_duality' depends on axioms: [propext,
 Classical.choice,
 Quot.sound]
'MolecularDynamics.textbookBrownianGibbsL1ProbabilityOperator_integral_mass' depends on axioms: [propext,
 Classical.choice,
 Quot.sound]
'MolecularDynamics.textbookBrownianInitialL1DensityMeasure' depends on axioms: [propext, Classical.choice, Quot.sound]
'MolecularDynamics.textbookBrownianInitialL1DensityMeasure_isProbabilityMeasure' depends on axioms: [propext,
 Classical.choice,
 Quot.sound]
'MolecularDynamics.textbookBrownianInitialL1DensityMeasure_integral' depends on axioms: [propext,
 Classical.choice,
 Quot.sound]
'MolecularDynamics.textbookBrownianL1DensityLaw' depends on axioms: [propext, Classical.choice, Quot.sound]
'MolecularDynamics.textbookBrownianL1DensityLaw_isProbabilityMeasure' depends on axioms: [propext,
 Classical.choice,
 Quot.sound]
'MolecularDynamics.textbookBrownianL1DensityLaw_integral_probability' depends on axioms: [propext,
 Classical.choice,
 Quot.sound]
'MolecularDynamics.textbookBrownianL1DensityLaw_integral_evolution' depends on axioms: [propext,
 Classical.choice,
 Quot.sound]
'MolecularDynamics.textbookBrownianL1DensityLaw_eq_evolvedDensityMeasure' depends on axioms: [propext,
 Classical.choice,
 Quot.sound]
'MolecularDynamics.textbookBrownianGibbsL1ProbabilityOperator_density_nonnegative' depends on axioms: [propext,
 Classical.choice,
 Quot.sound]
'MolecularDynamics.textbookBrownianL1DensityAverage' depends on axioms: [propext, Classical.choice, Quot.sound]
'MolecularDynamics.textbookBrownianL1DensityAverage_eq_evolution' depends on axioms: [propext,
 Classical.choice,
 Quot.sound]
'MolecularDynamics.textbookBrownianGibbsL1ToHaarDensity' depends on axioms: [propext, Classical.choice, Quot.sound]
'MolecularDynamics.textbookBrownianGibbsL1ToHaarDensity_measurable' depends on axioms: [propext,
 Classical.choice,
 Quot.sound]
'MolecularDynamics.textbookBrownianGibbsL1ToHaarDensity_nonnegative' depends on axioms: [propext,
 Classical.choice,
 Quot.sound]
'MolecularDynamics.textbookBrownianGibbsL1ToHaarDensity_measure' depends on axioms: [propext,
 Classical.choice,
 Quot.sound]
'MolecularDynamics.textbookBrownianGibbsL1ToHaarDensity_integral' depends on axioms: [propext,
 Classical.choice,
 Quot.sound]
'MolecularDynamics.textbookBrownianGibbsL1ToHaarDensity_integrable' depends on axioms: [propext,
 Classical.choice,
 Quot.sound]
'MolecularDynamics.textbookBrownianL1DensityLaw_eq_HaarDensityMeasure' depends on axioms: [propext,
 Classical.choice,
 Quot.sound]
'MolecularDynamics.textbookBrownianL1DensityLaw_HaarDensity_nonnegative' depends on axioms: [propext,
 Classical.choice,
 Quot.sound]
'MolecularDynamics.textbookBrownianL1DensityLaw_HaarDensity_mass' depends on axioms: [propext,
 Classical.choice,
 Quot.sound]
'MolecularDynamics.textbookBrownianL1DensityAverage_eq_HaarDensityRatio' depends on axioms: [propext,
 Classical.choice,
 Quot.sound]
'MolecularDynamics.textbookGibbsL2ToL1' depends on axioms: [propext, Classical.choice, Quot.sound]
'MolecularDynamics.textbookGibbsL2ToL1_apply' depends on axioms: [propext, Classical.choice, Quot.sound]
'MolecularDynamics.textbookGibbsL2ToL1_norm_le_one' depends on axioms: [propext, Classical.choice, Quot.sound]
'MolecularDynamics.textbookGibbsL2ToL1_continuous_inclusion' depends on axioms: [propext, Classical.choice, Quot.sound]
'MolecularDynamics.textbookBrownianGibbsL1ProbabilityOperator_L2_compatibility' depends on axioms: [propext,
 Classical.choice,
 Quot.sound]
'MolecularDynamics.textbookBrownianInitialL1DensityMeasure_L2_compatibility' depends on axioms: [propext,
 Classical.choice,
 Quot.sound]
'MolecularDynamics.textbookBrownianL1DensityLaw_L2_compatibility' depends on axioms: [propext,
 Classical.choice,
 Quot.sound]
'MolecularDynamics.textbookBrownianL1DensityAverage_L2_compatibility' depends on axioms: [propext,
 Classical.choice,
 Quot.sound]
'MolecularDynamics.textbookBrownianGibbsL1ToHaarDensity_L2_compatibility' depends on axioms: [propext,
 Classical.choice,
 Quot.sound]
'MolecularDynamics.textbookBrownianL1DensityAverage_L2_smooth_decay' depends on axioms: [propext,
 Classical.choice,
 Quot.sound]
'MolecularDynamics.textbookBrownianL1DensityAverage_L2_smooth_exponential' depends on axioms: [propext,
 Classical.choice,
 Quot.sound]
'MolecularDynamics.textbookBrownianL1HaarDensityRatio_L2_smooth_decay' depends on axioms: [propext,
 Classical.choice,
 Quot.sound]
'MolecularDynamics.textbookBrownianHaarRelativeContinuousDensity' depends on axioms: [propext,
 Classical.choice,
 Quot.sound]
'MolecularDynamics.textbookBrownianHaarInitialGibbsDensity' depends on axioms: [propext, Classical.choice, Quot.sound]
'MolecularDynamics.textbookBrownianHaarInitialGibbsDensity_ae_eq' depends on axioms: [propext,
 Classical.choice,
 Quot.sound]
'MolecularDynamics.textbookBrownianHaarInitialGibbsDensity_Haar_ae_eq' depends on axioms: [propext,
 Classical.choice,
 Quot.sound]
'MolecularDynamics.textbookBrownianHaarInitialGibbsDensity_measure' depends on axioms: [propext,
 Classical.choice,
 Quot.sound]
'MolecularDynamics.textbookBrownianHaarInitialGibbsDensity_nonnegative' depends on axioms: [propext,
 Classical.choice,
 Quot.sound]
'MolecularDynamics.textbookBrownianHaarInitialGibbsDensity_mass' depends on axioms: [propext,
 Classical.choice,
 Quot.sound]
'MolecularDynamics.textbookBrownianHaarDensityLaw' depends on axioms: [propext, Classical.choice, Quot.sound]
'MolecularDynamics.textbookBrownianHaarDensityLaw_eq_GibbsLaw' depends on axioms: [propext,
 Classical.choice,
 Quot.sound]
'MolecularDynamics.textbookBrownianHaarDensityLaw_isProbabilityMeasure' depends on axioms: [propext,
 Classical.choice,
 Quot.sound]
'MolecularDynamics.textbookBrownianHaarDensityAverage' depends on axioms: [propext, Classical.choice, Quot.sound]
'MolecularDynamics.textbookBrownianHaarDensityAverage_eq_GibbsAverage' depends on axioms: [propext,
 Classical.choice,
 Quot.sound]
'MolecularDynamics.textbookBrownianHaarDensityLaw_eq_evolvedDensityMeasure' depends on axioms: [propext,
 Classical.choice,
 Quot.sound]
'MolecularDynamics.textbookBrownianHaarDensityAverage_eq_evolvedDensityRatio' depends on axioms: [propext,
 Classical.choice,
 Quot.sound]
'MolecularDynamics.textbookBrownianOriginalWeightedTestNorm' depends on axioms: [propext, Classical.choice, Quot.sound]
'MolecularDynamics.textbookBrownianOriginalWeightedTestNorm_normalization' depends on axioms: [propext,
 Classical.choice,
 Quot.sound]
'MolecularDynamics.textbookBrownianHaarDensityAverage_original_norm_decay' depends on axioms: [propext,
 Classical.choice,
 Quot.sound]
'MolecularDynamics.textbookBrownianHaarDensityAverage_original_norm_exponential' depends on axioms: [propext,
 Classical.choice,
 Quot.sound]
'MolecularDynamics.textbookLangevinPeriodicTransitionExpectation' depends on axioms: [propext,
 Classical.choice,
 Quot.sound]
'MolecularDynamics.textbookLangevinPeriodicTransitionExpectation_wiener_path' depends on axioms: [propext,
 Classical.choice,
 Quot.sound]
'MolecularDynamics.textbookLangevinPeriodicTransitionExpectation_actual_process' depends on axioms: [propext,
 Classical.choice,
 Quot.sound]
'MolecularDynamics.textbookLangevinPeriodicTransitionExpectation_continuous' depends on axioms: [propext,
 Classical.choice,
 Quot.sound]
'MolecularDynamics.textbookLangevinPeriodicTransitionExpectation_norm_le' depends on axioms: [propext,
 Classical.choice,
 Quot.sound]
'MolecularDynamics.textbookLangevinPeriodicBoundedTransition' depends on axioms: [propext, Classical.choice, Quot.sound]
'MolecularDynamics.textbookLangevinPeriodicBoundedTransition_apply' depends on axioms: [propext,
 Classical.choice,
 Quot.sound]
'MolecularDynamics.textbookLangevinPeriodicBoundedTransition_norm_le' depends on axioms: [propext,
 Classical.choice,
 Quot.sound]
'MolecularDynamics.textbookLangevinPeriodicBoundedTransition_zero' depends on axioms: [propext,
 Classical.choice,
 Quot.sound]
'MolecularDynamics.textbookLangevinPeriodicBoundedTransition_add' depends on axioms: [propext,
 Classical.choice,
 Quot.sound]
'MolecularDynamics.textbookLangevinPeriodicBoundedTransition_nonnegative' depends on axioms: [propext,
 Classical.choice,
 Quot.sound]
'MolecularDynamics.textbookLangevinPeriodicBoundedTransition_const' depends on axioms: [propext,
 Classical.choice,
 Quot.sound]
'MolecularDynamics.textbookLangevinPeriodicTransitionProbability' depends on axioms: [propext,
 Classical.choice,
 Quot.sound]
'MolecularDynamics.textbookLangevinPeriodicTransitionProbability_continuous' depends on axioms: [propext,
 Classical.choice,
 Quot.sound]
'MolecularDynamics.textbookLangevinPeriodicTransitionProbability_weakFeller_of_periodic' depends on axioms: [propext,
 Classical.choice,
 Quot.sound]
'MolecularDynamics.textbookLangevinPeriodicTransitionKernel_open_pos' depends on axioms: [propext,
 Classical.choice,
 Quot.sound]
'MolecularDynamics.textbookLangevinPeriodicTransitionKernel_open_lowerSemicontinuous' depends on axioms: [propext,
 Classical.choice,
 Quot.sound]
'MolecularDynamics.textbookLangevinPeriodicTransitionKernel_compact_open_uniform_pos' depends on axioms: [propext,
 Classical.choice,
 Quot.sound]
'MolecularDynamics.textbookLangevinPeriodicTransitionKernel_energy_sublevel_open_uniform_pos' depends on axioms: [propext,
 Classical.choice,
 Quot.sound]
'MolecularDynamics.textbookLangevinPeriodicTransitionKernel_assumption1i' depends on axioms: [propext,
 Classical.choice,
 Quot.sound]
'MolecularDynamics.textbookLangevinPeriodicHamiltonianPower_sublevel_interior_nonempty' depends on axioms: [propext,
 Classical.choice,
 Quot.sound]
'MolecularDynamics.textbookLangevinPeriodicTransitionKernel_physical_energy_assumption1i' depends on axioms: [propext,
 Classical.choice,
 Quot.sound]
'MolecularDynamics.textbookLangevinPeriodicDensityClause' depends on axioms: [propext, Classical.choice, Quot.sound]
'MolecularDynamics.textbookLangevinPeriodicDensityClause_fixed_time_continuous' depends on axioms: [propext,
 Classical.choice,
 Quot.sound]
'MolecularDynamics.textbookLangevinPeriodicDensityClause_positive_interior_point' depends on axioms: [propext,
 Classical.choice,
 Quot.sound]
'MolecularDynamics.textbookLangevinPeriodicDensityClause_local_lower_bound' depends on axioms: [propext,
 Classical.choice,
 Quot.sound]
'MolecularDynamics.textbookLangevinPeriodicDensityClause_local_minorization' depends on axioms: [propext,
 Classical.choice,
 Quot.sound]
'MolecularDynamics.textbookLangevinPeriodicDensityClause_two_step_lower_bound' depends on axioms: [propext,
 Classical.choice,
 Quot.sound]
'MolecularDynamics.textbookLangevinPeriodicDensityClause_compact_minorization' depends on axioms: [propext,
 Classical.choice,
 Quot.sound]
'MolecularDynamics.textbookLangevinPeriodicDensityClause_physical_energy_minorization' depends on axioms: [propext,
 Classical.choice,
 Quot.sound]
'MolecularDynamics.textbookLangevinMomentum_weighted_hasDerivWithinAt' depends on axioms: [propext,
 Classical.choice,
 Quot.sound]
'MolecularDynamics.textbookLangevinMomentum_weighted_integral' depends on axioms: [propext,
 Classical.choice,
 Quot.sound]
'MolecularDynamics.textbookLangevinMomentum_variation_of_constants' depends on axioms: [propext,
 Classical.choice,
 Quot.sound]
'MolecularDynamics.textbookLangevinMomentum_duhamel' depends on axioms: [propext, Classical.choice, Quot.sound]
'MolecularDynamics.textbookLangevinDampedNoise' depends on axioms: [propext, Classical.choice, Quot.sound]
'MolecularDynamics.textbookLangevinMomentum_force_convolution_bound' depends on axioms: [propext,
 Classical.choice,
 Quot.sound]
'MolecularDynamics.textbookLangevinMomentum_force_convolution_uniform_bound' depends on axioms: [propext,
 Classical.choice,
 Quot.sound]
'MolecularDynamics.textbookLangevinMomentum_norm_le' depends on axioms: [propext, Classical.choice, Quot.sound]
'MolecularDynamics.textbookLangevinMomentum_periodic_norm_bound' depends on axioms: [propext,
 Classical.choice,
 Quot.sound]
'MolecularDynamics.textbookLangevinGlobalRandomPhase_momentum_duhamel_ae' depends on axioms: [propext,
 Classical.choice,
 Quot.sound]
'MolecularDynamics.textbookLangevinPeriodicGlobalRandomPhase_momentum_bound_ae' depends on axioms: [propext,
 Classical.choice,
 Quot.sound]
'MolecularDynamics.textbookWienerVector_coordinate_time_square_integrable' depends on axioms: [propext,
 Classical.choice,
 Quot.sound]
'MolecularDynamics.textbookWienerVector_coordinate_time_square_mean' depends on axioms: [propext,
 Classical.choice,
 Quot.sound]
'MolecularDynamics.textbookLangevinDampedNoise_coordinate_aemeasurable' depends on axioms: [propext,
 Classical.choice,
 Quot.sound]
'MolecularDynamics.textbookLangevinDampedNoise_coordinate_square_bound_ae' depends on axioms: [propext,
 Classical.choice,
 Quot.sound]
'MolecularDynamics.textbookLangevinDampedNoise_coordinate_square_integrable' depends on axioms: [propext,
 Classical.choice,
 Quot.sound]
'MolecularDynamics.textbookLangevinDampedNoise_coordinate_memLp' depends on axioms: [propext,
 Classical.choice,
 Quot.sound]
'MolecularDynamics.textbookLangevinDampedNoise_coordinate_secondMoment_bound' depends on axioms: [propext,
 Classical.choice,
 Quot.sound]
'MolecularDynamics.textbookLangevinDampedNoise_memLp' depends on axioms: [propext, Classical.choice, Quot.sound]
'MolecularDynamics.textbookLangevinDampedNoise_sum_square_integrable' depends on axioms: [propext,
 Classical.choice,
 Quot.sound]
'MolecularDynamics.textbookLangevinDampedNoise_sum_secondMoment_bound' depends on axioms: [propext,
 Classical.choice,
 Quot.sound]
'MolecularDynamics.textbookLangevinPeriodicGlobalRandomPhase_momentum_memLp' depends on axioms: [propext,
 Classical.choice,
 Quot.sound]
'MolecularDynamics.textbookLangevinMomentum_sum_squares_le' depends on axioms: [propext, Classical.choice, Quot.sound]
'MolecularDynamics.textbookLangevinPeriodicGlobalRandomPhase_momentum_sum_squares_bound_ae' depends on axioms: [propext,
 Classical.choice,
 Quot.sound]
'MolecularDynamics.textbookLangevinPeriodicGlobalRandomPhase_momentum_sum_squares_integrable' depends on axioms: [propext,
 Classical.choice,
 Quot.sound]
'MolecularDynamics.textbookLangevinPeriodicGlobalRandomPhase_hamiltonian_integrable' depends on axioms: [propext,
 Classical.choice,
 Quot.sound]
'MolecularDynamics.textbookLangevinPeriodicGlobalRandomPhase_momentum_sum_secondMoment_bound' depends on axioms: [propext,
 Classical.choice,
 Quot.sound]
'MolecularDynamics.textbookLangevinPeriodicGlobalRandomPhase_hamiltonian_expectation_bound' depends on axioms: [propext,
 Classical.choice,
 Quot.sound]
'MolecularDynamics.textbookLangevinPeriodicTransitionKernel_hamiltonian_integrable' depends on axioms: [propext,
 Classical.choice,
 Quot.sound]
'MolecularDynamics.textbookLangevinPeriodicTransitionKernel_hamiltonian_actual_expectation' depends on axioms: [propext,
 Classical.choice,
 Quot.sound]
'MolecularDynamics.textbookLangevinPeriodicTransitionKernel_hamiltonian_expectation_bound' depends on axioms: [propext,
 Classical.choice,
 Quot.sound]
'MolecularDynamics.textbookLangevinPeriodicTransitionKernel_hamiltonian_skeleton_drift' depends on axioms: [propext,
 Classical.choice,
 Quot.sound]
'MolecularDynamics.textbookLangevinPeriodicTransitionKernel_hamiltonian_skeleton_lyapunov' depends on axioms: [propext,
 Classical.choice,
 Quot.sound]
'MolecularDynamics.textbookWienerVector_coordinate_time_even_norm_power_integrable' depends on axioms: [propext,
 Classical.choice,
 Quot.sound]
'MolecularDynamics.textbookLangevinDampedNoise_coordinate_even_norm_power_integrable' depends on axioms: [propext,
 Classical.choice,
 Quot.sound]
'MolecularDynamics.textbookLangevinDampedNoise_coordinate_memLp_even' depends on axioms: [propext,
 Classical.choice,
 Quot.sound]
'MolecularDynamics.textbookLangevinDampedNoise_memLp_even' depends on axioms: [propext, Classical.choice, Quot.sound]
'MolecularDynamics.textbookLangevinDampedNoise_physical_energy_power_integrable' depends on axioms: [propext,
 Classical.choice,
 Quot.sound]
'MolecularDynamics.textbookLangevinPeriodicGlobalRandomPhase_momentum_memLp_even' depends on axioms: [propext,
 Classical.choice,
 Quot.sound]
'MolecularDynamics.textbookLangevinPeriodicGlobalRandomPhase_momentum_square_sum_power_integrable' depends on axioms: [propext,
 Classical.choice,
 Quot.sound]
'MolecularDynamics.textbookLangevinPeriodicGlobalRandomPhase_hamiltonian_power_integrable' depends on axioms: [propext,
 Classical.choice,
 Quot.sound]
'MolecularDynamics.textbookLangevinPeriodicTransitionKernel_hamiltonian_power_integrable' depends on axioms: [propext,
 Classical.choice,
 Quot.sound]
'MolecularDynamics.textbookLangevinPeriodicGlobalRandomPhase_hamiltonian_path_bound_ae' depends on axioms: [propext,
 Classical.choice,
 Quot.sound]
'MolecularDynamics.textbookLangevinPeriodicGlobalRandomPhase_hamiltonian_power_expectation_bound' depends on axioms: [propext,
 Classical.choice,
 Quot.sound]
'MolecularDynamics.textbookLangevinPeriodicTransitionKernel_hamiltonian_power_actual_expectation' depends on axioms: [propext,
 Classical.choice,
 Quot.sound]
'MolecularDynamics.textbookLangevinPeriodicTransitionKernel_hamiltonian_power_expectation_bound' depends on axioms: [propext,
 Classical.choice,
 Quot.sound]
'MolecularDynamics.textbookLangevinPeriodicTransitionKernel_hamiltonian_power_large_time_drift' depends on axioms: [propext,
 Classical.choice,
 Quot.sound]
'MolecularDynamics.textbookLangevinPeriodicTransitionKernel_hamiltonian_power_common_skeleton_drift' depends on axioms: [propext,
 Classical.choice,
 Quot.sound]
'MolecularDynamics.textbookLangevinPeriodicTransitionKernel_hamiltonian_power_skeleton_lyapunov' depends on axioms: [propext,
 Classical.choice,
 Quot.sound]
'MolecularDynamics.textbookLangevinPeriodicDensityClause_compact_minorization_at_time' depends on axioms: [propext,
 Classical.choice,
 Quot.sound]
'MolecularDynamics.textbookLangevinPeriodicDensityClause_physical_energy_minorization_at_time' depends on axioms: [propext,
 Classical.choice,
 Quot.sound]
'MolecularDynamics.textbookLangevinPeriodicTransitionKernel_hamiltonian_power_large_sublevel_drift' depends on axioms: [propext,
 Classical.choice,
 Quot.sound]
'MolecularDynamics.textbookLangevinPeriodicTransitionKernel_hamiltonian_power_skeleton_inputs' depends on axioms: [propext,
 Classical.choice,
 Quot.sound]
'MolecularDynamics.textbookLangevinPeriodicTransitionKernel_hamiltonian_power_skeleton_moment_bound' depends on axioms: [propext,
 Classical.choice,
 Quot.sound]
'MolecularDynamics.textbookLangevinPeriodicTransitionKernel_hamiltonian_power_skeleton_tail_bound' depends on axioms: [propext,
 Classical.choice,
 Quot.sound]
'MolecularDynamics.textbookLangevinPeriodicTransitionKernel_hamiltonian_power_skeleton_isTight' depends on axioms: [propext,
 Classical.choice,
 Quot.sound]
'MolecularDynamics.textbookLangevinPeriodicCesaroMeasure' depends on axioms: [propext, Classical.choice, Quot.sound]
'MolecularDynamics.textbookLangevinPeriodicCesaroMeasure_isProbability' depends on axioms: [propext,
 Classical.choice,
 Quot.sound]
'MolecularDynamics.textbookLangevinPeriodicCesaroProbability' depends on axioms: [propext, Classical.choice, Quot.sound]
'MolecularDynamics.textbookLangevinPeriodicCesaroProbability_integral' depends on axioms: [propext,
 Classical.choice,
 Quot.sound]
'MolecularDynamics.textbookLangevinPeriodicCesaroMeasure_isTight' depends on axioms: [propext,
 Classical.choice,
 Quot.sound]
'MolecularDynamics.textbookLangevinPeriodicCesaroProbability_isCompact_closure' depends on axioms: [propext,
 Classical.choice,
 Quot.sound]
'MolecularDynamics.textbookLangevinPeriodicCesaroProbability_weak_subsequence' depends on axioms: [propext,
 Classical.choice,
 Quot.sound]
'MolecularDynamics.textbookLangevinPeriodicProbabilityEvolution' depends on axioms: [propext,
 Classical.choice,
 Quot.sound]
'MolecularDynamics.textbookLangevinPeriodicProbabilityEvolution_integral' depends on axioms: [propext,
 Classical.choice,
 Quot.sound]
'MolecularDynamics.textbookLangevinPeriodicProbabilityEvolution_continuous' depends on axioms: [propext,
 Classical.choice,
 Quot.sound]
'MolecularDynamics.textbookLangevinPeriodicCesaroProbability_transition_defect' depends on axioms: [propext,
 Classical.choice,
 Quot.sound]
'MolecularDynamics.textbookLangevinPeriodicCesaroProbability_transition_defect_norm_le' depends on axioms: [propext,
 Classical.choice,
 Quot.sound]
'MolecularDynamics.textbookLangevinPeriodicCesaroProbability_transition_defect_tendsto' depends on axioms: [propext,
 Classical.choice,
 Quot.sound]
'MolecularDynamics.textbookLangevinPeriodicCesaroProbability_weak_limit_invariant' depends on axioms: [propext,
 Classical.choice,
 Quot.sound]
'MolecularDynamics.textbookLangevinPeriodicTransitionKernel_skeleton_invariant_exists' depends on axioms: [propext,
 Classical.choice,
 Quot.sound]
'MolecularDynamics.textbookLangevinPeriodicTransitionExpectation_time_continuous' depends on axioms: [propext,
 Classical.choice,
 Quot.sound]
'MolecularDynamics.textbookLangevinPeriodicTransitionProbability_time_continuous' depends on axioms: [propext,
 Classical.choice,
 Quot.sound]
'MolecularDynamics.textbookLangevinPeriodicProbabilityEvolution_time_continuous' depends on axioms: [propext,
 Classical.choice,
 Quot.sound]
'MolecularDynamics.textbookLangevinPeriodicProbabilityEvolution_time_measurable' depends on axioms: [propext,
 Classical.choice,
 Quot.sound]
'MolecularDynamics.textbookLangevinPeriodicEvolutionTimeKernel' depends on axioms: [propext,
 Classical.choice,
 Quot.sound]
'MolecularDynamics.textbookLangevinPeriodicEvolutionTimeKernel_apply' depends on axioms: [propext,
 Classical.choice,
 Quot.sound]
'MolecularDynamics.textbookLangevinPeriodicEvolutionTimeKernel_isMarkov' depends on axioms: [propext,
 Classical.choice,
 Quot.sound]
'MolecularDynamics.textbookLangevinPeriodicProbabilityEvolution_zero' depends on axioms: [propext,
 Classical.choice,
 Quot.sound]
'MolecularDynamics.textbookLangevinPeriodicProbabilityEvolution_add' depends on axioms: [propext,
 Classical.choice,
 Quot.sound]
'MolecularDynamics.textbookLangevinPeriodicProbabilityEvolution_periodic_of_skeleton_invariant' depends on axioms: [propext,
 Classical.choice,
 Quot.sound]
'MolecularDynamics.textbookLangevinInvariantAveragingClock' depends on axioms: [propext, Classical.choice, Quot.sound]
'MolecularDynamics.textbookLangevinInvariantAveragingClock_integral' depends on axioms: [propext,
 Classical.choice,
 Quot.sound]
'MolecularDynamics.textbookLangevinPeriodicOrbitAverage' depends on axioms: [propext, Classical.choice, Quot.sound]
'MolecularDynamics.textbookLangevinPeriodicOrbitAverage_integral' depends on axioms: [propext,
 Classical.choice,
 Quot.sound]
'MolecularDynamics.textbookLangevinPeriodicOrbitAverage_invariant' depends on axioms: [propext,
 Classical.choice,
 Quot.sound]
'MolecularDynamics.textbookLangevinPeriodicTransitionKernel_invariant_exists' depends on axioms: [propext,
 Classical.choice,
 Quot.sound]
'MolecularDynamics.textbookLangevinPeriodicTransitionKernel_invariant_exists_of_periodic' depends on axioms: [propext,
 Classical.choice,
 Quot.sound]
'MolecularDynamics.textbookPotentialForce_add_const' depends on axioms: [propext, Classical.choice, Quot.sound]
'MolecularDynamics.textbookUnitPeriodicPotential_add_const' depends on axioms: [propext, Classical.choice, Quot.sound]
'MolecularDynamics.textbookLangevinIntegralSolution_add_const_iff' depends on axioms: [propext,
 Classical.choice,
 Quot.sound]
'MolecularDynamics.textbookLangevinPathEndpoint_add_const' depends on axioms: [propext, Classical.choice, Quot.sound]
'MolecularDynamics.textbookLangevinPeriodicPathEndpoint_add_const' depends on axioms: [propext,
 Classical.choice,
 Quot.sound]
'MolecularDynamics.textbookLangevinPeriodicTransitionKernel_add_const' depends on axioms: [propext,
 Classical.choice,
 Quot.sound]
'MolecularDynamics.textbookUnitPeriodicPotential_normalization' depends on axioms: [propext,
 Classical.choice,
 Quot.sound]
'MolecularDynamics.textbookLangevinPeriodicTransitionKernel_invariant_exists_unrestricted_potential' depends on axioms: [propext,
 Classical.choice,
 Quot.sound]
'MolecularDynamics.textbookLangevinPeriodicTransitionKernel_invariant_exists_unrestricted_potential_of_periodic' depends on axioms: [propext,
 Classical.choice,
 Quot.sound]
'MolecularDynamics.textbookLangevinPeriodicInvariant_hamiltonian_power_moment_of_half_drift' depends on axioms: [propext,
 Classical.choice,
 Quot.sound]
'MolecularDynamics.textbookLangevinPeriodicInvariant_all_hamiltonian_power_moments' depends on axioms: [propext,
 Classical.choice,
 Quot.sound]
'MolecularDynamics.textbookLangevinPeriodicTransitionKernel_invariant_exists_with_hamiltonian_power_moments' depends on axioms: [propext,
 Classical.choice,
 Quot.sound]
'MolecularDynamics.textbookLangevinPeriodicTransitionKernel_invariant_exists_with_normalized_energy_moments' depends on axioms: [propext,
 Classical.choice,
 Quot.sound]
'MolecularDynamics.textbookLangevinWeightedOscillationBound' depends on axioms: [propext, Classical.choice, Quot.sound]
'MolecularDynamics.textbookLangevinWeightedOscillationBound_integrable' depends on axioms: [propext,
 Classical.choice,
 Quot.sound]
'MolecularDynamics.textbookLangevinWeightedOscillationBound_integral_difference' depends on axioms: [propext,
 Classical.choice,
 Quot.sound]
'MolecularDynamics.textbookLangevinWeightedOscillationBound_minorized_integral_difference' depends on axioms: [propext,
 Classical.choice,
 Quot.sound]
'MolecularDynamics.textbookLangevinPeriodicDensityClause_hamiltonian_weighted_one_step_contraction' depends on axioms: [propext,
 Classical.choice,
 Quot.sound]
'MolecularDynamics.textbookLangevinPeriodicDensityClause_hamiltonian_weighted_skeleton_contraction' depends on axioms: [propext,
 Classical.choice,
 Quot.sound]
'MolecularDynamics.textbookLangevinPeriodicDensityClause_hamiltonian_weighted_skeleton_geometric_bound' depends on axioms: [propext,
 Classical.choice,
 Quot.sound]
'MolecularDynamics.textbookLangevinPeriodicDensityClause_original_observable_skeleton_geometric_bound' depends on axioms: [propext,
 Classical.choice,
 Quot.sound]
'MolecularDynamics.textbookLangevinPeriodicDensityClause_invariant_unique' depends on axioms: [propext,
 Classical.choice,
 Quot.sound]
'MolecularDynamics.textbookLangevinPeriodicDensityClause_invariant_existsUnique' depends on axioms: [propext,
 Classical.choice,
 Quot.sound]
'MolecularDynamics.textbookWienerVector_coordinate_even_norm_power_bounded_time' depends on axioms: [propext,
 Classical.choice,
 Quot.sound]
'MolecularDynamics.textbookLangevinDampedNoise_coordinate_even_norm_power_bounded_time' depends on axioms: [propext,
 Classical.choice,
 Quot.sound]
'MolecularDynamics.textbookLangevinDampedNoise_physical_energy_power_bounded_time' depends on axioms: [propext,
 Classical.choice,
 Quot.sound]
'MolecularDynamics.textbookLangevinPeriodicTransitionKernel_hamiltonian_power_bounded_time' depends on axioms: [propext,
 Classical.choice,
 Quot.sound]
'MolecularDynamics.textbookLangevinPeriodicDensityClause_original_observable_exponential_bound' depends on axioms: [propext,
 Classical.choice,
 Quot.sound]
'MolecularDynamics.textbookLangevinPeriodicDensityClause_invariant_exists_with_original_exponential_bound' depends on axioms: [propext,
 Classical.choice,
 Quot.sound]
'MolecularDynamics.textbookLangevinPeriodicDensityClause_original_exponential_bound_unrestricted_potential' depends on axioms: [propext,
 Classical.choice,
 Quot.sound]
'MolecularDynamics.textbookLangevinPeriodicDensityClause_printed_time_zero_impossible' depends on axioms: [propext,
 Classical.choice,
 Quot.sound]
'MolecularDynamics.textbookLangevinPeriodicPositiveTimeDensityClause' depends on axioms: [propext,
 Classical.choice,
 Quot.sound]
'MolecularDynamics.textbookLangevinPeriodicPositiveTimeDensityClause_fixed_time_continuous' depends on axioms: [propext,
 Classical.choice,
 Quot.sound]
'MolecularDynamics.textbookLangevinPeriodicDensityClause_positive_time_part' depends on axioms: [propext,
 Classical.choice,
 Quot.sound]
'MolecularDynamics.textbookLangevinPeriodicPositiveTimeDensityClause_compact_minorization_at_time' depends on axioms: [propext,
 Classical.choice,
 Quot.sound]
'MolecularDynamics.textbookLangevinPeriodicPositiveTimeDensityClause_physical_energy_minorization_at_time' depends on axioms: [propext,
 Classical.choice,
 Quot.sound]
'MolecularDynamics.textbookLangevinPeriodicPositiveTimeDensityClause_hamiltonian_power_skeleton_inputs' depends on axioms: [propext,
 Classical.choice,
 Quot.sound]
'MolecularDynamics.textbookLangevinPeriodicPositiveTimeDensityClause_hamiltonian_weighted_one_step_contraction' depends on axioms: [propext,
 Classical.choice,
 Quot.sound]
'MolecularDynamics.textbookLangevinPeriodicPositiveTimeDensityClause_hamiltonian_weighted_skeleton_contraction' depends on axioms: [propext,
 Classical.choice,
 Quot.sound]
'MolecularDynamics.textbookLangevinPeriodicPositiveTimeDensityClause_hamiltonian_weighted_skeleton_geometric_bound' depends on axioms: [propext,
 Classical.choice,
 Quot.sound]
'MolecularDynamics.textbookLangevinPeriodicPositiveTimeDensityClause_original_observable_skeleton_geometric_bound' depends on axioms: [propext,
 Classical.choice,
 Quot.sound]
'MolecularDynamics.textbookLangevinPeriodicPositiveTimeDensityClause_invariant_unique' depends on axioms: [propext,
 Classical.choice,
 Quot.sound]
'MolecularDynamics.textbookLangevinPeriodicPositiveTimeDensityClause_invariant_existsUnique' depends on axioms: [propext,
 Classical.choice,
 Quot.sound]
'MolecularDynamics.textbookLangevinPeriodicPositiveTimeDensityClause_original_observable_exponential_bound' depends on axioms: [propext,
 Classical.choice,
 Quot.sound]
'MolecularDynamics.textbookLangevinPeriodicPositiveTimeDensityClause_invariant_exists_with_original_exponential_bound' depends on axioms: [propext,
 Classical.choice,
 Quot.sound]
'MolecularDynamics.textbookLangevinPeriodicPositiveTimeDensityClause_original_exponential_bound_unrestricted_potential' depends on axioms: [propext,
 Classical.choice,
 Quot.sound]
'MolecularDynamics.textbookLangevinDampedNoise_coordinate_Brownian_remainder_square_bound_ae' depends on axioms: [propext,
 Classical.choice,
 Quot.sound]
'MolecularDynamics.textbookLangevinDampedNoise_coordinate_Brownian_remainder_memLp' depends on axioms: [propext,
 Classical.choice,
 Quot.sound]
'MolecularDynamics.textbookLangevinDampedNoise_coordinate_Brownian_remainder_secondMoment_bound' depends on axioms: [propext,
 Classical.choice,
 Quot.sound]
'MolecularDynamics.textbookLangevinMomentum_force_convolution_linear_bound' depends on axioms: [propext,
 Classical.choice,
 Quot.sound]
'MolecularDynamics.textbookLangevinPeriodicGlobalRandomPhase_momentum_Brownian_remainder_square_bound_ae' depends on axioms: [propext,
 Classical.choice,
 Quot.sound]
'MolecularDynamics.textbookLangevinPeriodicGlobalRandomPhase_momentum_Brownian_remainder_memLp' depends on axioms: [propext,
 Classical.choice,
 Quot.sound]
'MolecularDynamics.textbookLangevinPeriodicGlobalRandomPhase_momentum_Brownian_remainder_secondMoment_bound' depends on axioms: [propext,
 Classical.choice,
 Quot.sound]
'MolecularDynamics.textbookLangevinPeriodicGlobalRandomPhase_momentum_Brownian_remainder_secondMoment_div_time_tendsto_zero' depends on axioms: [propext,
 Classical.choice,
 Quot.sound]
'MolecularDynamics.textbookLangevinPeriodicGlobalRandomPhase_momentum_increment_coordinate_memLp' depends on axioms: [propext,
 Classical.choice,
 Quot.sound]
'MolecularDynamics.textbookLangevinPeriodicGlobalRandomPhase_momentum_increment_second_product_integrable' depends on axioms: [propext,
 Classical.choice,
 Quot.sound]
'MolecularDynamics.textbookLangevinPeriodicGlobalRandomPhase_momentum_increment_second_product_div_time_tendsto' depends on axioms: [propext,
 Classical.choice,
 Quot.sound]
'MolecularDynamics.textbookLangevinPeriodicGlobalRandomPhase_momentum_increment_physical_second_product_div_time_tendsto' depends on axioms: [propext,
 Classical.choice,
 Quot.sound]
'MolecularDynamics.textbookLangevinDampedNoise_coordinate_Brownian_remainder_mean_div_time_tendsto_zero' depends on axioms: [propext,
 Classical.choice,
 Quot.sound]
'MolecularDynamics.textbookLangevinPeriodicForceConvolution' depends on axioms: [propext, Classical.choice, Quot.sound]
'MolecularDynamics.textbookLangevinPeriodicForceConvolution_aemeasurable' depends on axioms: [propext,
 Classical.choice,
 Quot.sound]
'MolecularDynamics.textbookLangevinPeriodicForceConvolution_norm_bound_ae' depends on axioms: [propext,
 Classical.choice,
 Quot.sound]
'MolecularDynamics.textbookLangevinPeriodicForceConvolution_coordinate_integrable' depends on axioms: [propext,
 Classical.choice,
 Quot.sound]
'MolecularDynamics.textbookLangevinPeriodicForceConvolution_coordinate_average_tendsto_ae' depends on axioms: [propext,
 Classical.choice,
 Quot.sound]
'MolecularDynamics.textbookLangevinPeriodicForceConvolution_coordinate_mean_div_time_tendsto' depends on axioms: [propext,
 Classical.choice,
 Quot.sound]
'MolecularDynamics.textbookLangevinPeriodicGlobalRandomPhase_momentum_increment_mean_div_time_tendsto' depends on axioms: [propext,
 Classical.choice,
 Quot.sound]
'MolecularDynamics.textbookLangevinPeriodicConfigurationLift' depends on axioms: [propext, Classical.choice, Quot.sound]
'MolecularDynamics.textbookLangevinPeriodicConfigurationLift_residual_square_bound_ae' depends on axioms: [propext,
 Classical.choice,
 Quot.sound]
'MolecularDynamics.textbookLangevinPeriodicConfigurationLift_residual_square_integrable' depends on axioms: [propext,
 Classical.choice,
 Quot.sound]
'MolecularDynamics.textbookLangevinPeriodicConfigurationLift_residual_memLp' depends on axioms: [propext,
 Classical.choice,
 Quot.sound]
'MolecularDynamics.textbookLangevinPeriodicConfigurationLift_residual_secondMoment_bound' depends on axioms: [propext,
 Classical.choice,
 Quot.sound]
'MolecularDynamics.textbookLangevinPeriodicConfigurationLift_residual_secondMoment_div_time_sq_tendsto_zero' depends on axioms: [propext,
 Classical.choice,
 Quot.sound]
'MolecularDynamics.textbookLangevinPeriodicConfigurationLift_increment_coordinate_memLp' depends on axioms: [propext,
 Classical.choice,
 Quot.sound]
'MolecularDynamics.textbookLangevinPeriodicConfigurationLift_increment_mean_div_time_tendsto' depends on axioms: [propext,
 Classical.choice,
 Quot.sound]
'MolecularDynamics.textbookLangevinPeriodicConfigurationLift_increment_secondMoment_div_time_tendsto_zero' depends on axioms: [propext,
 Classical.choice,
 Quot.sound]
'MolecularDynamics.textbookLangevinPeriodicConfigurationLift_increment_second_product_integrable' depends on axioms: [propext,
 Classical.choice,
 Quot.sound]
'MolecularDynamics.textbookLangevinPeriodicConfigurationLift_increment_second_product_div_time_tendsto_zero' depends on axioms: [propext,
 Classical.choice,
 Quot.sound]
'MolecularDynamics.textbookLangevinPeriodicConfigurationLift_momentum_increment_product_integrable' depends on axioms: [propext,
 Classical.choice,
 Quot.sound]
'MolecularDynamics.textbookLangevinPeriodicConfigurationLift_momentum_increment_product_div_time_tendsto_zero' depends on axioms: [propext,
 Classical.choice,
 Quot.sound]
'MolecularDynamics.textbookWienerVector_coordinate_fourth_moment' depends on axioms: [propext,
 Classical.choice,
 Quot.sound]
'MolecularDynamics.textbookWienerVector_coordinate_unit_time_energy_square_integrable' depends on axioms: [propext,
 Classical.choice,
 Quot.sound]
'MolecularDynamics.textbookLangevinPeriodicGlobalRandomPhase_momentum_increment_fourth_integrable' depends on axioms: [propext,
 Classical.choice,
 Quot.sound]
'MolecularDynamics.textbookLangevinPeriodicConfigurationLift_increment_fourth_integrable' depends on axioms: [propext,
 Classical.choice,
 Quot.sound]
'MolecularDynamics.textbookLangevinPeriodicRealIncrements_coordinate_fourth_moment_bound' depends on axioms: [propext,
 Classical.choice,
 Quot.sound]
'MolecularDynamics.textbookLangevinPeriodicGlobalRandomPhase_momentum_increment_fourth_div_time_tendsto_zero' depends on axioms: [propext,
 Classical.choice,
 Quot.sound]
'MolecularDynamics.textbookLangevinPeriodicConfigurationLift_increment_fourth_div_time_tendsto_zero' depends on axioms: [propext,
 Classical.choice,
 Quot.sound]
'MolecularDynamics.textbookLangevinPeriodicRealPhaseIncrement' depends on axioms: [propext,
 Classical.choice,
 Quot.sound]
'MolecularDynamics.textbookLangevinPeriodicRealPhaseIncrement_norm_fourth_integrable' depends on axioms: [propext,
 Classical.choice,
 Quot.sound]
'MolecularDynamics.textbookLangevinPeriodicRealPhaseIncrement_norm_fourth_moment_bound' depends on axioms: [propext,
 Classical.choice,
 Quot.sound]
'MolecularDynamics.textbookLangevinPeriodicRealPhaseIncrement_norm_fourth_div_time_tendsto_zero' depends on axioms: [propext,
 Classical.choice,
 Quot.sound]
'MolecularDynamics.textbookLangevinPeriodicConfigurationLift_increment_norm_square_integrable' depends on axioms: [propext,
 Classical.choice,
 Quot.sound]
'MolecularDynamics.textbookLangevinPeriodicConfigurationLift_increment_norm_square_div_time_tendsto_zero' depends on axioms: [propext,
 Classical.choice,
 Quot.sound]
'MolecularDynamics.textbookLangevinPeriodicPotentialFirstRemainder' depends on axioms: [propext,
 Classical.choice,
 Quot.sound]
'MolecularDynamics.textbookLangevinPeriodicPotentialFirstRemainder_integrable' depends on axioms: [propext,
 Classical.choice,
 Quot.sound]
'MolecularDynamics.textbookLangevinPeriodicPotentialFirstRemainder_mean_div_time_tendsto_zero' depends on axioms: [propext,
 Classical.choice,
 Quot.sound]
'MolecularDynamics.textbookLangevinPeriodicConfigurationLift_potential_increment_mean_div_time_tendsto' depends on axioms: [propext,
 Classical.choice,
 Quot.sound]
'MolecularDynamics.textbookLangevinPeriodicGlobalRandomPhase_kinetic_coordinate_increment_mean_div_time_tendsto' depends on axioms: [propext,
 Classical.choice,
 Quot.sound]
'MolecularDynamics.textbookLangevinPeriodicGlobalRandomPhase_hamiltonian_increment_integrable' depends on axioms: [propext,
 Classical.choice,
 Quot.sound]
'MolecularDynamics.textbookLangevinPeriodicGlobalRandomPhase_hamiltonian_increment_mean_div_time_tendsto' depends on axioms: [propext,
 Classical.choice,
 Quot.sound]
'MolecularDynamics.textbookLangevinPeriodicGlobalRandomPhase_hamiltonian_actual_differentialOperator_limit' depends on axioms: [propext,
 Classical.choice,
 Quot.sound]
'MolecularDynamics.textbookLangevinPeriodicGlobalRandomPhase_hamiltonian_physical_increment_mean_div_time_tendsto' depends on axioms: [propext,
 Classical.choice,
 Quot.sound]
'MolecularDynamics.textbookWienerVector_coordinate_even_norm_moment_time_scaling' depends on axioms: [propext,
 Classical.choice,
 Quot.sound]
'MolecularDynamics.textbookWienerVector_coordinate_unit_time_energy_power_integrable' depends on axioms: [propext,
 Classical.choice,
 Quot.sound]
'MolecularDynamics.textbookLangevinPeriodicRealIncrements_coordinate_even_norm_power_integrable' depends on axioms: [propext,
 Classical.choice,
 Quot.sound]
'MolecularDynamics.textbookLangevinPeriodicRealIncrements_coordinate_even_norm_moment_bound' depends on axioms: [propext,
 Classical.choice,
 Quot.sound]
'MolecularDynamics.textbookLangevinPeriodicGlobalRandomPhase_momentum_increment_even_norm_div_time_tendsto_zero' depends on axioms: [propext,
 Classical.choice,
 Quot.sound]
'MolecularDynamics.textbookLangevinPeriodicConfigurationLift_increment_even_norm_div_time_tendsto_zero' depends on axioms: [propext,
 Classical.choice,
 Quot.sound]
'MolecularDynamics.textbookLangevinPeriodicRealPhaseIncrement_norm_even_integrable' depends on axioms: [propext,
 Classical.choice,
 Quot.sound]
'MolecularDynamics.textbookLangevinPeriodicRealPhaseIncrement_norm_even_moment_bound' depends on axioms: [propext,
 Classical.choice,
 Quot.sound]
'MolecularDynamics.textbookLangevinPeriodicRealPhaseIncrement_norm_even_div_time_tendsto_zero' depends on axioms: [propext,
 Classical.choice,
 Quot.sound]
'MolecularDynamics.textbookLangevinPeriodicRealPhaseIncrement_norm_integer_power_integrable' depends on axioms: [propext,
 Classical.choice,
 Quot.sound]
'MolecularDynamics.textbookLangevinPeriodicRealPhaseIncrement_third_norm_moment_square_bound' depends on axioms: [propext,
 Classical.choice,
 Quot.sound]
'MolecularDynamics.textbookLangevinPeriodicRealPhaseIncrement_norm_third_div_time_tendsto_zero' depends on axioms: [propext,
 Classical.choice,
 Quot.sound]
'MolecularDynamics.textbookLangevinPeriodicRealPhaseIncrement_norm_integer_div_time_tendsto_zero' depends on axioms: [propext,
 Classical.choice,
 Quot.sound]
'MolecularDynamics.textbookLangevinPeriodicHamiltonianIncrement' depends on axioms: [propext,
 Classical.choice,
 Quot.sound]
'MolecularDynamics.textbookLangevinPeriodicHamiltonianIncrement_norm_growth_bound' depends on axioms: [propext,
 Classical.choice,
 Quot.sound]
'MolecularDynamics.textbookLangevinPeriodicHamiltonianIncrement_norm_integer_power_integrable' depends on axioms: [propext,
 Classical.choice,
 Quot.sound]
'MolecularDynamics.textbookLangevinPeriodicHamiltonianIncrement_norm_integer_div_time_tendsto_zero' depends on axioms: [propext,
 Classical.choice,
 Quot.sound]
'MolecularDynamics.textbookLangevinPeriodicHamiltonianIncrement_integer_power_integrable' depends on axioms: [propext,
 Classical.choice,
 Quot.sound]
'MolecularDynamics.textbookLangevinPeriodicHamiltonianIncrement_integer_div_time_tendsto_zero' depends on axioms: [propext,
 Classical.choice,
 Quot.sound]
'MolecularDynamics.textbookLangevinPeriodicMomentumLinearIncrement' depends on axioms: [propext,
 Classical.choice,
 Quot.sound]
'MolecularDynamics.textbookLangevinPeriodicHamiltonianIncrementResidual' depends on axioms: [propext,
 Classical.choice,
 Quot.sound]
'MolecularDynamics.textbookLangevinPeriodicMomentumLinearIncrement_memLp' depends on axioms: [propext,
 Classical.choice,
 Quot.sound]
'MolecularDynamics.textbookLangevinPeriodicMomentumLinearIncrement_second_moment_div_time_tendsto' depends on axioms: [propext,
 Classical.choice,
 Quot.sound]
'MolecularDynamics.textbookLangevinPeriodicHamiltonianIncrementResidual_square_bound' depends on axioms: [propext,
 Classical.choice,
 Quot.sound]
'MolecularDynamics.textbookLangevinPeriodicHamiltonianIncrementResidual_memLp' depends on axioms: [propext,
 Classical.choice,
 Quot.sound]
'MolecularDynamics.textbookLangevinPeriodicHamiltonianIncrementResidual_square_div_time_tendsto_zero' depends on axioms: [propext,
 Classical.choice,
 Quot.sound]
'MolecularDynamics.textbookLangevinPeriodicHamiltonianIncrement_second_moment_div_time_tendsto' depends on axioms: [propext,
 Classical.choice,
 Quot.sound]
'MolecularDynamics.textbookLangevinPeriodicHamiltonianIncrement_physical_second_moment_div_time_tendsto' depends on axioms: [propext,
 Classical.choice,
 Quot.sound]
'MolecularDynamics.textbookLangevinPeriodicGlobalRandomPhase_hamiltonian_power_increment_binomial' depends on axioms: [propext,
 Classical.choice,
 Quot.sound]
'MolecularDynamics.textbookLangevinPeriodicGlobalRandomPhase_hamiltonian_power_increment_integrable' depends on axioms: [propext,
 Classical.choice,
 Quot.sound]
'MolecularDynamics.textbookLangevinPeriodicGlobalRandomPhase_hamiltonian_power_increment_mean_div_time_tendsto' depends on axioms: [propext,
 Classical.choice,
 Quot.sound]
'MolecularDynamics.textbookLangevinPeriodicGlobalRandomPhase_hamiltonian_power_actual_differentialOperator_limit' depends on axioms: [propext,
 Classical.choice,
 Quot.sound]
'MolecularDynamics.textbookLangevinPeriodicGlobalRandomPhase_hamiltonian_power_physical_increment_mean_div_time_tendsto' depends on axioms: [propext,
 Classical.choice,
 Quot.sound]
'MolecularDynamics.textbookLangevinPeriodicGlobalRandomPhase_hamiltonian_power_actual_infinitesimal_lyapunov' depends on axioms: [propext,
 Classical.choice,
 Quot.sound]
'MolecularDynamics.textbookLangevinPeriodicGlobalRandomPhase_hamiltonian_power_local_integrable' depends on axioms: [propext,
 Classical.choice,
 Quot.sound]
'MolecularDynamics.textbookLangevinPeriodicTransitionKernel_hamiltonian_power_local_integrable' depends on axioms: [propext,
 Classical.choice,
 Quot.sound]
'MolecularDynamics.textbookLangevinPeriodicTransitionKernel_hamiltonian_power_actual_increment_expectation' depends on axioms: [propext,
 Classical.choice,
 Quot.sound]
'MolecularDynamics.textbookLangevinPeriodicTransitionKernel_hamiltonian_power_actual_differentialOperator_limit' depends on axioms: [propext,
 Classical.choice,
 Quot.sound]
'MolecularDynamics.textbookLangevinPeriodicTransitionKernel_hamiltonian_power_physical_increment_mean_div_time_tendsto' depends on axioms: [propext,
 Classical.choice,
 Quot.sound]
'MolecularDynamics.textbookLangevinPeriodicTransitionKernel_hamiltonian_power_actual_infinitesimal_lyapunov' depends on axioms: [propext,
 Classical.choice,
 Quot.sound]
'MolecularDynamics.textbookLangevinC2ObservableTaylorRemainder' depends on axioms: [propext,
 Classical.choice,
 Quot.sound]
'MolecularDynamics.textbookLangevinC2ObservableTaylorRemainder_eq_integral' depends on axioms: [propext,
 Classical.choice,
 Quot.sound]
'MolecularDynamics.textbookLangevinC2ObservableTaylorRemainder_quadratic_bound' depends on axioms: [propext,
 Classical.choice,
 Quot.sound]
'MolecularDynamics.textbookLangevinC2ObservableTaylorRemainder_quartic_pointwise_bound' depends on axioms: [propext,
 Classical.choice,
 Quot.sound]
'MolecularDynamics.textbookLangevinPeriodicC2ObservableTaylorRemainder' depends on axioms: [propext,
 Classical.choice,
 Quot.sound]
'MolecularDynamics.textbookLangevinPeriodicC2ObservableTaylorRemainder_integrable' depends on axioms: [propext,
 Classical.choice,
 Quot.sound]
'MolecularDynamics.textbookLangevinPeriodicC2ObservableTaylorRemainder_norm_div_time_tendsto_zero' depends on axioms: [propext,
 Classical.choice,
 Quot.sound]
'MolecularDynamics.textbookLangevinPeriodicC2ObservableTaylorRemainder_mean_div_time_tendsto_zero' depends on axioms: [propext,
 Classical.choice,
 Quot.sound]
'MolecularDynamics.textbookLangevinPeriodicRealPhaseIncrement_linear_mean_div_time_tendsto' depends on axioms: [propext,
 Classical.choice,
 Quot.sound]
'MolecularDynamics.textbookLangevinPeriodicRealPhaseIncrement_bilinear_mean_div_time_tendsto' depends on axioms: [propext,
 Classical.choice,
 Quot.sound]
'MolecularDynamics.textbookLangevinDifferentialOperator_C2_frechet' depends on axioms: [propext,
 Classical.choice,
 Quot.sound]
'MolecularDynamics.textbookLangevinGlobalRandomPhase_C2_observable_increment_integrable' depends on axioms: [propext,
 Classical.choice,
 Quot.sound]
'MolecularDynamics.textbookLangevinGlobalRandomPhase_C2_actual_differentialOperator_limit' depends on axioms: [propext,
 Classical.choice,
 Quot.sound]
'MolecularDynamics.textbookLangevinPeriodicGlobalRandomPhase_C2_observable_local_integrable' depends on axioms: [propext,
 Classical.choice,
 Quot.sound]
'MolecularDynamics.textbookLangevinPeriodicTransitionKernel_C2_observable_local_integrable' depends on axioms: [propext,
 Classical.choice,
 Quot.sound]
'MolecularDynamics.textbookLangevinPeriodicTransitionKernel_C2_observable_actual_increment_expectation' depends on axioms: [propext,
 Classical.choice,
 Quot.sound]
'MolecularDynamics.textbookLangevinPeriodicGlobalRandomPhase_C2_actual_differentialOperator_limit' depends on axioms: [propext,
 Classical.choice,
 Quot.sound]
'MolecularDynamics.textbookLangevinPeriodicTransitionKernel_C2_actual_differentialOperator_limit' depends on axioms: [propext,
 Classical.choice,
 Quot.sound]
'MolecularDynamics.textbookLangevinPeriodicCompactC2_lift_hessian_bound' depends on axioms: [propext,
 Classical.choice,
 Quot.sound]
'MolecularDynamics.textbookLangevinPeriodicTransitionKernel_compactC2_local_integrable' depends on axioms: [propext,
 Classical.choice,
 Quot.sound]
'MolecularDynamics.textbookLangevinPeriodicTransitionKernel_compactC2_actual_differentialOperator_limit' depends on axioms: [propext,
 Classical.choice,
 Quot.sound]
'MolecularDynamics.textbookLangevinPeriodicDifferentialOperator_C2_lift' depends on axioms: [propext,
 Classical.choice,
 Quot.sound]
'MolecularDynamics.textbookLangevinPeriodicDifferentialOperator_C2_continuous' depends on axioms: [propext,
 Classical.choice,
 Quot.sound]
'MolecularDynamics.textbookLangevinPeriodicDifferentialOperator_C2_tsupport_subset' depends on axioms: [propext,
 Classical.choice,
 Quot.sound]
'MolecularDynamics.textbookLangevinPeriodicDifferentialOperator_compactC2_hasCompactSupport' depends on axioms: [propext,
 Classical.choice,
 Quot.sound]
'MolecularDynamics.textbookLangevinPeriodicDifferentialOperator_compactC2_continuous_vanishing' depends on axioms: [propext,
 Classical.choice,
 Quot.sound]
'MolecularDynamics.textbookLangevinPeriodicGlobalRandomPhase_momentum_mean_square_growth_bound' depends on axioms: [propext,
 Classical.choice,
 Quot.sound]
'MolecularDynamics.textbookLangevinPeriodicConfigurationLift_mean_square_growth_bound' depends on axioms: [propext,
 Classical.choice,
 Quot.sound]
'MolecularDynamics.textbookLangevinPeriodicRealIncrements_coordinate_second_growth_bound' depends on axioms: [propext,
 Classical.choice,
 Quot.sound]
'MolecularDynamics.textbookLangevinPeriodicRealPhaseIncrement_second_growth_bound' depends on axioms: [propext,
 Classical.choice,
 Quot.sound]
'MolecularDynamics.textbookLangevinPeriodicCompactC2_lift_fderiv_bound' depends on axioms: [propext,
 Classical.choice,
 Quot.sound]
'MolecularDynamics.textbookLangevinPeriodicRealPhaseIncrement_linear_mean_growth_bound' depends on axioms: [propext,
 Classical.choice,
 Quot.sound]
'MolecularDynamics.textbookLangevinPeriodicGlobalRandomPhase_compactC2_mean_growth_bound' depends on axioms: [propext,
 Classical.choice,
 Quot.sound]
'MolecularDynamics.textbookLangevinPeriodicTransitionKernel_compactC2_quotient_growth_bound' depends on axioms: [propext,
 Classical.choice,
 Quot.sound]
'MolecularDynamics.textbookLangevinPeriodicInvariant_momentum_norm_square_integrable' depends on axioms: [propext,
 Classical.choice,
 Quot.sound]
'MolecularDynamics.textbookLangevinPeriodicTransitionKernel_compactC2_integrated_generator_limit' depends on axioms: [propext,
 Classical.choice,
 Quot.sound]
'MolecularDynamics.textbookLangevinPeriodicInvariant_compactC2_weak_generator_balance' depends on axioms: [propext,
 Classical.choice,
 Quot.sound]
'MolecularDynamics.textbookLangevinPeriodicTransitionKernel_invariant_exists_with_compactC2_weak_balance' depends on axioms: [propext,
 Classical.choice,
 Quot.sound]
'MolecularDynamics.textbookLangevinPeriodicGlobalRandomPhase_momentum_initial_bound_ae' depends on axioms: [propext,
 Classical.choice,
 Quot.sound]
'MolecularDynamics.textbookLangevinPeriodicGlobalRandomPhase_escaping_sequence_ae' depends on axioms: [propext,
 Classical.choice,
 Quot.sound]
'MolecularDynamics.textbookLangevinPeriodicTransitionExpectation_zero_at_infty' depends on axioms: [propext,
 Classical.choice,
 Quot.sound]
'MolecularDynamics.textbookLangevinPeriodicC0Transition' depends on axioms: [propext, Classical.choice, Quot.sound]
'MolecularDynamics.textbookLangevinPeriodicC0Transition_apply' depends on axioms: [propext,
 Classical.choice,
 Quot.sound]
'MolecularDynamics.textbookLangevinPeriodicC0Transition_norm_le' depends on axioms: [propext,
 Classical.choice,
 Quot.sound]
'MolecularDynamics.textbookLangevinPeriodicC0Transition_zero' depends on axioms: [propext, Classical.choice, Quot.sound]
'MolecularDynamics.textbookLangevinPeriodicC0Transition_add' depends on axioms: [propext, Classical.choice, Quot.sound]
'MolecularDynamics.textbookLangevinPeriodicProjection_uniformContinuous' depends on axioms: [propext,
 Classical.choice,
 Quot.sound]
'MolecularDynamics.textbookLangevinDampedNoise_norm_second_small_time_bound' depends on axioms: [propext,
 Classical.choice,
 Quot.sound]
'MolecularDynamics.textbookLangevinPeriodicC0Transition_small_time_norm_bound' depends on axioms: [propext,
 Classical.choice,
 Quot.sound]
'MolecularDynamics.textbookLangevinPeriodicC0Transition_strong_continuous_zero' depends on axioms: [propext,
 Classical.choice,
 Quot.sound]
'MolecularDynamics.textbookLangevinPeriodicC0Transition_strong_continuous' depends on axioms: [propext,
 Classical.choice,
 Quot.sound]
'MolecularDynamics.textbookLangevinPeriodicC0GeneratorGraph' depends on axioms: [propext, Classical.choice, Quot.sound]
'MolecularDynamics.textbookLangevinPeriodicC0GeneratorGraph_unique' depends on axioms: [propext,
 Classical.choice,
 Quot.sound]
'MolecularDynamics.textbookLangevinPeriodicC0GeneratorGraph_orbit_right_derivative' depends on axioms: [propext,
 Classical.choice,
 Quot.sound]
'MolecularDynamics.textbookLangevinPeriodicC0GeneratorGraph_integrated_iff' depends on axioms: [propext,
 Classical.choice,
 Quot.sound]
'MolecularDynamics.textbookLangevinPeriodicC0GeneratorGraph_isClosed' depends on axioms: [propext,
 Classical.choice,
 Quot.sound]
'MolecularDynamics.textbookLangevinPeriodicC0Generator' depends on axioms: [propext, Classical.choice, Quot.sound]
'MolecularDynamics.textbookLangevinPeriodicC0Generator_graph' depends on axioms: [propext, Classical.choice, Quot.sound]
'MolecularDynamics.textbookLangevinPeriodicC0Generator_isClosed' depends on axioms: [propext,
 Classical.choice,
 Quot.sound]
'MolecularDynamics.textbookLangevinPeriodicC0GeneratorGraph_time_integral' depends on axioms: [propext,
 Classical.choice,
 Quot.sound]
'MolecularDynamics.textbookLangevinPeriodicC0Generator_domain_dense' depends on axioms: [propext,
 Classical.choice,
 Quot.sound]
'MolecularDynamics.textbookLangevinPeriodicTransitionKernel_momentum_norm_square_integrable' depends on axioms: [propext,
 Classical.choice,
 Quot.sound]
'MolecularDynamics.textbookLangevinPeriodicCompactC2Observable' depends on axioms: [propext,
 Classical.choice,
 Quot.sound]
'MolecularDynamics.textbookLangevinPeriodicCompactC2DifferentialImage' depends on axioms: [propext,
 Classical.choice,
 Quot.sound]
'MolecularDynamics.textbookLangevinPeriodicC0Transition_compactC2_orbit_right_derivative' depends on axioms: [propext,
 Classical.choice,
 Quot.sound]
'MolecularDynamics.textbookLangevinPeriodicC0Transition_compactC2_integrated_identity' depends on axioms: [propext,
 Classical.choice,
 Quot.sound]
'MolecularDynamics.textbookLangevinPeriodicCompactC2_mem_generator_graph' depends on axioms: [propext,
 Classical.choice,
 Quot.sound]
'MolecularDynamics.textbookLangevinPeriodicCompactC2_mem_generator_domain' depends on axioms: [propext,
 Classical.choice,
 Quot.sound]
'MolecularDynamics.textbookLangevinPeriodicC0Generator_compactC2_apply' depends on axioms: [propext,
 Classical.choice,
 Quot.sound]
'MolecularDynamics.textbookLangevinPeriodicC0GeneratorGraph_transition' depends on axioms: [propext,
 Classical.choice,
 Quot.sound]
'MolecularDynamics.textbookLangevinPeriodicC0Generator_transition_mem_domain' depends on axioms: [propext,
 Classical.choice,
 Quot.sound]
'MolecularDynamics.textbookLangevinPeriodicC0Generator_transition_apply' depends on axioms: [propext,
 Classical.choice,
 Quot.sound]
'MolecularDynamics.textbookLangevinPeriodicC0GeneratorGraph_orbit_hasDerivAt' depends on axioms: [propext,
 Classical.choice,
 Quot.sound]
'MolecularDynamics.textbookLangevinPeriodicC0Generator_orbit_hasDerivAt' depends on axioms: [propext,
 Classical.choice,
 Quot.sound]
'MolecularDynamics.textbookLangevinPeriodicCompactC2_transition_mem_generator_domain' depends on axioms: [propext,
 Classical.choice,
 Quot.sound]
'MolecularDynamics.textbookLangevinPeriodicC0Generator_compactC2_transition_apply' depends on axioms: [propext,
 Classical.choice,
 Quot.sound]
'MolecularDynamics.textbookLangevinPeriodicC0Transition_compactC2_orbit_hasDerivAt' depends on axioms: [propext,
 Classical.choice,
 Quot.sound]
'MolecularDynamics.textbookLangevinPeriodicC0GeneratorGraph_zero_iff_stationary' depends on axioms: [propext,
 Classical.choice,
 Quot.sound]
'MolecularDynamics.textbookLangevinPeriodicC0Generator_zero_iff_stationary' depends on axioms: [propext,
 Classical.choice,
 Quot.sound]
'MolecularDynamics.textbookLangevinPeriodicC0Transition_fixed_is_constant' depends on axioms: [propext,
 Classical.choice,
 Quot.sound]
'MolecularDynamics.textbookLangevinPeriodicC0Generator_zero_is_constant' depends on axioms: [propext,
 Classical.choice,
 Quot.sound]
'MolecularDynamics.textbookLangevinPeriodicDifferentialOperator_compactC2_zero_is_constant' depends on axioms: [propext,
 Classical.choice,
 Quot.sound]
'MolecularDynamics.textbookLangevinPhaseDivergence' depends on axioms: [propext, Classical.choice, Quot.sound]
'MolecularDynamics.textbookLangevinDrift_divergence' depends on axioms: [propext, Classical.choice, Quot.sound]
'MolecularDynamics.textbookLangevinForwardDifferentialOperator' depends on axioms: [propext,
 Classical.choice,
 Quot.sound]
'MolecularDynamics.textbookLangevinGibbsWeight' depends on axioms: [propext, Classical.choice, Quot.sound]
'MolecularDynamics.textbookLangevinGibbsWeight_contDiff' depends on axioms: [propext, Classical.choice, Quot.sound]
'MolecularDynamics.textbookLangevinGibbsWeight_momentum_hasDerivAt' depends on axioms: [propext,
 Classical.choice,
 Quot.sound]
'MolecularDynamics.textbookLangevinGibbsWeight_momentum_second' depends on axioms: [propext,
 Classical.choice,
 Quot.sound]
'MolecularDynamics.textbookLangevinGibbsWeight_drift_hasDerivAt' depends on axioms: [propext,
 Classical.choice,
 Quot.sound]
'MolecularDynamics.textbookLangevinForwardDifferentialOperator_gibbs_eq_zero' depends on axioms: [propext,
 Classical.choice,
 Quot.sound]
'MolecularDynamics.textbookLangevinForwardDifferentialOperator_physical_gibbs_eq_zero' depends on axioms: [propext,
 Classical.choice,
 Quot.sound]
'MolecularDynamics.textbookLangevinPeriodicGibbsWeight' depends on axioms: [propext, Classical.choice, Quot.sound]
'MolecularDynamics.textbookLangevinPeriodicGibbsWeight_lift' depends on axioms: [propext, Classical.choice, Quot.sound]
'MolecularDynamics.textbookLangevinCanonicalMomentumMeasure' depends on axioms: [propext, Classical.choice, Quot.sound]
'MolecularDynamics.textbookLangevinCanonicalMomentumMeasure_isProbabilityMeasure' depends on axioms: [propext,
 Classical.choice,
 Quot.sound]
'MolecularDynamics.textbookLangevinCanonicalMomentumMeasure_memLp_two' depends on axioms: [propext,
 Classical.choice,
 Quot.sound]
'MolecularDynamics.textbookLangevinCanonicalMomentumMeasure_withDensity' depends on axioms: [propext,
 Classical.choice,
 Quot.sound]
'MolecularDynamics.textbookLangevinCanonicalMomentumMeasure_pdf_product' depends on axioms: [propext,
 Classical.choice,
 Quot.sound]
'MolecularDynamics.textbookLangevinCanonicalMeasure' depends on axioms: [propext, Classical.choice, Quot.sound]
'MolecularDynamics.textbookLangevinCanonicalMeasure_isProbabilityMeasure' depends on axioms: [propext,
 Classical.choice,
 Quot.sound]
'MolecularDynamics.textbookLangevinCanonicalProbability' depends on axioms: [propext, Classical.choice, Quot.sound]
'MolecularDynamics.textbookLangevinCanonicalDensity' depends on axioms: [propext, Classical.choice, Quot.sound]
'MolecularDynamics.textbookLangevinCanonicalDensity_pos' depends on axioms: [propext, Classical.choice, Quot.sound]
'MolecularDynamics.textbookLangevinCanonicalMeasure_withDensity' depends on axioms: [propext,
 Classical.choice,
 Quot.sound]
'MolecularDynamics.textbookLangevinCanonicalMeasure_momentum_norm_square_integrable' depends on axioms: [propext,
 Classical.choice,
 Quot.sound]
'MolecularDynamics.textbookLangevinCanonicalDensity_integrable' depends on axioms: [propext,
 Classical.choice,
 Quot.sound]
'MolecularDynamics.textbookLangevinCanonicalDensity_integral_one' depends on axioms: [propext,
 Classical.choice,
 Quot.sound]
'MolecularDynamics.textbookLangevinCanonicalPartition' depends on axioms: [propext, Classical.choice, Quot.sound]
'MolecularDynamics.textbookLangevinPeriodicGibbsWeight_integrable' depends on axioms: [propext,
 Classical.choice,
 Quot.sound]
'MolecularDynamics.textbookLangevinCanonicalPartition_formula' depends on axioms: [propext,
 Classical.choice,
 Quot.sound]
'MolecularDynamics.textbookLangevinCanonicalPartition_pos' depends on axioms: [propext, Classical.choice, Quot.sound]
'MolecularDynamics.textbookLangevinCanonicalDensity_partition' depends on axioms: [propext,
 Classical.choice,
 Quot.sound]
'MolecularDynamics.textbookLangevinCanonicalDensityReal' depends on axioms: [propext, Classical.choice, Quot.sound]
'MolecularDynamics.textbookLangevinCanonicalDensityReal_contDiff' depends on axioms: [propext,
 Classical.choice,
 Quot.sound]
'MolecularDynamics.textbookLangevinCanonicalDensity_lift' depends on axioms: [propext, Classical.choice, Quot.sound]
'MolecularDynamics.textbookLangevinForwardDifferentialOperator_const_mul' depends on axioms: [propext,
 Classical.choice,
 Quot.sound]
'MolecularDynamics.textbookLangevinForwardDifferentialOperator_canonical_eq_zero' depends on axioms: [propext,
 Classical.choice,
 Quot.sound]
'MolecularDynamics.textbookLangevinForwardDifferentialOperator_physical_canonical_eq_zero' depends on axioms: [propext,
 Classical.choice,
 Quot.sound]
'MolecularDynamics.textbookLangevinCanonicalMomentumDensity' depends on axioms: [propext, Classical.choice, Quot.sound]
'MolecularDynamics.textbookLangevinCanonicalMomentumDensity_contDiff' depends on axioms: [propext,
 Classical.choice,
 Quot.sound]
'MolecularDynamics.textbookLangevinCanonicalMomentumDensity_withDensity' depends on axioms: [propext,
 Classical.choice,
 Quot.sound]
'MolecularDynamics.textbookLangevinCanonicalMomentumDensity_integral' depends on axioms: [propext,
 Classical.choice,
 Quot.sound]
'MolecularDynamics.textbookLangevinCanonicalMomentumDensity_fderiv' depends on axioms: [propext,
 Classical.choice,
 Quot.sound]
'MolecularDynamics.textbookLangevinCanonicalMomentumMeasure_integrationByParts' depends on axioms: [propext,
 Classical.choice,
 Quot.sound]
'MolecularDynamics.textbookLangevinMomentumOrnsteinUhlenbeckOperator' depends on axioms: [propext,
 Classical.choice,
 Quot.sound]
'MolecularDynamics.textbookLangevinCanonicalMomentumMeasure_ou_weak_balance' depends on axioms: [propext,
 Classical.choice,
 Quot.sound]
'MolecularDynamics.textbookConfigurationCube_partial_integral_eq_zero' depends on axioms: [propext,
 Classical.choice,
 Quot.sound]
'MolecularDynamics.textbookConfigurationCube_gibbs_integrationByParts' depends on axioms: [propext,
 Classical.choice,
 Quot.sound]
'MolecularDynamics.textbookConfigurationTorusGibbsMeasure_integrationByParts' depends on axioms: [propext,
 Classical.choice,
 Quot.sound]
'MolecularDynamics.textbookLangevinPeriodicDirectionalDerivative' depends on axioms: [propext,
 Classical.choice,
 Quot.sound]
'MolecularDynamics.textbookLangevinPeriodicDirectionalDerivative_lift' depends on axioms: [propext,
 Classical.choice,
 Quot.sound]
'MolecularDynamics.textbookLangevinPeriodicDirectionalDerivative_lift_contDiff' depends on axioms: [propext,
 Classical.choice,
 Quot.sound]
'MolecularDynamics.textbookLangevinPeriodicDirectionalDerivative_continuous' depends on axioms: [propext,
 Classical.choice,
 Quot.sound]
'MolecularDynamics.textbookLangevinPeriodicDirectionalDerivative_tsupport_subset' depends on axioms: [propext,
 Classical.choice,
 Quot.sound]
'MolecularDynamics.textbookLangevinPeriodicDirectionalDerivative_hasCompactSupport' depends on axioms: [propext,
 Classical.choice,
 Quot.sound]
'MolecularDynamics.textbookLangevinCanonicalMeasure_position_integrationByParts' depends on axioms: [propext,
 Classical.choice,
 Quot.sound]
'MolecularDynamics.textbookLangevinCanonicalMeasure_momentum_integrationByParts' depends on axioms: [propext,
 Classical.choice,
 Quot.sound]
'MolecularDynamics.textbookLangevinCanonicalMeasure_ou_weak_balance' depends on axioms: [propext,
 Classical.choice,
 Quot.sound]
'MolecularDynamics.textbookLangevinPeriodicDifferentialOperator_canonical_split' depends on axioms: [propext,
 Classical.choice,
 Quot.sound]
'MolecularDynamics.textbookLangevinCanonicalMeasure_weak_balance' depends on axioms: [propext,
 Classical.choice,
 Quot.sound]
'MolecularDynamics.textbookLangevinCanonicalMeasure_physical_weak_balance' depends on axioms: [propext,
 Classical.choice,
 Quot.sound]
'MolecularDynamics.textbookLangevinCanonicalMeasure_C0_generator_weak_balance' depends on axioms: [propext,
 Classical.choice,
 Quot.sound]
'MolecularDynamics.textbookLangevinPeriodicDirectionalDerivative_mul' depends on axioms: [propext,
 Classical.choice,
 Quot.sound]
'MolecularDynamics.textbookLangevinPeriodicMomentumGradientSquare' depends on axioms: [propext,
 Classical.choice,
 Quot.sound]
'MolecularDynamics.textbookLangevinPeriodicDifferentialOperator_product' depends on axioms: [propext,
 Classical.choice,
 Quot.sound]
'MolecularDynamics.textbookLangevinCanonicalMeasure_bilinear_energy' depends on axioms: [propext,
 Classical.choice,
 Quot.sound]
'MolecularDynamics.textbookLangevinCanonicalMeasure_energy' depends on axioms: [propext, Classical.choice, Quot.sound]
'MolecularDynamics.textbookLangevinCanonicalMeasure_physical_energy' depends on axioms: [propext,
 Classical.choice,
 Quot.sound]
'MolecularDynamics.textbookLangevinCanonicalMeasure_zero_mode_momentum_gradient_ae' depends on axioms: [propext,
 Classical.choice,
 Quot.sound]
'MolecularDynamics.textbookLangevinCanonicalMeasure_C0_generator_energy' depends on axioms: [propext,
 Classical.choice,
 Quot.sound]
'MolecularDynamics.textbookLangevinCanonicalDensity_continuous' depends on axioms: [propext,
 Classical.choice,
 Quot.sound]
'MolecularDynamics.textbookLangevinCanonicalMeasure_isOpenPosMeasure' depends on axioms: [propext,
 Classical.choice,
 Quot.sound]
'MolecularDynamics.textbookLangevinCanonicalMeasure_momentum_gradient_ae_zero_pointwise' depends on axioms: [propext,
 Classical.choice,
 Quot.sound]
'MolecularDynamics.textbookLangevinCanonicalMeasure_momentum_gradient_ae_zero_independent' depends on axioms: [propext,
 Classical.choice,
 Quot.sound]
'MolecularDynamics.textbookLangevinCanonicalMeasure_unweighted_momentum_integrationByParts' depends on axioms: [propext,
 Classical.choice,
 Quot.sound]
'MolecularDynamics.textbookLangevinPeriodicHamiltonianTransportExpression' depends on axioms: [propext,
 Classical.choice,
 Quot.sound]
'MolecularDynamics.textbookLangevinPeriodicMomentumOUExpression' depends on axioms: [propext,
 Classical.choice,
 Quot.sound]
'MolecularDynamics.textbookLangevinCanonicalWeightedFormalAdjointExpression' depends on axioms: [propext,
 Classical.choice,
 Quot.sound]
'MolecularDynamics.textbookLangevinCanonicalMeasure_hamiltonian_antisymmetry' depends on axioms: [propext,
 Classical.choice,
 Quot.sound]
'MolecularDynamics.textbookLangevinCanonicalMeasure_momentum_ou_dirichlet' depends on axioms: [propext,
 Classical.choice,
 Quot.sound]
'MolecularDynamics.textbookLangevinCanonicalMeasure_momentum_ou_symmetry' depends on axioms: [propext,
 Classical.choice,
 Quot.sound]
'MolecularDynamics.textbookLangevinCanonicalMeasure_weighted_formal_adjoint' depends on axioms: [propext,
 Classical.choice,
 Quot.sound]
'MolecularDynamics.textbookLangevinCanonicalMeasure_C0_generator_weighted_formal_adjoint' depends on axioms: [propext,
 Classical.choice,
 Quot.sound]
'MolecularDynamics.textbookLangevinForwardDifferentialOperator_canonical_conjugation' depends on axioms: [propext,
 Classical.choice,
 Quot.sound]
'MolecularDynamics.textbookLangevinForwardDifferentialOperator_physical_canonical_conjugation' depends on axioms: [propext,
 Classical.choice,
 Quot.sound]
'MolecularDynamics.textbookLangevinCanonicalWeightedFormalAdjointExpression_zero_iff_forward' depends on axioms: [propext,
 Classical.choice,
 Quot.sound]